id_ingredient,singulier,pluriel,ingredient,"Energie, N x facteur Jones, avec fibres (kJ/100 g)","Protéines, N x 6.25 (g/100 g)",Lipides (g/100g),Glucides (g/100g),Sucres (g/100g),Fibres (g/100g),Sel chlorure de sodium (g/100 g),AG saturés (g/100g),Cholestérol (mg/100g),norm_ing,norm_sing,norm_plur,img_url
1,vin,vins,Vin,,"0,09",0,"3,29","1,37",0,,0,0,vin,vin,vins,https://assets.afcdn.com/recipe/20170607/67771_w150h150.webp
2,sucre,sucres,Sucre,,0,0,"99,8","99,8",0,,0,0,sucre,sucre,sucres,https://assets.afcdn.com/recipe/20251003/163127_w150h150.png
3,maïzena,maïzenas,Maïzena,,,,,,,,,,maizena,maizena,maizenas,https://assets.afcdn.com/recipe/20170607/67578_w150h150.webp
4,miel,miel,,,,,,,,,,,,miel,miel,https://assets.afcdn.com/recipe/20170607/67597_w150h150.webp
5,poivre,poivre,Poivre,1380,"13,3","7,5","39,5","0,64","25,7",,"2,9",0,poivre,poivre,poivre,https://assets.afcdn.com/recipe/20170607/67563_w150h150.webp
6,sel,sel,Sel,0,0,0,0,0,0,,,,sel,sel,sel,https://assets.afcdn.com/recipe/20170607/67687_w150h150.webp
7,clou,clous,,,,,,,,,,,,clou,clous,https://assets.afcdn.com/recipe/20170607/67585_w150h150.webp
8,magret,magrets,,,,,,,,,,,,magret,magrets,https://assets.afcdn.com/recipe/20170607/67400_w150h150.webp
9,poire,poires,Poire,,"0,49","0,27","10,9","9,01","2,9",,"0,067",0,poire,poire,poires,https://assets.afcdn.com/recipe/20170607/67498_w150h150.webp
10,sirop,sirop,Sirop,,"0,04","0,06","67,1","62,6",0,,"0,007",0,sirop,sirop,sirop,https://assets.afcdn.com/recipe/20100101/ingredient_default_w150h150.webp
11,lait,lait,Lait,200,"3,32","1,59","4,82","4,62",0,,"1,06","5,95",lait,lait,lait,https://assets.afcdn.com/recipe/20170607/67388_w150h150.webp
12,cannelle,cannelle,Cannelle,,"5,2","3,7","59,4","37,6","2,6",,"2,11","14,8",cannelle,cannelle,cannelle,https://assets.afcdn.com/recipe/20170607/67747_w150h150.webp
13,carotte,carottes,Carotte,"78,8","0,55","0,1","2,6","1,3","2,8",,"0,019",0,carotte,carotte,carottes,https://assets.afcdn.com/recipe/20170607/67370_w150h150.webp
14,oignon,oignons,Oignon,169,"1,56","< 0,3","6,73",5,"2,8",,"< 0,01",,oignon,oignon,oignons,https://assets.afcdn.com/recipe/20170607/67621_w150h150.webp
15,romarin,romarin,Romarin,1350,"4,88","15,2","21,5",,"42,6",,"7,37",0,romarin,romarin,romarin,https://assets.afcdn.com/recipe/20170607/67467_w150h150.webp
16,huile,huile,Huile,3700,"0,21","99,9",0,0,0,,"13,5",0,huile,huile,huile,https://assets.afcdn.com/recipe/20220117/127496_w150h150.png
17,beurre,beurres,Beurre,180,"1,44","0,4","7,13","6,7","2,5",,"0,15",0,beurre,beurre,beurres,https://assets.afcdn.com/recipe/20201201/115998_w150h150.webp
18,farine,farines,Farine,1490,"9,94","0,82","75,9","0,41","2,5",,"0,13",0,farine,farine,farines,https://assets.afcdn.com/recipe/20170607/67682_w150h150.webp
19,gros,gros,,,,,,,,,,,,gros,gros,https://assets.afcdn.com/recipe/20210518/120382_w150h150.png
20,épaule,épaules,épaule,698,"27,6","6,17",traces,,0,,"2,07",,epaule,epaule,epaules,https://assets.afcdn.com/recipe/20210225/118188_w150h150.png
21,bourgogne,bourgognes,Bourgogne,,,,,,,,,,bourgogne,bourgogne,bourgognes,https://assets.afcdn.com/recipe/20171227/76278_w150h150.webp
22,champignon,champignons,Champignon,"91,2","2,37","0,23","1,88","1,43","1,72",,"0,055",0,champignon,champignon,champignons,https://assets.afcdn.com/recipe/20170607/67739_w150h150.webp
23,sauge,sauge,Sauge,152,4,"< 0,5","0,97","0,3",7,,"< 0,01",0,sauge,sauge,sauge,https://assets.afcdn.com/recipe/20170607/67354_w150h150.webp
24,bouquet,bouquets,,,,,,,,,,,,bouquet,bouquets,https://assets.afcdn.com/recipe/20170607/67407_w150h150.webp
25,marc,marc,Marc,,,,,,,,,,marc,marc,marc,https://assets.afcdn.com/recipe/20100101/ingredient_default_w150h150.webp
26,quatre-épices,quatre-épices,Quatre-épices,1460,"6,09","8,69","50,5",,"21,6",,"2,55",0,quatre-epices,quatre-epices,quatre-epices,https://assets.afcdn.com/recipe/20170607/67508_w150h150.webp
27,foie,foies,Foie,695,"26,3","5,71","2,2",0,0,,"1,69",204,foie,foie,foies,https://assets.afcdn.com/recipe/20170607/67649_w150h150.webp
28,papriker,paprikers,,,,,,,,,,,,papriker,paprikers,
29,Sauternes,Sauternes,Sauternes,,,,,,,,,,sauternes,sauternes,sauternes,https://assets.afcdn.com/recipe/20100101/ingredient_default_w150h150.webp
30,poivron,poivrons,Poivron,150,1,"0,6","5,33","4,9","2,2",,"0,19",,poivron,poivron,poivrons,https://assets.afcdn.com/recipe/20170607/67754_w150h150.webp
31,coriandre,coriandre,Coriandre,"92,6","2,13","0,52","0,87","0,87","2,8",,"0,014",0,coriandre,coriandre,coriandre,https://assets.afcdn.com/recipe/20170607/67770_w150h150.webp
32,cumin,cumin,Cumin,1780,"17,8","22,3","33,7","2,25","10,5",,"1,54",0,cumin,cumin,cumin,https://assets.afcdn.com/recipe/20170607/67483_w150h150.webp
33,blanc de poulet,blancs de poulet,,,,,,,,,,,,blanc de poulet,blancs de poulet,https://assets.afcdn.com/recipe/20180315/77988_w150h150.webp
34,sucre,sucres,Sucre,,0,0,"99,8","99,8",0,,0,0,sucre,sucre,sucres,
35,citron,citrons,Citron,170,"1,13","< 0,3","3,14","2,1","4,3",,"< 0,01",0,citron,citron,citrons,https://assets.afcdn.com/recipe/20170607/67457_w150h150.webp
36,ail,ails,Ail,1460,"16,7","0,77","62,8","2,43","9,45",,"0,2",0,ail,ail,ails,https://assets.afcdn.com/recipe/20170607/67514_w150h150.webp
37,sauce,sauces,,,,,,,,,,,,sauce,sauces,https://assets.afcdn.com/recipe/20170607/67466_w150h150.webp
38,bouillon,bouillons,Bouillon,832,"10,8","3,1","30,9","2,2",0,,"1,08","12,8",bouillon,bouillon,bouillons,https://assets.afcdn.com/recipe/20250513/160251_w150h150.png
39,crème,crèmes,Crème,319,"3,19","4,3","5,28","4,44",< 3,,"2,88",30,creme,creme,cremes,https://assets.afcdn.com/recipe/20170607/67763_w150h150.webp
40,beurre,beurres,Beurre,180,"1,44","0,4","7,13","6,7","2,5",,"0,15",0,beurre,beurre,beurres,
41,blanquette,blanquettes,,,,,,,,,,,,blanquette,blanquettes,https://assets.afcdn.com/recipe/20171201/75710_w150h150.webp
42,jaune,jaunes,,,,,,,,,,,,jaune,jaunes,https://assets.afcdn.com/recipe/20171128/75634_w150h150.webp
43,jus,jus,,,,,,,,,,,,jus,jus,https://assets.afcdn.com/recipe/20170621/69080_w150h150.webp
44,tomate,tomates,Tomate,"84,3","0,5","< 0,5","3,03","2,6","1,5",,"< 0,01",,tomate,tomate,tomates,https://assets.afcdn.com/recipe/20170607/67606_w150h150.webp
45,feuille,feuilles,,,,,,,,,,,,feuille,feuilles,https://assets.afcdn.com/recipe/20170621/68932_w150h150.webp
46,poulet,poulets,Poulet,785,"24,8","9,52","0,7",0,0,,,133,poulet,poulet,poulets,https://assets.afcdn.com/recipe/20170607/67769_w150h150.webp
47,chevreuil,chevreuils,Chevreuil,632,"30,2","3,19",0,,0,,"1,25",112,chevreuil,chevreuil,chevreuils,https://assets.afcdn.com/recipe/20100101/ingredient_default_w150h150.webp
48,concentrer,concentrer,,,,,,,,,,,,concentrer,concentrer,
49,madère,madères,Madère,,"0,6","2,2","3,6","1,9","0,5",,"1,1",,madere,madere,maderes,https://assets.afcdn.com/recipe/20100101/ingredient_default_w150h150.webp
50,thym,thym,Thym,446,"5,56","1,68","10,5",,14,,"0,47",0,thym,thym,thym,https://assets.afcdn.com/recipe/20170607/67735_w150h150.webp
51,rôti,rôtis,,,,,,,,,,,,roti,rotis,https://assets.afcdn.com/recipe/20180213/77542_w150h150.webp
52,eau,eaux,Eau,0,0,0,0,0,0,,0,0,eau,eau,eaux,https://assets.afcdn.com/recipe/20190308/88958_w150h150.webp
53,moutarde,moutardes,Moutarde,632,"6,92","11,2","4,33","1,66",< 1,,"0,76",0,moutarde,moutarde,moutardes,https://assets.afcdn.com/recipe/20171121/75409_w150h150.webp
54,filet,filets,,,,,,,,,,,,filet,filets,https://assets.afcdn.com/recipe/20170607/67706_w150h150.webp
55,lardon,lardons,Lardons,1340,"23,8","24,5",2,,0,,"12,6","80,6",lardons,lardon,lardons,https://assets.afcdn.com/recipe/20241219/156633_w150h150.webp
56,boeuf,boeufs,Boeuf,355,"8,93","3,3","4,17","1,57","1,25",,"0,88",64,boeuf,boeuf,boeufs,https://assets.afcdn.com/recipe/20170607/67515_w150h150.webp
57,fond,fonds,Fond,,"2,08","0,43","8,09","1,89","7,54",,"0,1",,fond,fond,fonds,https://assets.afcdn.com/recipe/20100101/ingredient_default_w150h150.webp
58,vinaigre,vinaigres,,,,,,,,,,,,vinaigre,vinaigres,https://assets.afcdn.com/recipe/20170607/67452_w150h150.webp
59,paupiette,paupiettes,Paupiette,801,"14,5","13,8","2,6","0,41","0,2",,"5,45","63,3",paupiette,paupiette,paupiettes,https://assets.afcdn.com/recipe/20170607/67455_w150h150.webp
60,cuisse,cuisses,,,,,,,,,,,,cuisse,cuisses,https://assets.afcdn.com/recipe/20170621/69018_w150h150.webp
61,genièvre,genièvre,Genièvre,,,,,,,,,,genievre,genievre,genievre,https://assets.afcdn.com/recipe/20170607/67357_w150h150.webp
62,sauté,sautés,,,,,,,,,,,,saute,sautes,https://assets.afcdn.com/recipe/20210114/117256_w150h150.jpeg
63,gigot,gigots,,,,,,,,,,,,gigot,gigots,
64,graisse,graisses,,,,,,,,,,,,graisse,graisses,https://assets.afcdn.com/recipe/20171228/76348_w150h150.webp
65,côte,côtes,,,,,,,,,,,,cote,cotes,https://assets.afcdn.com/recipe/20170621/69011_w150h150.webp
66,fleur,fleurs,Fleurs,"87,3","1,6","0,46","1,6","1,59",2,,"0,097",0,fleurs,fleur,fleurs,https://assets.afcdn.com/recipe/20100101/ingredient_default_w150h150.webp
67,jarret,jarrets,,,,,,,,,,,,jarret,jarrets,https://assets.afcdn.com/recipe/20210305/118371_w150h150.webp
68,herbe,herbes,Herbes,206,"3,58","0,8","4,15","1,99","5,64",,"0,2",0,herbes,herbe,herbes,https://assets.afcdn.com/recipe/20170607/67728_w150h150.webp
69,pomme,pommes,Pomme,254,"< 0,5","< 0,5","12,8","12,3","2,9",,"< 0,01",,pomme,pomme,pommes,https://assets.afcdn.com/recipe/20170607/67419_w150h150.webp
70,gingembre,gingembre,Gingembre,1410,"8,98","4,24","58,3","3,39","14,1",,"2,6",0,gingembre,gingembre,gingembre,https://assets.afcdn.com/recipe/20170607/67668_w150h150.webp
71,curry,curry,Curry,1230,"14,5",14,"2,63","2,63","53,2",,"1,65",0,curry,curry,curry,https://assets.afcdn.com/recipe/20170607/67368_w150h150.webp
72,escalope,escalopes,Escalope,457,"20,7","2,6","0,58",0,0,,"0,6",,escalope,escalope,escalopes,https://assets.afcdn.com/recipe/20170607/67495_w150h150.webp
73,laurier,lauriers,Laurier,1480,"7,61","8,36","48,6","48,6","26,3",,"2,28",0,laurier,laurier,lauriers,https://assets.afcdn.com/recipe/20170607/67707_w150h150.webp
74,ciboulette,ciboulettes,Ciboulette,124,"2,57","0,52","2,1","1,75","3,19",,"0,15",0,ciboulette,ciboulette,ciboulettes,https://assets.afcdn.com/recipe/20170607/67695_w150h150.webp
75,langue,langues,Langue,981,"23,7","15,6",0,0,0,,"6,05",145,langue,langue,langues,https://assets.afcdn.com/recipe/20170621/69084_w150h150.webp
76,cornichon,cornichons,Cornichons,"81,9","1,06","< 0,6","0,78","0,6","1,5",,"< 0,01",0,cornichons,cornichon,cornichons,https://assets.afcdn.com/recipe/20170607/67340_w150h150.webp
77,patrell,patrells,,,,,,,,,,,,patrell,patrells,https://assets.afcdn.com/recipe/20100101/ingredient_default_w150h150.webp
78,harisser,harissers,,,,,,,,,,,,harisser,harissers,
79,échalote,échalotes,échalote,282,2,"0,4","12,3","3,8","2,9",,"0,12",,echalote,echalote,echalotes,https://assets.afcdn.com/recipe/20170607/67402_w150h150.webp
80,saucisse,saucisses,Saucisse,1170,"17,3",23,"0,88","0,65","0,29",,"9,44","78,5",saucisse,saucisse,saucisses,https://assets.afcdn.com/recipe/20250627/161108_w150h150.png
81,chou,choux,Chou,149,3,"0,8","2,03","1,6","4,3",,"0,27",,chou,chou,choux,https://assets.afcdn.com/recipe/20170607/67685_w150h150.webp
82,porc,porcs,Porc,860,"29,1","9,78","0,24",,0,,"3,52",78,porc,porc,porcs,https://assets.afcdn.com/recipe/20170607/67426_w150h150.webp
83,joue,joues,Joue,992,"39,2","8,82",traces,,0,,"3,19",,joue,joue,joues,https://assets.afcdn.com/recipe/20100101/ingredient_default_w150h150.webp
84,bière,bières,Bière,,"0,63",0,"3,2",,0,,0,0,biere,biere,bieres,https://assets.afcdn.com/recipe/20170607/67698_w150h150.webp
85,souris,souris,,,,,,,,,,,,souris,souris,
86,lentille,lentilles,Lentilles,,"9,7","0,7","16,3","0,4",6,,"0,13",,lentilles,lentille,lentilles,https://assets.afcdn.com/recipe/20170607/67559_w150h150.webp
87,piment,piment,Piment,,"1,87","0,32","7,7","5,3","1,65",,"0,031",0,piment,piment,piment,https://assets.afcdn.com/recipe/20170607/67581_w150h150.webp
88,riz,riz,Riz,612,"3,06","0,41","31,8","< 0,2","0,8",,"0,076","0,75",riz,riz,riz,https://assets.afcdn.com/recipe/20210114/117220_w150h150.webp
89,boudin,boudins,Boudin,1020,"11,3","19,4","4,02","2,6",0,,"7,2","70,1",boudin,boudin,boudins,https://assets.afcdn.com/recipe/20170607/67591_w150h150.webp
90,épice,épices,épices,1440,"12,4","10,4","37,7","2,14","25,9",,"4,84",0,epices,epice,epices,https://assets.afcdn.com/recipe/20170621/68995_w150h150.webp
91,aubergine,aubergines,Aubergine,,"1,12","0,14","2,39","2,39","2,7",,"0,034",0,aubergine,aubergine,aubergines,https://assets.afcdn.com/recipe/20170607/67479_w150h150.webp
92,courgette,courgettes,Courgette,"64,9","0,93","0,36","1,4","1,39","1,5",,"0,1",0,courgette,courgette,courgettes,https://assets.afcdn.com/recipe/20170607/67437_w150h150.webp
93,persil,persil,Persil,180,"3,71","0,63","3,48","0,95","4,3",,"0,1",0,persil,persil,persil,https://assets.afcdn.com/recipe/20170607/67650_w150h150.webp
94,tabasco,tabascos,Tabasco,,,,,,,,,,tabasco,tabasco,tabascos,https://assets.afcdn.com/recipe/20170607/67548_w150h150.webp
95,câpre,câpres,Câpres,,"2,18","0,86","3,5","0,41","3,6",,"0,23",0,capres,capre,capres,https://assets.afcdn.com/recipe/20170607/67470_w150h150.webp
96,ketchup,ketchups,Ketchup,420,"1,27","0,19","21,4","20,8","1,15",,"0,069",0,ketchup,ketchup,ketchups,https://assets.afcdn.com/recipe/20170712/70361_w150h150.webp
97,petit,petits,,,,,,,,,,,,petit,petits,https://assets.afcdn.com/recipe/20100101/ingredient_default_w150h150.webp
98,Rosbif,Rosbifs,Rosbif,494,"21,9","3,16","0,3",,0,,"0,62","18,1",rosbif,rosbif,rosbifs,https://assets.afcdn.com/recipe/20180213/77541_w150h150.webp
99,chipolata,chipolatas,Chipolata,1170,"18,8","22,4","0,8","0,4",0,,"8,27","75,2",chipolata,chipolata,chipolatas,https://assets.afcdn.com/recipe/20170621/68984_w150h150.webp
100,lard,lards,Lard,3330,"2,92","88,7",0,0,0,,"32,2",57,lard,lard,lards,https://assets.afcdn.com/recipe/20170607/67645_w150h150.webp
101,cube,cubes,,,,,,,,,,,,cube,cubes,https://assets.afcdn.com/recipe/20100101/ingredient_default_w150h150.webp
102,mélange,mélanges,,,,,,,,,,,,melange,melanges,https://assets.afcdn.com/recipe/20210119/117401_w150h150.webp
103,pois,pois,Pois,,"5,15","0,27","7,95","4,65","5,5",,"0,049",0,pois,pois,pois,https://assets.afcdn.com/recipe/20170621/69132_w150h150.webp
104,fève,fèves,Fèves,,"5,6","< 0,5","7,4",1,"5,8",,"< 0,01",,feves,feve,feves,https://assets.afcdn.com/recipe/20170607/67507_w150h150.webp
105,basilic,basilic,Basilic,145,"3,35","0,47","2,55","0,37","3,47",,"0,13",0,basilic,basilic,basilic,https://assets.afcdn.com/recipe/20170621/68938_w150h150.webp
106,paleron,palerons,Paleron,1050,"36,8","11,4","0,2",0,0,,"4,5",113,paleron,paleron,palerons,https://assets.afcdn.com/recipe/20210225/118183_w150h150.png
107,bouchée,bouchées,,,,,,,,,,,,bouchee,bouchees,https://assets.afcdn.com/recipe/20181128/84340_w150h150.webp
108,bourguignon,bourguignons,Bourguignon,,"1,25","43,9","7,85","5,23","0,52",,"3,59",32,bourguignon,bourguignon,bourguignons,https://assets.afcdn.com/recipe/20171227/76275_w150h150.webp
109,tête,têtes,,,,,,,,,,,,tete,tetes,
110,navet,navets,Navet,,"0,9","0,2","3,8","2,9","2,2",,"0,008",0,navet,navet,navets,https://assets.afcdn.com/recipe/20170607/67703_w150h150.webp
111,oeuf,oeufs,Oeuf,575,"12,5","9,47","0,71","0,37",0,,"2,99",370,oeuf,oeuf,oeufs,https://assets.afcdn.com/recipe/20220126/128066_w150h150.webp
112,cerfeuil,cerfeuil,Cerfeuil,167,"3,72","0,6","3,63","0,6","2,55",,"0,22",0,cerfeuil,cerfeuil,cerfeuil,https://assets.afcdn.com/recipe/20170607/67356_w150h150.webp
113,radis,radis,Radis,123,"0,94","< 0,3","5,52","4,3","1,2",,"< 0,01",,radis,radis,radis,https://assets.afcdn.com/recipe/20170607/67696_w150h150.webp
114,chapelure,chapelures,Chapelure,1560,"12,7","3,77",70,"6,9","4,5",,"0,94",0,chapelure,chapelure,chapelures,https://assets.afcdn.com/recipe/20170607/67436_w150h150.webp
115,parmesan,parmesan,Parmesan,1700,"30,5",31,traces,traces,0,,"20,6","95,3",parmesan,parmesan,parmesan,https://assets.afcdn.com/recipe/20170607/67737_w150h150.webp
116,roquette,roquette,Roquette,,"2,58","0,66","2,1","2,05","1,6",,"0,086",0,roquette,roquette,roquette,https://assets.afcdn.com/recipe/20170607/67399_w150h150.webp
117,cognac,cognacs,Cognac,945,0,0,1,0,0,,,0,cognac,cognac,cognacs,https://assets.afcdn.com/recipe/20170607/67612_w150h150.webp
118,coq,coq,Coq,555,13,7,4,1,"0,9",,1,65,coq,coq,coq,https://assets.afcdn.com/recipe/20100101/ingredient_default_w150h150.webp
119,poireau,poireaux,Poireau,114,"2,56","< 0,3","2,23","1,8","3,4",,"< 0,01",,poireau,poireau,poireaux,https://assets.afcdn.com/recipe/20170607/67489_w150h150.webp
120,poule,poules,Poule,523,"20,9","4,51",0,0,0,,"1,12",64,poule,poule,poules,https://assets.afcdn.com/recipe/20170621/69138_w150h150.webp
121,sanglier,sangliers,Sanglier,643,"28,3","4,38",0,0,0,,"1,3",77,sanglier,sanglier,sangliers,https://assets.afcdn.com/recipe/20100101/ingredient_default_w150h150.webp
122,steak,steaks,Steak,858,"13,4","7,1","20,8","3,97","3,1",,"0,73",,steak,steak,steaks,https://assets.afcdn.com/recipe/20170621/69170_w150h150.webp
123,emmental,emmentaux,Emmental,1560,"27,3","28,8",traces,traces,0,,"19,7",96,emmental,emmental,emmentaux,https://assets.afcdn.com/recipe/20170607/67601_w150h150.webp
124,viande,viandes,Viande,765,"27,2","8,04","0,24","0,011","0,0083",,3,"85,8",viande,viande,viandes,https://assets.afcdn.com/recipe/20170607/67611_w150h150.webp
125,salade,salades,Salade,,2,0,"2,5",0,2,,0,,salade,salade,salades,https://assets.afcdn.com/recipe/20170607/67567_w150h150.webp
126,mayonnaise,mayonnaises,Mayonnaise,,"1,36","75,2","2,62","1,03","0,32",,"7,27",70,mayonnaise,mayonnaise,mayonnaises,https://assets.afcdn.com/recipe/20170607/67759_w150h150.webp
127,pain,pains,Pain,1150,"9,01","1,61","54,4","2,74","3,84",,"0,37",,pain,pain,pains,https://assets.afcdn.com/recipe/20180116/76794_w150h150.webp
128,veau,veaux,Veau,712,29,"5,55","0,74",,"0,053",,"1,79","87,9",veau,veau,veaux,https://assets.afcdn.com/recipe/20170607/67582_w150h150.webp
129,matière,matières,,,,,,,,,,,,matiere,matieres,https://assets.afcdn.com/recipe/20100101/ingredient_default_w150h150.webp
130,double,doubles,,,,,,,,,,,,double,doubles,
131,andouillette,andouillettes,Andouillette,946,"18,8","16,3",1,"< 0,5","0,71",,"6,94",284,andouillette,andouillette,andouillettes,https://assets.afcdn.com/recipe/20210308/118440_w150h150.png
132,chorizo,chorizos,Chorizo,1970,"20,9","41,9","2,6","2,6",0,,16,111,chorizo,chorizo,chorizos,https://assets.afcdn.com/recipe/20170607/67539_w150h150.webp
133,aiguillette,aiguillettes,,,,,,,,,,,,aiguillette,aiguillettes,https://assets.afcdn.com/recipe/20210309/118455_w150h150.png
134,rognon,rognons,Rognons,678,"26,1","6,31",0,0,0,,"1,61",440,rognons,rognon,rognons,https://assets.afcdn.com/recipe/20210114/117234_w150h150.webp
135,orange,oranges,Orange,192,"0,75","< 0,5","8,03","7,6","2,7",,"< 0,01",0,orange,orange,oranges,https://assets.afcdn.com/recipe/20170607/67729_w150h150.webp
136,olive,olives,Olives,667,"1,39","16,5","0,043","0,011","4,38",,"2,35","0,88",olives,olive,olives,https://assets.afcdn.com/recipe/20170607/67688_w150h150.webp
137,coulis,coulis,Coulis,,"2,05","0,2","8,53","5,5","2,6",,"0,08",,coulis,coulis,coulis,https://assets.afcdn.com/recipe/20100101/ingredient_default_w150h150.webp
138,canard,canards,Canard,811,"23,3","11,2",0,0,0,,"3,48",119,canard,canard,canards,https://assets.afcdn.com/recipe/20170607/67450_w150h150.webp
139,liqueur,liqueurs,Liqueur,1380,"0,1","0,3","39,6","35,3",0,,"0,083",0,liqueur,liqueur,liqueurs,https://assets.afcdn.com/recipe/20170607/67446_w150h150.webp
140,dinde,dindes,Dinde,524,"28,5","1,09",0,,0,,"0,51","72,5",dinde,dinde,dindes,https://assets.afcdn.com/recipe/20170607/67734_w150h150.webp
141,travers,travers,,,,,,,,,,,,travers,travers,
142,muscade,muscade,Muscade,2080,"6,26","36,3","28,5","2,99","20,8",,"25,9",0,muscade,muscade,muscade,https://assets.afcdn.com/recipe/20170607/67662_w150h150.webp
143,céleri,céleris,Céleri,,"1,3","0,86","4,6","2,8","2,6",,,0,celeri,celeri,celeris,https://assets.afcdn.com/recipe/20170607/67731_w150h150.webp
144,yaourt,yaourts,Yaourt,,,,,,,,,,yaourt,yaourt,yaourts,https://assets.afcdn.com/recipe/20170607/67473_w150h150.webp
145,chili,chili,Chili,494,"7,13","3,35",13,"2,58","3,56",,"1,13","14,6",chili,chili,chili,https://assets.afcdn.com/recipe/20170607/67646_w150h150.webp
146,curcuma,curcuma,Curcuma,1220,"9,68","3,25","44,4","3,21","22,7",,"1,84",0,curcuma,curcuma,curcuma,https://assets.afcdn.com/recipe/20170607/67617_w150h150.webp
147,côtelette,côtelettes,,,,,,,,,,,,cotelette,cotelettes,
148,cheddar,cheddars,Cheddar,1660,"23,6","33,8",traces,0,0,,"19,5",102,cheddar,cheddar,cheddars,https://assets.afcdn.com/recipe/20170607/67544_w150h150.webp
149,échine,échines,,,,,,,,,,,,echine,echines,
150,relish,relishs,Relish,,,,,,,,,,relish,relish,relishs,https://assets.afcdn.com/recipe/20100101/ingredient_default_w150h150.webp
151,knacki,knackis,Knacki,1200,"12,7","25,9","1,46","1,09","0,27",,"9,59","64,7",knacki,knacki,knackis,https://assets.afcdn.com/recipe/20210118/117350_w150h150.webp
152,chapon,chapons,Chapon,923,29,"11,7",0,,0,,"3,26",86,chapon,chapon,chapons,https://assets.afcdn.com/recipe/20170621/68982_w150h150.webp
153,épinard,épinards,épinards,117,"3,38","0,7","< 0,85",traces,"3,5",,"0,13",,epinards,epinard,epinards,https://assets.afcdn.com/recipe/20170607/67648_w150h150.webp
154,gouda,goudas,Gouda,1560,"22,8","31,5",traces,"< 0,25",0,,"20,3",103,gouda,gouda,goudas,https://assets.afcdn.com/recipe/20170607/67762_w150h150.webp
155,bacon,bacons,Bacon,500,"23,1","2,6","0,7","< 0,2",0,,"1,02","47,2",bacon,bacon,bacons,https://assets.afcdn.com/recipe/20170607/67592_w150h150.webp
156,caille,cailles,Caille,860,"26,8","10,9",0,0,0,,"3,06",86,caille,caille,cailles,https://assets.afcdn.com/recipe/20170607/67362_w150h150.webp
157,safran,safran,Safran,1490,"11,4","5,85","61,5","42,4","3,9",,"1,59",0,safran,safran,safran,https://assets.afcdn.com/recipe/20170607/67372_w150h150.webp
158,cidre,cidres,Cidre,149,"< 0,5","< 0,6","5,34","4,96",0,,,,cidre,cidre,cidres,https://assets.afcdn.com/recipe/20170607/67600_w150h150.webp
159,porto,portos,Porto,,,,,,,,,,porto,porto,portos,https://assets.afcdn.com/recipe/20170718/70392_w150h150.webp
160,tripe,tripes,Tripes,342,"12,1","3,69",0,0,0,,"1,29",122,tripes,tripe,tripes,https://assets.afcdn.com/recipe/20210118/117323_w150h150.webp
161,pastis,pastis,Pastis,1140,0,0,"2,86",0,0,,0,0,pastis,pastis,pastis,https://assets.afcdn.com/recipe/20100101/ingredient_default_w150h150.webp
162,pâte,pâtes,Pâte,2110,"5,7","24,6","64,4","22,9","1,5",,"11,8","1,37",pate,pate,pates,https://assets.afcdn.com/recipe/20241219/156631_w150h150.webp
163,jambon,jambons,Jambon,501,"20,3","3,66","1,03","0,82","0,32",,"1,24",57,jambon,jambon,jambons,https://assets.afcdn.com/recipe/20241219/156636_w150h150.webp
164,gruyère,gruyères,Gruyère,1770,"27,9","34,6",traces,0,0,,"19,8",105,gruyere,gruyere,gruyeres,https://assets.afcdn.com/recipe/20170607/67500_w150h150.webp
165,pulpe,pulpes,,,,,,,,,,,,pulpe,pulpes,
166,raisin,raisins,Raisin,,"0,72","0,16","15,7","15,5","0,9",,"0,054",0,raisin,raisin,raisins,https://assets.afcdn.com/recipe/20170607/67608_w150h150.webp
167,truffe,truffes,Truffe,,"5,77","0,51",,"0,7","8,5",,"0,11",0,truffe,truffe,truffes,https://assets.afcdn.com/recipe/20170607/67429_w150h150.webp
168,tournedos,tournedos,Tournedos,,,,,,,,,,tournedos,tournedos,tournedos,https://assets.afcdn.com/recipe/20180207/77397_w150h150.webp
169,graine,graines,,,,,,,,,,,,graine,graines,https://assets.afcdn.com/recipe/20170621/69061_w150h150.webp
170,couenne,couennes,Couenne,572,"19,4","6,3","0,55","< 0,2",0,,,,couenne,couenne,couennes,https://assets.afcdn.com/recipe/20100101/ingredient_default_w150h150.webp
171,lapin,lapins,Lapin,697,"20,5","9,2","0,5",,0,,"3,42","75,9",lapin,lapin,lapins,https://assets.afcdn.com/recipe/20170607/67616_w150h150.webp
172,biscotte,biscottes,Biscotte,1660,"12,9","7,22","66,7","5,4","7,08",,"2,51",0,biscotte,biscotte,biscottes,https://assets.afcdn.com/recipe/20170607/67512_w150h150.webp
173,coeur,coeurs,Coeur,109,"1,8","< 0,5","2,31","1,2","3,2",,"< 0,01",,coeur,coeur,coeurs,https://assets.afcdn.com/recipe/20170621/68992_w150h150.webp
174,os,os,,,,,,,,,,,,os,os,https://assets.afcdn.com/recipe/20170621/69108_w150h150.webp
175,guignolet,guignolets,Guignolet,,,,,,,,,,guignolet,guignolet,guignolets,https://assets.afcdn.com/recipe/20100101/ingredient_default_w150h150.webp
176,macreus,macreus,,,,,,,,,,,,macreus,macreus,https://assets.afcdn.com/recipe/20100101/ingredient_default_w150h150.webp
177,bavette,bavettes,Bavette,285,"15,1","0,74",traces,0,"< 0,2",,"0,2",25,bavette,bavette,bavettes,https://assets.afcdn.com/recipe/20230111/139346_w150h150.png
178,pintade,pintades,Pintade,601,"22,8","5,75",0,0,0,,"1,55","68,5",pintade,pintade,pintades,https://assets.afcdn.com/recipe/20170607/67746_w150h150.webp
179,pied,pieds,Pieds,769,"19,1",12,traces,,0,,,,pieds,pied,pieds,https://assets.afcdn.com/recipe/20100101/ingredient_default_w150h150.webp
180,germe,germes,,,,,,,,,,,,germe,germes,https://assets.afcdn.com/recipe/20170607/67678_w150h150.webp
181,poisson,poissons,Poisson,604,"23,5","5,52",0,0,0,,"1,21","57,5",poisson,poisson,poissons,https://assets.afcdn.com/recipe/20180620/79690_w150h150.webp
182,ratte,rattes,Ratte,,,,,,,,,,ratte,ratte,rattes,https://assets.afcdn.com/recipe/20180131/77260_w150h150.webp
183,girolle,girolles,Girolles,137,"2,28","0,78","2,3","1,87","4,23",,"0,5",0,girolles,girolle,girolles,https://assets.afcdn.com/recipe/20170607/67433_w150h150.webp
184,poudre,poudre,,,,,,,,,,,,poudre,poudre,https://assets.afcdn.com/recipe/20170621/68993_w150h150.webp
185,volaille,volailles,Volaille,698,"27,6","5,96","0,28","0,0022","0,0013",,"1,77","99,3",volaille,volaille,volailles,https://assets.afcdn.com/recipe/20210118/117328_w150h150.webp
186,béchamel,béchamel,Béchamel,,"2,56","7,4","6,2","3,1","1,3",,"4,61",30,bechamel,bechamel,bechamel,https://assets.afcdn.com/recipe/20180213/77537_w150h150.webp
187,origan,origan,Origan,1100,9,"4,28","26,4","4,09","42,5",,"1,55",0,origan,origan,origan,https://assets.afcdn.com/recipe/20170607/67405_w150h150.webp
188,oie,oies,Oie,961,29,"12,7",0,,0,,,96,oie,oie,oies,https://assets.afcdn.com/recipe/20210113/117186_w150h150.jpeg
189,faisselle,faisselles,Faisselle,,"4,38",0,"4,44","3,99",traces,,0,"4,91",faisselle,faisselle,faisselles,https://assets.afcdn.com/recipe/20170621/69036_w150h150.webp
190,fécule,fécules,Fécule,1480,0,"0,2","86,3",,"0,55",,"0,039",0,fecule,fecule,fecules,https://assets.afcdn.com/recipe/20170607/67665_w150h150.webp
191,garam,garams,,,,,,,,,,,,garam,garams,https://assets.afcdn.com/recipe/20170621/69051_w150h150.webp
192,pignon,pignons,Pignons,,"16,2",65,"6,31","5,21",10,,"5,53",0,pignons,pignon,pignons,https://assets.afcdn.com/recipe/20170607/67441_w150h150.webp
193,marron,marrons,Marrons,1370,"0,94","< 0,5","79,5","56,6","0,9",,"< 0,01",,marrons,marron,marrons,https://assets.afcdn.com/recipe/20170607/67760_w150h150.webp
194,chair,chairs,,,,,,,,,,,,chair,chairs,
195,estragon,estragons,Estragon,184,"3,8",traces,"4,1","1,2","6,2",,"0,6",,estragon,estragon,estragons,https://assets.afcdn.com/recipe/20170607/67546_w150h150.webp
196,girofle,girofle,Girofle,1390,"5,97",13,"31,6","2,38","33,9",,"3,95",0,girofle,girofle,girofle,https://assets.afcdn.com/recipe/20170607/67529_w150h150.webp
197,Grand-marnier,Grand-marnier,Grand-marnier,,"1,5",7,"8,45","6,6",traces,,"4,85",,grand-marnier,grand-marnier,grand-marnier,https://assets.afcdn.com/recipe/20241112/155787_w150h150.webp
198,pruneau,pruneaux,Pruneau,969,"1,63","0,4","55,4","38,1","5,1",,"0,16",0,pruneau,pruneau,pruneaux,https://assets.afcdn.com/recipe/20220901/134719_w150h150.webp
199,margarine,margarine,Margarine,2600,"0,13",70,"0,24","0,24",0,,"29,2","5,6",margarine,margarine,margarine,https://assets.afcdn.com/recipe/20170607/67587_w150h150.webp
200,lieu,lieus,,,,,,,,,,,,lieu,lieus,https://assets.afcdn.com/recipe/20170607/67607_w150h150.webp
201,maroilles,maroilles,Maroilles,1450,"20,8","29,5",traces,,0,,"17,3",,maroilles,maroilles,maroilles,https://assets.afcdn.com/recipe/20170607/67531_w150h150.webp
202,baie,baies,,,,,,,,,,,,baie,baies,https://assets.afcdn.com/recipe/20170623/69216_w150h150.webp
203,haricot,haricots,Haricot,152,"1,95","0,19","5,1","1,23","3,3",,"0,042",0,haricot,haricot,haricots,https://assets.afcdn.com/recipe/20170607/67522_w150h150.webp
204,purée,purées,Purée,385,"2,11","3,25","12,7","1,49","1,58",,"1,71","4,9",puree,puree,purees,https://assets.afcdn.com/recipe/20170621/69141_w150h150.webp
205,carvi,carvi,Carvi,1380,"19,8","14,6","11,9","0,64",38,,"0,62",0,carvi,carvi,carvi,https://assets.afcdn.com/recipe/20170621/68977_w150h150.webp
206,butternut,butternuts,Butternut,,"1,23","0,07",,,,,"0,014",0,butternut,butternut,butternuts,https://assets.afcdn.com/recipe/20170621/68974_w150h150.webp
207,sauceline,saucelines,Sauceline,,,,,,,,,,sauceline,sauceline,saucelines,https://assets.afcdn.com/recipe/20100101/ingredient_default_w150h150.webp
208,mozzarella,mozzarellas,Mozzarella,949,"16,1","17,7","0,75","0,7",0,,"11,7",79,mozzarella,mozzarella,mozzarellas,https://assets.afcdn.com/recipe/20170607/67396_w150h150.webp
209,tendron,tendrons,,,,,,,,,,,,tendron,tendrons,
210,boyau,boyaux,Boyau,,,,,,,,,,boyau,boyau,boyaux,https://assets.afcdn.com/recipe/20100101/ingredient_default_w150h150.webp
211,laitue,laitues,Laitue,856,"15,9","2,03","13,8",,"34,4",,"0,36",,laitue,laitue,laitues,https://assets.afcdn.com/recipe/20171229/76431_w150h150.webp
212,chou-fleur,chou-fleurs,Chou-fleur,"87,3","1,6","0,46","1,6","1,59",2,,"0,097",0,chou-fleur,chou-fleur,chou-fleurs,https://assets.afcdn.com/recipe/20170607/67526_w150h150.webp
213,brique,briques,Brique,1220,"19,4","23,8",traces,"< 0,05",0,,16,"91,8",brique,brique,briques,https://assets.afcdn.com/recipe/20100101/ingredient_default_w150h150.webp
214,aile,ailes,,,,,,,,,,,,aile,ailes,
215,queue,queues,Queue,820,28,"9,3",traces,,0,,"3,72",82,queue,queue,queues,https://assets.afcdn.com/recipe/20100101/ingredient_default_w150h150.webp
216,riesling,rieslings,Riesling,1050,"10,2","12,6","23,7","2,25","1,2",,"6,2",,riesling,riesling,rieslings,https://assets.afcdn.com/recipe/20170621/69149_w150h150.webp
217,brocoli,brocolis,Brocoli,,"2,1","0,78","1,1","1,1","1,5",,"0,2",0,brocoli,brocoli,brocolis,https://assets.afcdn.com/recipe/20170607/67718_w150h150.webp
218,xérès,xérès,Xérès,,,,,,,,,,xeres,xeres,xeres,https://assets.afcdn.com/recipe/20100101/ingredient_default_w150h150.webp
219,poitrine,poitrines,,,,,,,,,,,,poitrine,poitrines,https://assets.afcdn.com/recipe/20170607/67393_w150h150.webp
220,crépine,crépines,Crépine,,,,,,,,,,crepine,crepine,crepines,https://assets.afcdn.com/recipe/20100101/ingredient_default_w150h150.webp
221,menthe,menthe,Menthe,240,"3,52","0,84","5,3","5,3","7,4",,"0,22",0,menthe,menthe,menthe,https://assets.afcdn.com/recipe/20170607/67345_w150h150.webp
222,panure,panure,Panure,,,,,,,,,,panure,panure,panure,https://assets.afcdn.com/recipe/20210120/117463_w150h150.webp
223,morille,morilles,Morilles,102,"3,16","0,54","0,1","0,044","3,35",,"0,16",,morilles,morille,morilles,https://assets.afcdn.com/recipe/20170607/67705_w150h150.webp
224,saumon,saumons,Saumon,805,25,"10,3",traces,0,0,,,,saumon,saumon,saumons,https://assets.afcdn.com/recipe/20170607/67605_w150h150.webp
225,fumet,fumets,Fumet,,,,,,,,,,fumet,fumet,fumets,https://assets.afcdn.com/recipe/20170607/67378_w150h150.webp
226,calvados,calvados,Calvados,,0,0,0,0,0,,0,,calvados,calvados,calvados,https://assets.afcdn.com/recipe/20170607/67542_w150h150.webp
227,cerf,cerfs,Cerf,632,"30,2","3,19",0,,0,,"1,25",112,cerf,cerf,cerfs,https://assets.afcdn.com/recipe/20100101/ingredient_default_w150h150.webp
228,barde,bardes,,,,,,,,,,,,barde,bardes,
229,pilon,pilons,,,,,,,,,,,,pilon,pilons,
230,lotte,lottes,Lotte,285,"15,1","0,74",traces,0,"< 0,2",,"0,2",25,lotte,lotte,lottes,https://assets.afcdn.com/recipe/20170607/67413_w150h150.webp
231,colin,colins,Colin,425,"24,4","< 0,5",traces,0,0,,"< 0,01","70,1",colin,colin,colins,https://assets.afcdn.com/recipe/20230102/139041_w150h150.png
232,baguette,baguettes,Baguette,1200,"9,06","1,4","58,3","2,3","2,7",,"0,45","0,075",baguette,baguette,baguettes,https://assets.afcdn.com/recipe/20170607/67472_w150h150.webp
233,congre,congres,Congre,481,"18,3","4,6",traces,0,0,,,78,congre,congre,congres,https://assets.afcdn.com/recipe/20100101/ingredient_default_w150h150.webp
234,bonnet,bonnets,Bonnet,,,,,,,,,,bonnet,bonnet,bonnets,https://assets.afcdn.com/recipe/20100101/ingredient_default_w150h150.webp
235,boursin,boursin,Boursin,1510,"7,5","35,3","4,24","1,86",0,,"23,9","69,3",boursin,boursin,boursin,https://assets.afcdn.com/recipe/20170607/67430_w150h150.webp
236,brick,bricks,Brick,1060,"10,4","18,1","12,3","1,6","0,5",,,264,brick,brick,bricks,https://assets.afcdn.com/recipe/20171227/76280_w150h150.webp
237,merguez,merguez,Merguez,1180,"13,1","11,4",31,"2,92","1,81",,"5,2","28,5",merguez,merguez,merguez,https://assets.afcdn.com/recipe/20170607/67395_w150h150.webp
238,Ras,Ras,,,,,,,,,,,,ras,ras,https://assets.afcdn.com/recipe/20170621/69147_w150h150.webp
239,faisan,faisans,Faisan,999,"32,4","12,1",0,0,0,,"3,91",89,faisan,faisan,faisans,https://assets.afcdn.com/recipe/20210112/117132_w150h150.jpeg
240,crépinette,crépinettes,Crépinette,,,,,,,,,,crepinette,crepinette,crepinettes,https://assets.afcdn.com/recipe/20100101/ingredient_default_w150h150.webp
241,haddock,haddock,Haddock,411,"22,6","0,73",0,0,0,,"0,13",77,haddock,haddock,haddock,https://assets.afcdn.com/recipe/20170621/69073_w150h150.webp
242,tagliatelle,tagliatelles,Tagliatelles,487,"5,32","4,07","13,6","2,64","1,9",,"1,42",11,tagliatelles,tagliatelle,tagliatelles,https://assets.afcdn.com/recipe/20170621/69175_w150h150.webp
243,muscadet,muscadet,Muscadet,,,,,,,,,,muscadet,muscadet,muscadet,https://assets.afcdn.com/recipe/20100101/ingredient_default_w150h150.webp
244,champagne,champagne,Champagne,,"0,3",0,"2,81","1,4",0,,0,0,champagne,champagne,champagne,https://assets.afcdn.com/recipe/20170607/67569_w150h150.webp
245,plat,plats,,,,,,,,,,,,plat,plats,https://assets.afcdn.com/recipe/20100101/ingredient_default_w150h150.webp
246,reblochon,reblochons,Reblochon,1360,"19,9","27,4",traces,0,0,,"18,8","89,9",reblochon,reblochon,reblochons,https://assets.afcdn.com/recipe/20170607/67516_w150h150.webp
247,macaroni,macaronis,Macaroni,,,,,,,,,,macaroni,macaroni,macaronis,https://assets.afcdn.com/recipe/20170607/67626_w150h150.webp
248,airelle,airelles,Airelles,,,,,,,,,,airelles,airelle,airelles,https://assets.afcdn.com/recipe/20170607/67632_w150h150.webp
249,gelée,gelées,Gelée,,13,4,14,14,,,,,gelee,gelee,gelees,https://assets.afcdn.com/recipe/20100101/ingredient_default_w150h150.webp
250,pousse,pousses,,,,,,,,,,,,pousse,pousses,https://assets.afcdn.com/recipe/20170621/68960_w150h150.webp
251,cèpe,cèpes,Cèpes,133,"3,13","0,43","3,03","1,7","1,93",,"0,071",0,cepes,cepe,cepes,https://assets.afcdn.com/recipe/20170607/67753_w150h150.webp
252,croûton,croûtons,Croûtons,2060,"9,19","24,1","59,1",4,"2,6",,"4,3",,croutons,crouton,croutons,https://assets.afcdn.com/recipe/20170607/67721_w150h150.webp
253,sumac,sumac,Sumac,,,,,,,,,,sumac,sumac,sumac,https://assets.afcdn.com/recipe/20180202/77324_w150h150.webp
254,café,café,Café,489,"2,87","3,69","17,8",14,"0,042",,"2,5",,cafe,cafe,cafe,https://assets.afcdn.com/recipe/20170607/67609_w150h150.webp
255,thé,thé,Thé,"0,26",0,"0,007",0,0,0,,"0,002",0,the,the,the,https://assets.afcdn.com/recipe/20170607/67435_w150h150.webp
256,comté,comtés,Comté,1740,"26,7","34,6",traces,traces,0,,"22,5",115,comte,comte,comtes,https://assets.afcdn.com/recipe/20170607/67555_w150h150.webp
257,sésame,sésames,Sésame,,"20,8","49,7","9,85","0,3","14,9",,"7,09",0,sesame,sesame,sesames,https://assets.afcdn.com/recipe/20170607/67391_w150h150.webp
258,saké,sakés,Saké,552,0,0,5,0,0,,0,0,sake,sake,sakes,https://assets.afcdn.com/recipe/20170621/69159_w150h150.webp
259,moule,moules,Moules,457,"17,2","2,09","5,12",,0,,"0,37","52,1",moules,moule,moules,https://assets.afcdn.com/recipe/20170607/67458_w150h150.webp
260,cive,cives,Cive,,,,,,,,,,cive,cive,cives,https://assets.afcdn.com/recipe/20180719/81513_w150h150.webp
261,Monbazillac,Monbazillac,Monbazillac,,,,,,,,,,monbazillac,monbazillac,monbazillac,https://assets.afcdn.com/recipe/20100101/ingredient_default_w150h150.webp
262,kub,kubs,,,,,,,,,,,,kub,kubs,https://assets.afcdn.com/recipe/20100101/ingredient_default_w150h150.webp
263,armagnac,armagnac,Armagnac,945,0,0,1,0,0,,,0,armagnac,armagnac,armagnac,https://assets.afcdn.com/recipe/20170607/67614_w150h150.webp
264,cassonade,cassonades,Cassonade,,,,,,,,,,cassonade,cassonade,cassonades,https://assets.afcdn.com/recipe/20251003/163126_w150h150.webp
265,fin,fins,,,,,,,,,,,,fin,fins,
266,cervelle,cervelles,Cervelle,551,"11,5","9,63",0,,0,,"2,18",3100,cervelle,cervelle,cervelles,https://assets.afcdn.com/recipe/20100101/ingredient_default_w150h150.webp
267,confiture,confitures,Confiture,1050,"< 0,5","0,3","59,7","56,8","1,1",,"0,041",0,confiture,confiture,confitures,https://assets.afcdn.com/recipe/20180404/78360_w150h150.webp
268,rumsteck,rumstecks,Rumsteck,482,"22,5","2,5","0,4",0,0,,"0,78",63,rumsteck,rumsteck,rumstecks,https://assets.afcdn.com/recipe/20180213/77544_w150h150.webp
269,mahi,mahis,,,,,,,,,,,,mahi,mahis,https://assets.afcdn.com/recipe/20100101/ingredient_default_w150h150.webp
270,papaye,papayes,Papaye,178,"0,75","< 0,3","8,53","8,1","1,8",,"< 0,01",0,papaye,papaye,papayes,https://assets.afcdn.com/recipe/20170621/69114_w150h150.webp
271,soja,sojas,Soja,193,"7,08","0,1","3,64","1,32","0,86",,"0,0085",0,soja,soja,sojas,https://assets.afcdn.com/recipe/20170607/67375_w150h150.webp
272,ciboul,cibouls,,,,,,,,,,,,ciboul,cibouls,https://assets.afcdn.com/recipe/20170607/67374_w150h150.webp
273,vanille,vanilles,Vanille,,"0,1","0,33",99,"97,2","0,37",,"0,053",,vanille,vanille,vanilles,https://assets.afcdn.com/recipe/20170607/67724_w150h150.webp
274,ananas,ananas,Ananas,231,"< 0,5","< 0,5","11,7","10,5","1,2",,"< 0,01",0,ananas,ananas,ananas,https://assets.afcdn.com/recipe/20170607/67503_w150h150.webp
275,mousse,mousses,,,,,,,,,,,,mousse,mousses,
276,haché,hachés,,,,,,,,,,,,hache,haches,
277,saté,satés,Saté,,,,,,,,,,sate,sate,sates,https://assets.afcdn.com/recipe/20100101/ingredient_default_w150h150.webp
278,nuoc,nuoc,,,,,,,,,,,,nuoc,nuoc,https://assets.afcdn.com/recipe/20170607/67673_w150h150.webp
279,endive,endives,Endive,"99,5","1,13","< 0,3","4,38","3,2","< 0,5",,"< 0,01",,endive,endive,endives,https://assets.afcdn.com/recipe/20170607/67408_w150h150.webp
280,cardamome,cardamome,Cardamome,1340,"10,8","6,7","40,5",,28,,,0,cardamome,cardamome,cardamome,https://assets.afcdn.com/recipe/20170607/67381_w150h150.webp
281,noix,noix,Noix,,"15,7","67,3","6,88",3,"6,7",,"6,45",0,noix,noix,noix,https://assets.afcdn.com/recipe/20170621/68976_w150h150.webp
282,amande,amandes,Amandes,,"22,6","51,3","9,51","4,2","12,5",,"4,11",0,amandes,amande,amandes,https://assets.afcdn.com/recipe/20170607/67684_w150h150.webp
283,beaufort,beaufort,Beaufort,1710,26,34,traces,0,0,,"19,2",,beaufort,beaufort,beaufort,https://assets.afcdn.com/recipe/20250718/161475_w150h150.png
284,figue,figues,Figue,293,"1,19","< 0,5","13,5","12,2","4,1",,"< 0,01",0,figue,figue,figues,https://assets.afcdn.com/recipe/20170607/67641_w150h150.webp
285,mâche,mâches,Mâche,"70,1",2,"< 0,5","0,5",traces,"2,3",,"< 0,01",0,mache,mache,maches,https://assets.afcdn.com/recipe/20170607/67474_w150h150.webp
286,saindoux,saindoux,Saindoux,3680,0,"99,5",0,0,0,,"41,1",95,saindoux,saindoux,saindoux,https://assets.afcdn.com/recipe/20100101/ingredient_default_w150h150.webp
287,fromage,fromages,Fromage,1330,"20,2","26,5",0,"0,021",0,,"17,6",,fromage,fromage,fromages,https://assets.afcdn.com/recipe/20170607/67744_w150h150.webp
288,anchois,anchois,Anchois,541,"18,6","6,07",traces,0,0,,"1,64",124,anchois,anchois,anchois,https://assets.afcdn.com/recipe/20170607/67541_w150h150.webp
289,macédoine,macédoines,Macédoine,170,"2,32","0,28","5,59","1,73","3,16",,"0,076",0,macedoine,macedoine,macedoines,https://assets.afcdn.com/recipe/20170607/67403_w150h150.webp
290,navarin,navarins,,,,,,,,,,,,navarin,navarins,
291,levure,levures,Levure,1400,"40,4","4,5","21,8","2,5","22,5",,"0,7","< 0,7",levure,levure,levures,https://assets.afcdn.com/recipe/20181226/85093_w150h150.png
292,andouille,andouilles,Andouille,878,"18,4","15,1","0,3",,traces,,,,andouille,andouille,andouilles,https://assets.afcdn.com/recipe/20170621/68952_w150h150.webp
293,semoule,semoules,Semoule,510,"3,75","0,8",24,3,"1,9",,"0,25",,semoule,semoule,semoules,https://assets.afcdn.com/recipe/20170607/67439_w150h150.webp
294,cardon,cardons,Cardon,,"0,76","0,11","3,63",,"1,7",,"0,012",0,cardon,cardon,cardons,https://assets.afcdn.com/recipe/20180719/81493_w150h150.png
295,biche,biches,Biche,,,,,,,,,,biche,biche,biches,https://assets.afcdn.com/recipe/20100101/ingredient_default_w150h150.webp
296,citronnelle,citronnelles,Citronnelle,170,"1,13","< 0,3","3,14","2,1","4,3",,"< 0,01",0,citronnelle,citronnelle,citronnelles,https://assets.afcdn.com/recipe/20170607/67715_w150h150.webp
297,couteau,couteaux,Couteau,,,,,,,,,,couteau,couteau,couteaux,https://assets.afcdn.com/recipe/20170607/67506_w150h150.webp
298,magret,magrets,,,,,,,,,,,,magret,magrets,
299,pavot,pavots,Pavot,2280,"19,7","43,1","13,7","2,99","14,8",,"4,69",0,pavot,pavot,pavots,https://assets.afcdn.com/recipe/20170607/67349_w150h150.webp
300,fenouil,fenouils,Fenouil,1350,"15,7","14,9","12,5","12,5","39,8",,"0,48",0,fenouil,fenouil,fenouils,https://assets.afcdn.com/recipe/20170607/67476_w150h150.webp
301,bûche,bûches,Bûche,949,"2,42","10,4",30,"25,6","1,54",,"7,1",,buche,buche,buches,https://assets.afcdn.com/recipe/20170607/67352_w150h150.webp
302,perdrix,perdrix,Perdrix,,,,,,,,,,perdrix,perdrix,perdrix,https://assets.afcdn.com/recipe/20100101/ingredient_default_w150h150.webp
303,muscat,muscat,Muscat,381,"0,69","< 0,5",20,"19,6","2,7",,"< 0,01",,muscat,muscat,muscat,https://assets.afcdn.com/recipe/20210316/118628_w150h150.png
304,noisette,noisettes,Noisettes,,17,"56,9","7,16","4,9","11,6",,"4,75",0,noisettes,noisette,noisettes,https://assets.afcdn.com/recipe/20170607/67496_w150h150.webp
305,requin,requins,Requin,461,"20,8","2,91",traces,0,0,,"0,48",51,requin,requin,requins,https://assets.afcdn.com/recipe/20100101/ingredient_default_w150h150.webp
306,concombre,concombres,Concombre,"61,6","0,56","< 0,5","2,23","1,8","0,8",,"< 0,01",0,concombre,concombre,concombres,https://assets.afcdn.com/recipe/20170607/67693_w150h150.webp
307,raviole,ravioles,Raviole,951,10,"8,3","26,8","4,4","1,9",,"4,64","36,2",raviole,raviole,ravioles,https://assets.afcdn.com/recipe/20170621/69145_w150h150.webp
308,confit,confits,,,,,,,,,,,,confit,confits,
309,flocon,flocons,,,,,,,,,,,,flocon,flocons,https://assets.afcdn.com/recipe/20170621/69046_w150h150.webp
310,pecorino,pecorinos,Pecorino,,,"28,8",traces,0,0,,"18,3",104,pecorino,pecorino,pecorinos,https://assets.afcdn.com/recipe/20170731/71017_w150h150.webp
311,sot,sots,,,,,,,,,,,,sot,sots,https://assets.afcdn.com/recipe/20100101/ingredient_default_w150h150.webp
312,chicorée,chicorées,Chicorée,1350,"3,3","2,5","57,2","21,7","29,2",,"0,75",0,chicoree,chicoree,chicorees,https://assets.afcdn.com/recipe/20171201/75735_w150h150.webp
313,myrtille,myrtilles,Myrtilles,244,"0,87","0,33","10,6","9,96","2,4",,"0,028",0,myrtilles,myrtille,myrtilles,https://assets.afcdn.com/recipe/20170607/67411_w150h150.webp
314,banane,bananes,Banane,383,"1,06","< 0,5","19,7","15,6","2,7",,"< 0,01",0,banane,banane,bananes,https://assets.afcdn.com/recipe/20170607/67637_w150h150.webp
315,osso,ossos,,,,,,,,,,,,osso,ossos,
316,fondre,fondres,,,,,,,,,,,,fondre,fondres,
317,spaghetti,spaghettis,Spaghetti,,"0,66","0,26","5,06","2,53","1,4",,"0,062",0,spaghetti,spaghetti,spaghettis,https://assets.afcdn.com/recipe/20170607/67671_w150h150.webp
318,ouzo,ouzos,Ouzo,,,,,,,,,,ouzo,ouzo,ouzos,https://assets.afcdn.com/recipe/20180719/81511_w150h150.webp
319,ghee,ghees,Ghee,,,,,,,,,,ghee,ghee,ghees,https://assets.afcdn.com/recipe/20100101/ingredient_default_w150h150.webp
320,fenugreek,fenugreeks,Fenugreek,,,,,,,,,,fenugreek,fenugreek,fenugreeks,https://assets.afcdn.com/recipe/20171228/76334_w150h150.webp
321,colorant,colorants,Colorant,,,,,,,,,,colorant,colorant,colorants,https://assets.afcdn.com/recipe/20170621/68997_w150h150.webp
322,mangue,mangues,Mangue,314,"0,63","< 0,5","14,3","12,9","1,6",,"< 0,01",0,mangue,mangue,mangues,https://assets.afcdn.com/recipe/20170607/67380_w150h150.webp
323,cacao,cacaos,Cacao,1610,"22,4","20,6","11,6","0,9","29,5",,"12,4",0,cacao,cacao,cacaos,https://assets.afcdn.com/recipe/20170607/67774_w150h150.webp
324,bleu,bleu,Bleu,1030,"26,5","15,5",traces,0,0,,,,bleu,bleu,bleu,https://assets.afcdn.com/recipe/20170607/67448_w150h150.webp
325,légume,légumes,Légumes,292,"6,4",3,"3,6","2,59","1,4",,"0,46","30,8",legumes,legume,legumes,https://assets.afcdn.com/recipe/20170607/67398_w150h150.webp
326,poularde,poulardes,Poularde,,,,,,,,,,poularde,poularde,poulardes,https://assets.afcdn.com/recipe/20100101/ingredient_default_w150h150.webp
327,anis,anis,Anis,,,,,,,,,,anis,anis,anis,https://assets.afcdn.com/recipe/20170607/67406_w150h150.webp
328,pêche,pêches,Pêche,,"1,08","0,33",9,"8,16","1,6",,"0,027",0,peche,peche,peches,https://assets.afcdn.com/recipe/20170607/67708_w150h150.webp
329,crevette,crevettes,Crevettes,397,19,"1,16","1,87","< 0,25",0,,"0,31",159,crevettes,crevette,crevettes,https://assets.afcdn.com/recipe/20170607/67700_w150h150.webp
330,gambas,gambas,Gambas,,,,,,,,,,gambas,gambas,gambas,https://assets.afcdn.com/recipe/20170607/67628_w150h150.webp
331,mouton,moutons,Mouton,550,"12,8","6,83","4,5","2,4",< 1,,"2,73","57,8",mouton,mouton,moutons,https://assets.afcdn.com/recipe/20170607/67710_w150h150.webp
332,râble,râbles,,,,,,,,,,,,rable,rables,https://assets.afcdn.com/recipe/20100101/ingredient_default_w150h150.webp
333,toastinette,toastinettes,Toastinette,1030,"13,8","18,5","5,34","4,95",0,,"12,3",60,toastinette,toastinette,toastinettes,https://assets.afcdn.com/recipe/20210122/117531_w150h150.webp
334,marjolaine,marjolaine,Marjolaine,1140,"12,7","7,04","20,3","4,09","40,3",,"0,53",0,marjolaine,marjolaine,marjolaine,https://assets.afcdn.com/recipe/20170607/67653_w150h150.webp
335,chutney,chutney,Chutney,,,,,,,,,,chutney,chutney,chutney,https://assets.afcdn.com/recipe/20231212/147349_w150h150.png
336,asperge,asperges,Asperge,,"2,46","0,27","2,03","1,5","2,15",,"0,069",0,asperge,asperge,asperges,https://assets.afcdn.com/recipe/20170607/67425_w150h150.webp
337,pointe,pointes,,,,,,,,,,,,pointe,pointes,
338,espadon,espadons,Espadon,1110,"28,7","16,9",traces,0,0,,"1,51",129,espadon,espadon,espadons,https://assets.afcdn.com/recipe/20100101/ingredient_default_w150h150.webp
339,couche,couches,Couche,118,"2,62","0,36","3,15","2,5",1,,"0,067",0,couche,couche,couches,https://assets.afcdn.com/recipe/20171227/76301_w150h150.webp
340,pont,ponts,,,,,,,,,,,,pont,ponts,https://assets.afcdn.com/recipe/20100101/ingredient_default_w150h150.webp
341,whisky,whisky,Whisky,1050,0,0,"0,096","0,096",0,,0,0,whisky,whisky,whisky,https://assets.afcdn.com/recipe/20170607/67387_w150h150.webp
342,boursault,boursault,Boursault,,,,,,,,,,boursault,boursault,boursault,https://assets.afcdn.com/recipe/20100101/ingredient_default_w150h150.webp
343,panga,pangas,Panga,335,"17,5",1,traces,0,0,,"0,51","40,8",panga,panga,pangas,https://assets.afcdn.com/recipe/20210309/118457_w150h150.webp
344,roquefort,roqueforts,Roquefort,1600,"19,1","33,9",traces,traces,0,,"24,9","74,7",roquefort,roquefort,roqueforts,https://assets.afcdn.com/recipe/20170607/67558_w150h150.webp
345,extraire,extraires,,,,,,,,,,,,extraire,extraires,
346,patate,patates,,,,,,,,,,,,patate,patates,https://assets.afcdn.com/recipe/20170607/67689_w150h150.webp
347,quenelle,quenelles,Quenelle,780,"9,3","10,1","14,1","1,2","1,1",,"1,5",,quenelle,quenelle,quenelles,https://assets.afcdn.com/recipe/20100101/ingredient_default_w150h150.webp
348,Maury,Maurys,Maury,,,,,,,,,,maury,maury,maurys,https://assets.afcdn.com/recipe/20100101/ingredient_default_w150h150.webp
349,fruit,fruits,Fruits,394,"3,18","2,83",13,"12,6","0,27",,"1,9","10,6",fruits,fruit,fruits,https://assets.afcdn.com/recipe/20170607/67521_w150h150.webp
350,chaource,chaource,Chaource,1150,17,"22,9",traces,"< 0,2",0,,"15,8",83,chaource,chaource,chaource,https://assets.afcdn.com/recipe/20170621/68981_w150h150.webp
351,papier,papiers,,,,,,,,,,,,papier,papiers,https://assets.afcdn.com/recipe/20180213/77536_w150h150.webp
352,mascarpone,mascarpones,Mascarpone,,"4,29",39,4,4,0,,"25,7",123,mascarpone,mascarpone,mascarpones,https://assets.afcdn.com/recipe/20170607/67742_w150h150.webp
353,marsala,marsala,Marsala,887,"0,1",0,"27,9","27,9",0,,0,0,marsala,marsala,marsala,https://assets.afcdn.com/recipe/20100101/ingredient_default_w150h150.webp
354,sarriette,sarriette,Sarriette,1090,"6,73","5,91",23,,"45,7",,"3,26",0,sarriette,sarriette,sarriette,https://assets.afcdn.com/recipe/20210114/117247_w150h150.jpeg
355,mérou,mérous,Mérou,349,"18,6","0,86",traces,0,0,,"0,2",37,merou,merou,merous,https://assets.afcdn.com/recipe/20100101/ingredient_default_w150h150.webp
356,combava,combavas,Combava,,,,,,,,,,combava,combava,combavas,https://assets.afcdn.com/recipe/20170621/68998_w150h150.webp
357,vache,vaches,,,,,,,,,,,,vache,vaches,https://assets.afcdn.com/recipe/20170619/68882_w150h150.webp
358,viandox,viandox,Viandox,,,,,,,,,,viandox,viandox,viandox,https://assets.afcdn.com/recipe/20100101/ingredient_default_w150h150.webp
359,poulpe,poulpes,Poulpe,659,"29,8","2,08","4,4",0,0,,"0,45",96,poulpe,poulpe,poulpes,https://assets.afcdn.com/recipe/20170621/69140_w150h150.webp
360,chocolat,chocolats,Chocolat,2320,"7,81","36,1","45,3","39,5","7,39",,"22,3","11,5",chocolat,chocolat,chocolats,https://assets.afcdn.com/recipe/20250212/158208_w150h150.png
361,pistache,pistaches,Pistaches,,"21,7","47,4","18,6","7,74","10,1",,"5,52",0,pistaches,pistache,pistaches,https://assets.afcdn.com/recipe/20170607/67716_w150h150.webp
362,marmelade,marmelades,,,,,,,,,,,,marmelade,marmelades,
363,maïs,maïs,Maïs,447,"2,82","1,68","18,4","5,16","3,1",,"0,26",0,mais,mais,mais,https://assets.afcdn.com/recipe/20170607/67748_w150h150.webp
364,carrelet,carrelets,Carrelet,1010,"13,4","16,8","8,86",,1,,2,60,carrelet,carrelet,carrelets,https://assets.afcdn.com/recipe/20100101/ingredient_default_w150h150.webp
365,thon,thons,Thon,576,"29,9","1,83",traces,0,0,,"0,9","43,5",thon,thon,thons,https://assets.afcdn.com/recipe/20170607/67518_w150h150.webp
366,autre,autres,Autres,,"6,1","27,6","60,5","21,6","2,06",,"14,4","11,7",autres,autre,autres,https://assets.afcdn.com/recipe/20100101/ingredient_default_w150h150.webp
367,rhum,rhums,Rhum,1060,0,0,0,0,0,,0,0,rhum,rhum,rhums,https://assets.afcdn.com/recipe/20170607/67743_w150h150.webp
368,pimiento,pimiento,,,,,,,,,,,,pimiento,pimiento,https://assets.afcdn.com/recipe/20100101/ingredient_default_w150h150.webp
369,gélatine,gélatines,Gélatine,1480,"86,9","0,1",0,,0,,"0,036",,gelatine,gelatine,gelatines,https://assets.afcdn.com/recipe/20170607/67647_w150h150.webp
370,couscous,couscous,Couscous,659,5,1,31,"1,6","2,3",,"0,25",0,couscous,couscous,couscous,https://assets.afcdn.com/recipe/20100101/ingredient_default_w150h150.webp
371,blette,blettes,Blette,"61,1","0,7","< 0,5","1,23","0,8","2,5",,"< 0,01",0,blette,blette,blettes,https://assets.afcdn.com/recipe/20170607/67534_w150h150.webp
372,abricot,abricots,Abricot,194,"0,81","< 0,5","9,01","6,7","1,7",,"< 0,01",0,abricot,abricot,abricots,https://assets.afcdn.com/recipe/20170607/67622_w150h150.webp
373,cancoillotte,cancoillottes,Cancoillotte,635,"13,6","10,5","0,5",traces,0,,"7,06",26,cancoillotte,cancoillotte,cancoillottes,https://assets.afcdn.com/recipe/20100101/ingredient_default_w150h150.webp
374,gésier,gésiers,Gésiers,443,"17,3","3,75","0,6",0,0,,"1,12",240,gesiers,gesier,gesiers,https://assets.afcdn.com/recipe/20170607/67761_w150h150.webp
375,cerneau,cerneaux,,,,,,,,,,,,cerneau,cerneaux,
376,pesto,pesto,Pesto,1530,"3,94","35,4","6,6","3,2","2,5",,"4,39","18,2",pesto,pesto,pesto,https://assets.afcdn.com/recipe/20170607/67513_w150h150.webp
377,gnocchi,gnocchis,Gnocchi,766,"6,34","7,88",34,"0,65","1,9",,"0,33",,gnocchi,gnocchi,gnocchis,https://assets.afcdn.com/recipe/20170607/67360_w150h150.webp
378,tapenade,tapenades,Tapenade,,"1,3",23,"2,6","0,2","3,7",,"2,7","3,2",tapenade,tapenade,tapenades,https://assets.afcdn.com/recipe/20170607/67676_w150h150.webp
379,Bresse,Bresse,,,,,,,,,,,,bresse,bresse,
380,Halloumi,Halloumi,Halloumi,,,,,,,,,,halloumi,halloumi,halloumi,https://assets.afcdn.com/recipe/20210305/118372_w150h150.png
381,houmous,houmous,Houmous,,"8,2","23,9","7,1","1,38","5,98",,"2,48",,houmous,houmous,houmous,https://assets.afcdn.com/recipe/20210119/117441_w150h150.webp
382,sucrine,sucrines,Sucrine,"75,5","1,13","< 0,3","2,58","1,78","0,8",,"< 0,01",,sucrine,sucrine,sucrines,https://assets.afcdn.com/recipe/20210120/117488_w150h150.webp
383,vermouth,vermouth,Vermouth,,"0,054",0,"11,3","11,1",0,,0,0,vermouth,vermouth,vermouth,https://assets.afcdn.com/recipe/20100101/ingredient_default_w150h150.webp
384,huître,huîtres,Huître,283,"8,64","1,91","3,86",traces,0,,"0,34","20,3",huitre,huitre,huitres,https://assets.afcdn.com/recipe/20170607/67651_w150h150.webp
385,ficelle,ficelles,Ficelle,631,"8,6","7,5","11,9","2,7","0,6",,"2,8",,ficelle,ficelle,ficelles,https://assets.afcdn.com/recipe/20100101/ingredient_default_w150h150.webp
386,avoine,avoines,Avoine,1570,"18,1","6,9","55,7","1,2","10,6",,"1,22",0,avoine,avoine,avoines,https://assets.afcdn.com/recipe/20170607/67361_w150h150.webp
387,panais,panais,Panais,383,"1,94","0,5","16,6","6,2","5,6",,"0,13",,panais,panais,panais,https://assets.afcdn.com/recipe/20170607/67686_w150h150.webp
388,rutabaga,rutabagas,Rutabaga,,"0,93","0,18","4,26","3,95","1,8",,"0,029",0,rutabaga,rutabaga,rutabagas,https://assets.afcdn.com/recipe/20180202/77343_w150h150.webp
389,canneloni,cannelonis,Canneloni,512,"4,38","5,9","11,8","4,3",traces,,"1,91","11,2",canneloni,canneloni,cannelonis,https://assets.afcdn.com/recipe/20170623/69226_w150h150.webp
390,gîte,gîtes,Gîte,431,21,"1,9","0,2",,0,,"0,8",,gite,gite,gites,https://assets.afcdn.com/recipe/20210302/118286_w150h150.webp
391,farce,farces,Farce,503,"5,49","9,67",2,"0,88","2,31",,"3,24",42,farce,farce,farces,https://assets.afcdn.com/recipe/20171228/76332_w150h150.webp
392,coing,coings,Coing,,"0,51","0,1","13,4","6,3","1,9",,"0,0085",0,coing,coing,coings,https://assets.afcdn.com/recipe/20170607/67719_w150h150.webp
393,compote,compotes,Compote,,"0,41","0,56","16,9","15,8","1,53",,"0,12",,compote,compote,compotes,https://assets.afcdn.com/recipe/20170607/67766_w150h150.webp
394,camembert,camemberts,Camembert,1170,"19,1","22,5",traces,traces,0,,"15,8",74,camembert,camembert,camemberts,https://assets.afcdn.com/recipe/20170607/67633_w150h150.webp
395,Guinness,Guinness,Guinness,,,,,,,,,,guinness,guinness,guinness,https://assets.afcdn.com/recipe/20100101/ingredient_default_w150h150.webp
396,chanterelle,chanterelles,Chanterelle,137,"2,28","0,78","2,3","1,87","4,23",,"0,5",0,chanterelle,chanterelle,chanterelles,https://assets.afcdn.com/recipe/20180213/77539_w150h150.webp
397,Kororima,Kororima,Kororima,,,,,,,,,,kororima,kororima,kororima,https://assets.afcdn.com/recipe/20100101/ingredient_default_w150h150.webp
398,hydromel,hydromels,Hydromel,,,,,,,,,,hydromel,hydromel,hydromels,https://assets.afcdn.com/recipe/20100101/ingredient_default_w150h150.webp
399,blé,blés,Blé,887,"8,03","1,27","41,4",,"1,1",,"0,21",0,ble,ble,bles,https://assets.afcdn.com/recipe/20170607/67471_w150h150.webp
400,melfor,melfor,Melfor,,,,,,,,,,melfor,melfor,melfor,https://assets.afcdn.com/recipe/20100101/ingredient_default_w150h150.webp
401,bécasse,bécasses,Bécasse,,,,,,,,,,becasse,becasse,becasses,https://assets.afcdn.com/recipe/20100101/ingredient_default_w150h150.webp
402,crêpe,crêpes,Crêpe,,"8,5","14,1","58,1","28,1","1,3",,"6,51","54,7",crepe,crepe,crepes,https://assets.afcdn.com/recipe/20170607/67366_w150h150.webp
403,brioche,brioches,Brioche,1490,"8,13","11,8","52,7","12,7","2,2",,"5,01","59,3",brioche,brioche,brioches,https://assets.afcdn.com/recipe/20170607/67660_w150h150.webp
404,aneth,aneth,Aneth,202,"3,93","1,1","3,9","1,2","3,5",,"0,27",0,aneth,aneth,aneth,https://assets.afcdn.com/recipe/20170607/67431_w150h150.webp
405,galette,galettes,Galette,,"6,84","23,5","63,7","28,2","3,01",,"13,2",,galette,galette,galettes,https://assets.afcdn.com/recipe/20100101/ingredient_default_w150h150.webp
406,charcuterie,charcuteries,Charcuteries,991,"19,7","17,1","1,47","0,86","0,25",,"6,61",77,charcuteries,charcuterie,charcuteries,https://assets.afcdn.com/recipe/20180824/81913_w150h150.png
407,court-bouillon,court-bouillons,Court-bouillon,1080,5,23,7,"4,5","2,5",,16,,court-bouillon,court-bouillon,court-bouillons,https://assets.afcdn.com/recipe/20171227/76306_w150h150.webp
408,julien,juliens,,,,,,,,,,,,julien,juliens,https://assets.afcdn.com/recipe/20170607/67658_w150h150.webp
409,boulgour,boulgour,Boulgour,699,"4,06","8,3","17,4","4,61","3,3",,"0,92",,boulgour,boulgour,boulgour,https://assets.afcdn.com/recipe/20170607/67502_w150h150.webp
410,mirin,mirin,Mirin,,,,,,,,,,mirin,mirin,mirin,https://assets.afcdn.com/recipe/20210316/118626_w150h150.png
411,nouille,nouilles,Nouilles,611,"5,12","4,3","18,8",2,"6,3",,"0,5",,nouilles,nouille,nouilles,https://assets.afcdn.com/recipe/20170607/67767_w150h150.webp
412,tofu,tofus,Tofu,595,"14,7","8,5","2,87","0,57","< 0,5",,"1,35",0,tofu,tofu,tofus,https://assets.afcdn.com/recipe/20170607/67675_w150h150.webp
413,rumsteak,rumsteaks,Rumsteak,,,,,,,,,,rumsteak,rumsteak,rumsteaks,https://assets.afcdn.com/recipe/20210122/117553_w150h150.webp
414,téquila,téquila,Téquila,,,,,,,,,,tequila,tequila,tequila,https://assets.afcdn.com/recipe/20210316/118625_w150h150.png
415,agneau,agneaux,Agneau,1130,"16,3","22,6","0,92","0,063",0,,"10,1",,agneau,agneau,agneaux,https://assets.afcdn.com/recipe/20170607/67664_w150h150.webp
416,potimarron,potimarrons,Potimarron,161,"1,06","0,3","6,88","3,5","1,8",,"0,08",,potimarron,potimarron,potimarrons,https://assets.afcdn.com/recipe/20170607/67353_w150h150.webp
417,topinambour,topinambours,Topinambour,346,"1,8","0,7",16,"9,6","2,2",,0,0,topinambour,topinambour,topinambours,https://assets.afcdn.com/recipe/20170607/67677_w150h150.webp
418,branche,branches,,,,,,,,,,,,branche,branches,https://assets.afcdn.com/recipe/20191205/103543_w150h150.png
419,marlin,marlins,Marlin,,,,,,,,,,marlin,marlin,marlins,https://assets.afcdn.com/recipe/20100101/ingredient_default_w150h150.webp
420,piperade,piperades,Piperade,,"1,1","3,8","6,5","4,9","3,4",,2,"2,09",piperade,piperade,piperades,https://assets.afcdn.com/recipe/20100101/ingredient_default_w150h150.webp
421,beef,beefs,,,,,,,,,,,,beef,beefs,https://assets.afcdn.com/recipe/20100101/ingredient_default_w150h150.webp
422,tahin,tahins,Tahin,,"20,3","53,4","13,8","0,49",7,,"7,48",0,tahin,tahin,tahins,https://assets.afcdn.com/recipe/20180621/79744_w150h150.webp
423,arachide,arachides,Arachide,,"15,5",22,"9,54","2,47","8,8",,"3,06",0,arachide,arachide,arachides,https://assets.afcdn.com/recipe/20170623/69218_w150h150.webp
424,surimi,surimis,Surimi,525,"8,31","4,92","11,8","2,1","< 0,33",,"0,46","10,8",surimi,surimi,surimis,https://assets.afcdn.com/recipe/20170607/67373_w150h150.webp
425,merlu,merlus,Merlu,472,"21,2",3,traces,0,0,,"0,92","77,4",merlu,merlu,merlus,https://assets.afcdn.com/recipe/20210113/117183_w150h150.jpeg
426,cerise,cerises,Cerises,235,"0,81","< 0,3",13,10,"1,6",,"< 0,01",0,cerises,cerise,cerises,https://assets.afcdn.com/recipe/20170607/67491_w150h150.webp
427,pâté,pâtés,Pâte,2110,"5,7","24,6","64,4","22,9","1,5",,"11,8","1,37",pate,pate,pates,
428,châtaigne,châtaignes,Châtaignes,,"2,13","2,23","36,5","7,86","7,45",,"0,37",0,chataignes,chataigne,chataignes,https://assets.afcdn.com/recipe/20170607/67478_w150h150.webp
429,flageolet,flageolets,Flageolet,469,"6,75","1,1",12,"0,3","13,8",,"0,25",,flageolet,flageolet,flageolets,https://assets.afcdn.com/recipe/20171228/76363_w150h150.webp
430,cointreau,cointreaux,Cointreau,,,,,,,,,,cointreau,cointreau,cointreaux,https://assets.afcdn.com/recipe/20100101/ingredient_default_w150h150.webp
431,fonds,fonds,,,,,,,,,,,,fonds,fonds,
432,bois,bois,,,,,,,,,,,,bois,bois,https://assets.afcdn.com/recipe/20100101/ingredient_default_w150h150.webp
433,pamplemousse,pamplemousses,Pamplemousse,169,"< 0,5","< 0,5","8,02","6,6","0,8",,"< 0,01",0,pamplemousse,pamplemousse,pamplemousses,https://assets.afcdn.com/recipe/20170607/67465_w150h150.webp
434,sabre,sabres,Sabre,524,18,"5,9",traces,0,0,,"0,94",,sabre,sabre,sabres,https://assets.afcdn.com/recipe/20100101/ingredient_default_w150h150.webp
435,dindonneau,dindonneaux,Dindonneau,,,,,,,,,,dindonneau,dindonneau,dindonneaux,https://assets.afcdn.com/recipe/20100101/ingredient_default_w150h150.webp
436,baba,babas,Baba,708,"2,83","3,86","23,6","18,2","0,87",,"2,77",,baba,baba,babas,https://assets.afcdn.com/recipe/20100101/ingredient_default_w150h150.webp
437,pickle,pickles,Pickles,,,,,,,,,,pickles,pickle,pickles,https://assets.afcdn.com/recipe/20250414/159663_w150h150.png
438,raifort,raiforts,Raifort,,"7,5","0,7",13,,"7,5",,"0,11",0,raifort,raifort,raiforts,https://assets.afcdn.com/recipe/20170621/69144_w150h150.webp
439,pak,pak,,,,,,,,,,,,pak,pak,https://assets.afcdn.com/recipe/20210118/117362_w150h150.webp
440,brousse,brousses,Brousse,,,,,,,,,,brousse,brousse,brousses,https://assets.afcdn.com/recipe/20210111/117092_w150h150.webp
441,ricotta,ricottas,Ricotta,,"8,61","11,9",4,"2,25",0,,"8,08",51,ricotta,ricotta,ricottas,https://assets.afcdn.com/recipe/20170607/67574_w150h150.webp
442,trompette,trompettes,,,,,,,,,,,,trompette,trompettes,https://assets.afcdn.com/recipe/20180202/77331_w150h150.webp
443,pineau,pineaux,,,,,,,,,,,,pineau,pineaux,
444,alcool,alcools,Alcool,2730,0,0,0,0,0,,0,0,alcool,alcool,alcools,
445,tamari,tamaris,Tamari,,,,,,,,,,tamari,tamari,tamaris,https://assets.afcdn.com/recipe/20100101/ingredient_default_w150h150.webp
446,bicarbonate,bicarbonates,Bicarbonate,"1,7","0,1",0,0,0,0,,0,0,bicarbonate,bicarbonate,bicarbonates,https://assets.afcdn.com/recipe/20170607/67615_w150h150.webp
447,tomme,tomme,Tomme,1460,"21,1","29,4",traces,traces,0,,"19,4",,tomme,tomme,tomme,https://assets.afcdn.com/recipe/20170607/67596_w150h150.webp
448,mogette,mogettes,Mogette,,,,,,,,,,mogette,mogette,mogettes,https://assets.afcdn.com/recipe/20171229/76409_w150h150.webp
449,tandoori,tandoori,Tandoori,,"2,6","1,7","14,3","12,3","1,9",,"0,35",,tandoori,tandoori,tandoori,https://assets.afcdn.com/recipe/20210118/117366_w150h150.webp
450,pigeon,pigeons,Pigeon,887,"23,9",13,0,0,0,,"3,74",116,pigeon,pigeon,pigeons,https://assets.afcdn.com/recipe/20100101/ingredient_default_w150h150.webp
451,crottin,crottins,,,,,,,,,,,,crottin,crottins,https://assets.afcdn.com/recipe/20170623/69238_w150h150.webp
452,tamarin,tamarins,Tamarin,,"2,65","0,6","57,4","38,8","5,1",,"0,24",0,tamarin,tamarin,tamarins,https://assets.afcdn.com/recipe/20180202/77322_w150h150.webp
453,griotte,griottes,Griotte,,"1,1","0,3","10,5","8,49","1,65",,"0,084",0,griotte,griotte,griottes,
454,cresson,cressons,Cresson,,"2,25","0,1",traces,,"2,1",,,,cresson,cresson,cressons,https://assets.afcdn.com/recipe/20170607/67704_w150h150.webp
455,salsifis,salsifis,Salsifis,243,"2,63","< 0,3","9,29","2,3","4,5",,"< 0,01",,salsifis,salsifis,salsifis,https://assets.afcdn.com/recipe/20210114/117246_w150h150.webp
456,palette,palettes,Palette,868,"24,8","12,1",traces,,0,,"4,57","71,1",palette,palette,palettes,https://assets.afcdn.com/recipe/20100101/ingredient_default_w150h150.webp
457,nougat,nougats,Nougat,1100,"4,83","15,2","25,3","20,5","2,76",,11,"22,7",nougat,nougat,nougats,
458,merlan,merlans,Merlan,417,23,"0,7",traces,0,0,,"0,13",55,merlan,merlan,merlans,https://assets.afcdn.com/recipe/20170607/67638_w150h150.webp
459,Leerdammer,Leerdammer,Leerdammer,,,,,,,,,,leerdammer,leerdammer,leerdammer,
460,tome,tomes,,,,,,,,,,,,tome,tomes,https://assets.afcdn.com/recipe/20171213/76021_w150h150.webp
461,pâtisson,pâtissons,Pâtisson,,,,,,,,,,patisson,patisson,patissons,https://assets.afcdn.com/recipe/20170621/69120_w150h150.webp
462,chèvre,chèvres,Chèvre,241,"3,15","3,2","4,01","4,01",0,,"2,16","12,1",chevre,chevre,chevres,https://assets.afcdn.com/recipe/20170607/67397_w150h150.webp
463,cheval,chevaux,Cheval,711,"28,2","6,24",traces,,0,,"1,99",,cheval,cheval,chevaux,https://assets.afcdn.com/recipe/20100101/ingredient_default_w150h150.webp
464,marcassin,marcassins,Marcassin,,,,,,,,,,marcassin,marcassin,marcassins,
465,pleurote,pleurotes,Pleurote,107,"3,06","0,36","1,5","0,71","2,4",,"0,062",0,pleurote,pleurote,pleurotes,https://assets.afcdn.com/recipe/20170621/69128_w150h150.webp
466,frite,frites,Frite,1200,"3,28","11,9","39,4","0,69","3,9",,"2,94",0,frite,frite,frites,https://assets.afcdn.com/recipe/20210120/117464_w150h150.webp
467,canette,canettes,Canette,,,,,,,,,,canette,canette,canettes,https://assets.afcdn.com/recipe/20100101/ingredient_default_w150h150.webp
468,daurade,daurades,Daurade,512,"22,9","3,3",traces,0,0,,"0,75",67,daurade,daurade,daurades,https://assets.afcdn.com/recipe/20180213/77535_w150h150.webp
469,igname,ignames,Igname,463,"1,49","0,14","23,6","0,49","3,9",,"0,029",0,igname,igname,ignames,https://assets.afcdn.com/recipe/20171229/76412_w150h150.webp
470,avocat,avocats,Avocat,843,"1,56","20,6","0,83","0,4","3,6",,"4,51","< 0,5",avocat,avocat,avocats,https://assets.afcdn.com/recipe/20170607/67382_w150h150.webp
471,collier,colliers,,,,,,,,,,,,collier,colliers,
472,écorce,écorces,,,,,,,,,,,,ecorce,ecorces,
473,tendre,tendres,,,,,,,,,,,,tendre,tendres,
474,clémentine,clémentines,Clémentine,200,"0,81","< 0,5","9,17","8,6","1,7",,"< 0,01",0,clementine,clementine,clementines,https://assets.afcdn.com/recipe/20170607/67492_w150h150.webp
475,sole,soles,Sole,330,"15,7","1,69",traces,0,0,,"0,31","60,5",sole,sole,soles,https://assets.afcdn.com/recipe/20170621/69043_w150h150.webp
476,églefin,églefins,églefin,377,"20,9","0,6",traces,0,0,,"0,1",38,eglefin,eglefin,eglefins,https://assets.afcdn.com/recipe/20100101/ingredient_default_w150h150.webp
477,dorade,dorades,Dorade,512,"22,9","3,3",traces,0,0,,"0,75",67,dorade,dorade,dorades,https://assets.afcdn.com/recipe/20170621/69025_w150h150.webp
478,bar,bars,Bar,350,"19,1","0,7",traces,0,0,,"0,2","47,6",bar,bar,bars,https://assets.afcdn.com/recipe/20250623/161008_w150h150.png
479,raie,raies,Raie,415,"23,2","0,57",traces,0,0,,"0,12",67,raie,raie,raies,https://assets.afcdn.com/recipe/20170621/69143_w150h150.webp
480,morue,morues,Morue,871,"47,6","1,67",traces,0,0,,"0,31",105,morue,morue,morues,https://assets.afcdn.com/recipe/20170607/67443_w150h150.webp
481,truite,truites,Truite,419,19,"2,6",traces,0,0,,"0,54",,truite,truite,truites,https://assets.afcdn.com/recipe/20170607/67556_w150h150.webp
482,rascass,rascass,,,,,,,,,,,,rascass,rascass,
483,saint-pierre,Saint-pierres,Saint-pierre,1230,"18,5","24,5",traces,,0,,"16,8","99,7",saint-pierre,saint-pierre,saint-pierres,https://assets.afcdn.com/recipe/20210114/117244_w150h150.webp
484,vif,vifs,,,,,,,,,,,,vif,vifs,
485,grondin,grondins,Grondin,397,19,2,traces,0,0,,,,grondin,grondin,grondins,https://assets.afcdn.com/recipe/20100101/ingredient_default_w150h150.webp
486,cigal,cigaux,,,,,,,,,,,,cigal,cigaux,https://assets.afcdn.com/recipe/20100101/ingredient_default_w150h150.webp
487,loup,loups,Loup,414,"20,1","1,94",traces,0,0,,"0,49","58,1",loup,loup,loups,https://assets.afcdn.com/recipe/20100101/ingredient_default_w150h150.webp
488,feter,feters,,,,,,,,,,,,feter,feters,
489,tsuyu,tsuyu,,,,,,,,,,,,tsuyu,tsuyu,
490,écrevisse,écrevisses,écrevisse,312,"16,3","0,7","0,56","< 0,25",0,,"0,17",116,ecrevisse,ecrevisse,ecrevisses,https://assets.afcdn.com/recipe/20170621/69031_w150h150.webp
491,aromate,aromates,Aromate,206,"3,58","0,8","4,15","1,99","5,64",,"0,2",0,aromate,aromate,aromates,https://assets.afcdn.com/recipe/20100101/ingredient_default_w150h150.webp
492,cabillaud,cabillauds,Cabillaud,420,"23,1","0,73",0,0,0,,"0,14","52,1",cabillaud,cabillaud,cabillauds,https://assets.afcdn.com/recipe/20170607/67384_w150h150.webp
493,merluchon,merluchons,Merluchon,,,,,,,,,,merluchon,merluchon,merluchons,https://assets.afcdn.com/recipe/20100101/ingredient_default_w150h150.webp
494,langoustine,langoustines,Langoustine,,"20,9","0,98",,,0,,"0,14",149,langoustine,langoustine,langoustines,https://assets.afcdn.com/recipe/20170607/67584_w150h150.webp
495,crabe,crabes,Crabe,,"18,3","3,8",,,0,,"1,14",115,crabe,crabe,crabes,https://assets.afcdn.com/recipe/20170607/67697_w150h150.webp
496,pavé,pavés,,,,,,,,,,,,pave,paves,
497,sébast,sébasts,,,,,,,,,,,,sebast,sebasts,https://assets.afcdn.com/recipe/20100101/ingredient_default_w150h150.webp
498,maquereau,maquereaux,Maquereau,949,"21,5","15,8",traces,0,0,,"4,44","81,8",maquereau,maquereau,maquereaux,https://assets.afcdn.com/recipe/20170607/67672_w150h150.webp
499,homard,homards,Homard,385,"19,6","1,32","0,11",0,0,,"0,21",128,homard,homard,homards,https://assets.afcdn.com/recipe/20170607/67363_w150h150.webp
500,flétan,flétans,Flétan,409,"21,2","1,31",traces,0,0,,"0,21","43,7",fletan,fletan,fletans,https://assets.afcdn.com/recipe/20100101/ingredient_default_w150h150.webp
501,salicorne,salicornes,Salicorne,,"0,67","0,24","1,1",,"2,46",,,,salicorne,salicorne,salicornes,https://assets.afcdn.com/recipe/20210114/117245_w150h150.webp
502,turbot,turbots,Turbot,497,"21,3","3,64",traces,0,0,,"0,9",62,turbot,turbot,turbots,https://assets.afcdn.com/recipe/20210118/117324_w150h150.webp
503,plier,pliers,,,,,,,,,,,,plier,pliers,
504,tilapia,tilapias,Tilapia,387,"18,1","2,13",traces,0,0,,"0,56","39,5",tilapia,tilapia,tilapias,https://assets.afcdn.com/recipe/20100101/ingredient_default_w150h150.webp
505,limande,limandes,Limande,380,"17,4","2,27",traces,0,0,,"0,12",73,limande,limande,limandes,https://assets.afcdn.com/recipe/20210113/117177_w150h150.jpeg
506,rouget,rougets,Rouget,602,"24,1","5,2",traces,0,0,,"0,73","63,9",rouget,rouget,rougets,https://assets.afcdn.com/recipe/20170607/67723_w150h150.webp
507,grenadier,grenadiers,Grenadier,292,"15,4","0,81",traces,0,0,,"0,11","37,1",grenadier,grenadier,grenadiers,https://assets.afcdn.com/recipe/20100101/ingredient_default_w150h150.webp
508,rascasse,rascasses,Rascasse,533,"24,6","3,1",traces,0,0,,"0,61","48,9",rascasse,rascasse,rascasses,https://assets.afcdn.com/recipe/20100101/ingredient_default_w150h150.webp
509,roucaou,roucaous,Roucaou,,,,,,,,,,roucaou,roucaou,roucaous,https://assets.afcdn.com/recipe/20100101/ingredient_default_w150h150.webp
510,spigol,spigols,Spigol,,,,,,,,,,spigol,spigol,spigols,https://assets.afcdn.com/recipe/20210118/117367_w150h150.webp
511,oursin,oursins,Oursin,,,,,,,,,,oursin,oursin,oursins,https://assets.afcdn.com/recipe/20180116/76791_w150h150.webp
512,persillade,persillades,Persillade,1170,"9,56","24,8","4,43","0,3","1,26",,"16,6","88,5",persillade,persillade,persillades,https://assets.afcdn.com/recipe/20100101/ingredient_default_w150h150.webp
513,oseille,oseilles,Oseille,,"1,84","0,65","1,6","1,54","1,8",,"0,1",0,oseille,oseille,oseilles,https://assets.afcdn.com/recipe/20170607/67619_w150h150.webp
514,massala,massala,Massala,,"2,6","1,7","14,3","12,3","1,9",,"0,35",,massala,massala,massala,https://assets.afcdn.com/recipe/20171229/76405_w150h150.webp
515,étrille,étrilles,étrille,,,,,,,,,,etrille,etrille,etrilles,https://assets.afcdn.com/recipe/20100101/ingredient_default_w150h150.webp
516,kiwi,kiwis,Kiwi,255,"0,88","0,6",11,"8,9","2,4",,"0,13",0,kiwi,kiwi,kiwis,https://assets.afcdn.com/recipe/20170607/67631_w150h150.webp
517,rouille,rouilles,Rouille,,"1,1","41,4",1,,0,,"5,7",,rouille,rouille,rouilles,https://assets.afcdn.com/recipe/20210114/117237_w150h150.webp
518,spéculos,spéculos,,,,,,,,,,,,speculos,speculos,
519,noilly,noilly,,,,,,,,,,,,noilly,noilly,https://assets.afcdn.com/recipe/20100101/ingredient_default_w150h150.webp
520,encornet,encornets,Encornet,632,"32,5","1,4","1,64",,0,,"0,24",224,encornet,encornet,encornets,https://assets.afcdn.com/recipe/20170621/69009_w150h150.webp
521,caviar,caviars,Caviar,1060,25,"17,1",traces,traces,0,,"3,21",,caviar,caviar,caviars,https://assets.afcdn.com/recipe/20170621/68978_w150h150.webp
522,absinthe,absinthe,Absinthe,1010,"2,88","0,5","59,1","34,3","8,3",,"0,19",0,absinthe,absinthe,absinthe,https://assets.afcdn.com/recipe/20100101/ingredient_default_w150h150.webp
523,coque,coques,Coques,1650,"9,77","4,93","75,5","23,7","4,33",,"0,83",,coques,coque,coques,https://assets.afcdn.com/recipe/20210112/117122_w150h150.jpeg
524,coquille,coquilles,,,,,,,,,,,,coquille,coquilles,
525,pinot,pinot,,,,,,,,,,,,pinot,pinot,https://assets.afcdn.com/recipe/20210114/117223_w150h150.webp
526,rhubarbe,rhubarbes,Rhubarbe,,"0,78","0,23","1,47","1,47","2,47",,"0,053",0,rhubarbe,rhubarbe,rhubarbes,https://assets.afcdn.com/recipe/20170607/67547_w150h150.webp
527,polenta,polentas,Polenta,328,"1,38","< 0,3","16,9","0,1","1,6",,"< 0,01","2,28",polenta,polenta,polentas,https://assets.afcdn.com/recipe/20170607/67371_w150h150.webp
528,dos,dos,,,,,,,,,,,,dos,dos,
529,ratatouille,ratatouilles,Ratatouille,,"1,22","3,15","4,97","3,91","2,03",,"0,47","0,07",ratatouille,ratatouille,ratatouilles,https://assets.afcdn.com/recipe/20170607/67680_w150h150.webp
530,tokay,tokays,Tokay,,,,,,,,,,tokay,tokay,tokays,https://assets.afcdn.com/recipe/20100101/ingredient_default_w150h150.webp
531,cantal,cantal,Cantal,1580,"24,8",31,traces,"< 0,5",0,,"24,2",,cantal,cantal,cantal,https://assets.afcdn.com/recipe/20170607/67517_w150h150.webp
532,sherry,sherry,Sherry,,,,,,,,,,sherry,sherry,sherry,https://assets.afcdn.com/recipe/20100101/ingredient_default_w150h150.webp
533,étoile,étoiles,,,,,,,,,,,,etoile,etoiles,https://assets.afcdn.com/recipe/20170607/67561_w150h150.webp
534,aïoli,aïolis,Aïoli,,"1,13",41,"4,7","3,14","0,42",,,,aioli,aioli,aiolis,https://assets.afcdn.com/recipe/20210120/117474_w150h150.webp
535,coulommiers,coulommiers,,,,,,,,,,,,coulommiers,coulommiers,
536,verveine,verveine,Verveine,,,,,,,,,,verveine,verveine,verveine,https://assets.afcdn.com/recipe/20170621/69184_w150h150.webp
537,coco,cocos,,,,,,,,,,,,coco,cocos,https://assets.afcdn.com/recipe/20100101/ingredient_default_w150h150.webp
538,carambole,caramboles,Carambole,,"1,15","0,32","3,9","3,9","2,8",,"0,019",0,carambole,carambole,caramboles,https://assets.afcdn.com/recipe/20170623/69227_w150h150.webp
539,bigorneau,bigorneaux,Bigorneau,963,"23,8","15,1","0,0018",0,0,,"6,65","77,5",bigorneau,bigorneau,bigorneaux,https://assets.afcdn.com/recipe/20210308/118441_w150h150.png
540,vodker,vodkers,,,,,,,,,,,,vodker,vodkers,
541,sandre,sandres,Sandre,351,"18,3","1,08",traces,0,0,,"0,21","70,3",sandre,sandre,sandres,https://assets.afcdn.com/recipe/20100101/ingredient_default_w150h150.webp
542,bette,bettes,,,,,,,,,,,,bette,bettes,https://assets.afcdn.com/recipe/20170623/69223_w150h150.webp
543,canneberge,canneberges,Canneberge,1410,"< 0,5",1,"76,4","72,8","5,7",,"0,2",0,canneberge,canneberge,canneberges,https://assets.afcdn.com/recipe/20171227/76296_w150h150.webp
544,fettucine,fettucines,Fettucine,,,,,,,,,,fettucine,fettucine,fettucines,https://assets.afcdn.com/recipe/20210316/118631_w150h150.png
545,palourd,palourds,,,,,,,,,,,,palourd,palourds,
546,calamar,calamars,Calamar,1050,"8,69","14,4","21,2","2,58","1,66",,"1,77",90,calamar,calamar,calamars,https://assets.afcdn.com/recipe/20170607/67461_w150h150.webp
547,ormeau,ormeaux,Ormeau,422,"14,4","0,83","8,69",0,0,,"0,15",85,ormeau,ormeau,ormeaux,https://assets.afcdn.com/recipe/20180116/76790_w150h150.webp
548,vermicelle,vermicelles,Vermicelles,,"0,5",5,93,91,"0,5",,4,,vermicelles,vermicelle,vermicelles,https://assets.afcdn.com/recipe/20170607/67336_w150h150.webp
549,seiche,seiches,Seiche,323,"16,2","1,05","0,51",0,0,,"0,35",111,seiche,seiche,seiches,https://assets.afcdn.com/recipe/20170607/67623_w150h150.webp
550,chipiron,chipirons,Chipiron,,,,,,,,,,chipiron,chipiron,chipirons,https://assets.afcdn.com/recipe/20171227/76297_w150h150.webp
551,bulot,bulots,Bulot,555,"23,8","0,57","7,61",0,0,,"0,031",65,bulot,bulot,bulots,https://assets.afcdn.com/recipe/20171227/76294_w150h150.webp
552,telline,tellines,Telline,,,,,,,,,,telline,telline,tellines,https://assets.afcdn.com/recipe/20180202/77321_w150h150.webp
553,praire,praires,Praire,420,"16,2","1,48","5,33",0,0,,"0,14","50,5",praire,praire,praires,https://assets.afcdn.com/recipe/20210114/117228_w150h150.jpeg
554,ventrèche,ventrèches,Ventrèche,,,,,,,,,,ventreche,ventreche,ventreches,https://assets.afcdn.com/recipe/20100101/ingredient_default_w150h150.webp
555,escargot,escargots,Escargot,338,"16,6","1,4","0,23","< 0,3",0,,"0,31",,escargot,escargot,escargots,https://assets.afcdn.com/recipe/20170607/67655_w150h150.webp
556,barbue,barbues,Barbue,,,,,,,,,,barbue,barbue,barbues,https://assets.afcdn.com/recipe/20100101/ingredient_default_w150h150.webp
557,croissant,croissants,Croissant,1560,"7,29",20,"40,4","8,83","2,32",,"11,6","26,5",croissant,croissant,croissants,https://assets.afcdn.com/recipe/20170607/67432_w150h150.webp
558,palourde,palourdes,Palourde,420,"16,2","1,48","5,33",0,0,,"0,14","50,5",palourde,palourde,palourdes,https://assets.afcdn.com/recipe/20170607/67404_w150h150.webp
559,linguine,linguines,Linguine,,,,,,,,,,linguine,linguine,linguines,https://assets.afcdn.com/recipe/20170621/69086_w150h150.webp
560,langouste,langoustes,Langouste,449,"21,8","1,52","1,3",0,0,,"0,26",80,langouste,langouste,langoustes,https://assets.afcdn.com/recipe/20171229/76430_w150h150.webp
561,guacamole,guacamoles,Guacamole,,"2,18","16,5","5,85","2,65","5,65",,"3,95","3,6",guacamole,guacamole,guacamoles,https://assets.afcdn.com/recipe/20170621/69071_w150h150.webp
562,coquillette,coquillettes,Coquillettes,1400,"12,6","1,79","65,8","2,12",3,,"0,37",0,coquillettes,coquillette,coquillettes,https://assets.afcdn.com/recipe/20170607/67679_w150h150.webp
563,miette,miettes,,,,,,,,,,,,miette,miettes,
564,toast,toasts,Toast,971,"9,09","13,3","17,8","5,75","2,8",,"5,94","57,2",toast,toast,toasts,https://assets.afcdn.com/recipe/20170621/69181_w150h150.webp
565,ouassous,ouassous,,,,,,,,,,,,ouassous,ouassous,https://assets.afcdn.com/recipe/20100101/ingredient_default_w150h150.webp
566,betterave,betteraves,Betterave,180,"1,44","0,4","7,13","6,7","2,5",,"0,15",0,betterave,betterave,betteraves,https://assets.afcdn.com/recipe/20170607/67490_w150h150.webp
567,bourbon,bourbons,Bourbon,,,,,,,,,,bourbon,bourbon,bourbons,https://assets.afcdn.com/recipe/20100101/ingredient_default_w150h150.webp
568,chouchen,chouchens,Chouchen,,,,,,,,,,chouchen,chouchen,chouchens,https://assets.afcdn.com/recipe/20100101/ingredient_default_w150h150.webp
569,savora,savora,Savora,,,,,,,,,,savora,savora,savora,https://assets.afcdn.com/recipe/20100101/ingredient_default_w150h150.webp
570,pommeau,pommeaux,Pommeau,,,,,,,,,,pommeau,pommeau,pommeaux,https://assets.afcdn.com/recipe/20100101/ingredient_default_w150h150.webp
571,vinaigrette,vinaigrettes,Vinaigrette,766,"8,22","16,3","1,02","0,62","0,55",,4,587,vinaigrette,vinaigrette,vinaigrettes,https://assets.afcdn.com/recipe/20210316/118623_w150h150.png
572,batavia,batavias,Batavia,"74,6","1,25","< 0,5","1,78","1,1","2,1",,"< 0,01",,batavia,batavia,batavias,https://assets.afcdn.com/recipe/20170621/68945_w150h150.webp
573,chip,chips,Chips,2270,"5,67","34,3","51,1","1,59","4,57",,"3,23","< 0,7",chips,chip,chips,https://assets.afcdn.com/recipe/20210119/117403_w150h150.webp
574,tortilla,tortillas,Tortilla,686,"5,56","9,9","11,7","1,22","2,7",,"1,55","99,2",tortilla,tortilla,tortillas,https://assets.afcdn.com/recipe/20170607/67727_w150h150.webp
575,Banyuls,Banyuls,Banyuls,,,,,,,,,,banyuls,banyuls,banyuls,https://assets.afcdn.com/recipe/20100101/ingredient_default_w150h150.webp
576,scampi,scampis,Scampi,,,,,,,,,,scampi,scampi,scampis,https://assets.afcdn.com/recipe/20210309/118460_w150h150.webp
577,melon,melons,Melon,265,"1,13","< 0,5","14,8","10,6","1,3",,"< 0,01",0,melon,melon,melons,https://assets.afcdn.com/recipe/20170607/67562_w150h150.webp
578,gorgonzola,gorgonzolas,Gorgonzola,1300,"18,6","26,4",traces,"< 0,3",0,,"16,9","81,1",gorgonzola,gorgonzola,gorgonzolas,https://assets.afcdn.com/recipe/20170607/67720_w150h150.webp
579,tuc,tucs,Tuc,2090,"10,5","23,9",59,"5,44","3,14",,"12,1","5,9",tuc,tuc,tucs,https://assets.afcdn.com/recipe/20100101/ingredient_default_w150h150.webp
580,potiron,potirons,Potiron,127,"< 0,5","< 0,3","5,66","4,8",2,,"< 0,01",,potiron,potiron,potirons,https://assets.afcdn.com/recipe/20170607/67669_w150h150.webp
581,tourteau,tourteaux,Tourteau,520,"19,5","4,29","1,79",0,0,,"0,55","73,3",tourteau,tourteau,tourteaux,https://assets.afcdn.com/recipe/20210118/117322_w150h150.webp
582,martini,martinis,Martini,,,,,,,,,,martini,martini,martinis,https://assets.afcdn.com/recipe/20100101/ingredient_default_w150h150.webp
583,caramel,caramels,Caramel,560,"4,35","3,6","20,6",18,traces,,"1,93",12,caramel,caramel,caramels,https://assets.afcdn.com/recipe/20250113/157337_w150h150.webp
584,pancetta,pancettas,Pancetta,1420,"20,2","28,8","0,75","0,43",0,,"12,5","75,2",pancetta,pancetta,pancettas,https://assets.afcdn.com/recipe/20170607/67481_w150h150.webp
585,ratafia,ratafias,Ratafia,,,,,,,,,,ratafia,ratafia,ratafias,https://assets.afcdn.com/recipe/20100101/ingredient_default_w150h150.webp
586,rose,roses,Rose,,"0,77","0,14","6,2","6,2","1,6",,"0,021",0,rose,rose,roses,https://assets.afcdn.com/recipe/20210114/117236_w150h150.webp
587,jeune,jeunes,,,,,,,,,,,,jeune,jeunes,
588,Pili,Pili,,,,,,,,,,,,pili,pili,https://assets.afcdn.com/recipe/20210120/117465_w150h150.webp
589,framboise,framboises,Framboises,206,"1,19","0,8","5,83","5,4","4,3",,"0,13",0,framboises,framboise,framboises,https://assets.afcdn.com/recipe/20170607/67401_w150h150.webp
590,arôme,arômes,Arôme,,"2,87","1,08","12,1","11,5","0,045",,"0,68",,arome,arome,aromes,https://assets.afcdn.com/recipe/20210224/118156_w150h150.webp
591,chipirer,chipirers,,,,,,,,,,,,chipirer,chipirers,
592,glutamate,glutamates,Glutamate,,,,,,,,,,glutamate,glutamate,glutamates,https://assets.afcdn.com/recipe/20100101/ingredient_default_w150h150.webp
593,quinoer,quinoers,,,,,,,,,,,,quinoer,quinoers,
594,mandarine,mandarines,Mandarine,200,"0,81","< 0,5","9,17","8,6","1,7",,"< 0,01",0,mandarine,mandarine,mandarines,https://assets.afcdn.com/recipe/20170607/67627_w150h150.webp
595,risotto,risottos,Risotto,817,"5,93","5,16","30,9","0,58","0,7",,"2,49",,risotto,risotto,risottos,https://assets.afcdn.com/recipe/20180131/77269_w150h150.webp
596,chêne,chênes,Chêne,"59,3","1,13","< 0,5","1,03","0,6","1,8",,"< 0,01",,chene,chene,chenes,https://assets.afcdn.com/recipe/20171227/76298_w150h150.webp
597,tarama,tarama,Tarama,2200,"6,75","54,8","3,19","0,75","0,74",,"4,61","65,2",tarama,tarama,tarama,https://assets.afcdn.com/recipe/20170621/69179_w150h150.webp
598,cracker,crackers,Cracker,1880,"8,5",12,75,"0,4","4,1",,"4,5",,cracker,cracker,crackers,https://assets.afcdn.com/recipe/20210118/117374_w150h150.webp
599,Chablis,Chablis,Chablis,,,,,,,,,,chablis,chablis,chablis,https://assets.afcdn.com/recipe/20100101/ingredient_default_w150h150.webp
600,mie,mies,,,,,,,,,,,,mie,mies,https://assets.afcdn.com/recipe/20171227/76304_w150h150.webp
601,seigle,seigles,Seigle,1450,"8,7","1,37","70,7","0,93","7,15",,"0,15",0,seigle,seigle,seigles,https://assets.afcdn.com/recipe/20210114/117259_w150h150.webp
602,lemon,lemons,,,,,,,,,,,,lemon,lemons,
603,edam,edam,Edam,1380,25,"25,5",traces,"< 0,25",0,,"16,9",89,edam,edam,edam,https://assets.afcdn.com/recipe/20170623/69243_w150h150.webp
604,morbier,morbier,Morbier,1480,"22,4","29,2",traces,traces,0,,"19,2",89,morbier,morbier,morbier,https://assets.afcdn.com/recipe/20180116/76812_w150h150.webp
605,gâteau,gâteaux,Gâteaux,,"5,27","17,8","53,5",32,"1,75",,"5,36","85,8",gateaux,gateau,gateaux,https://assets.afcdn.com/recipe/20100101/ingredient_default_w150h150.webp
606,filo,filos,Filo,1220,"7,1",6,"50,8","0,18","1,9",,"1,47",0,filo,filo,filos,https://assets.afcdn.com/recipe/20171228/76359_w150h150.webp
607,Lambig,Lambigs,Lambig,,,,,,,,,,lambig,lambig,lambigs,https://assets.afcdn.com/recipe/20100101/ingredient_default_w150h150.webp
608,artichaut,artichauts,Artichaut,,"3,2","0,18","4,92","0,99","5,4",,"0,036",0,artichaut,artichaut,artichauts,https://assets.afcdn.com/recipe/20170607/67701_w150h150.webp
609,courge,courges,Courge,,"0,66","0,26","5,06","2,53","1,4",,"0,062",0,courge,courge,courges,https://assets.afcdn.com/recipe/20170607/67583_w150h150.webp
610,litchi,litchis,Litchi,344,"1,13","< 0,5","16,1","15,7",2,,"< 0,01",0,litchi,litchi,litchis,https://assets.afcdn.com/recipe/20170607/67620_w150h150.webp
611,gombo,gombos,Gombo,,"1,87","0,21","2,01","2,01","2,5",,"0,045",0,gombo,gombo,gombos,https://assets.afcdn.com/recipe/20171228/76349_w150h150.webp
612,massalé,massalés,Massalé,,,,,,,,,,massale,massale,massales,https://assets.afcdn.com/recipe/20100101/ingredient_default_w150h150.webp
613,blini,blinis,Blini,,"5,98","11,2","33,7","3,14","2,35",,"3,19","24,7",blini,blini,blinis,https://assets.afcdn.com/recipe/20100101/ingredient_default_w150h150.webp
614,Gewurztraminer,Gewurztraminer,Gewurztraminer,,,,,,,,,,gewurztraminer,gewurztraminer,gewurztraminer,https://assets.afcdn.com/recipe/20171228/76352_w150h150.webp
615,spaghettini,spaghettinis,Spaghettini,,,,,,,,,,spaghettini,spaghettini,spaghettinis,https://assets.afcdn.com/recipe/20170621/69014_w150h150.webp
616,mesclun,mescluns,Mesclun,,2,0,"2,5",0,2,,0,,mesclun,mesclun,mescluns,https://assets.afcdn.com/recipe/20170621/69090_w150h150.webp
617,malibu,malibu,Malibu,,,,,,,,,,malibu,malibu,malibu,
618,ravioli,raviolis,Ravioli,837,"7,98","6,53","25,7","2,82","2,52",,"2,88",30,ravioli,ravioli,raviolis,https://assets.afcdn.com/recipe/20210114/117232_w150h150.webp
619,sorbet,sorbets,,,,,,,,,,,,sorbet,sorbets,
620,Philadelphia,Philadelphia,Philadelphia,,,,,,,,,,philadelphia,philadelphia,philadelphia,https://assets.afcdn.com/recipe/20170621/69121_w150h150.webp
621,yuzu,yuzus,Yuzu,,,,,,,,,,yuzu,yuzu,yuzus,https://assets.afcdn.com/recipe/20210118/117363_w150h150.webp
622,cacahuète,cacahuètes,Cacahuètes,,"25,4","52,5","16,1","10,5",5,,"10,4",0,cacahuetes,cacahuete,cacahuetes,https://assets.afcdn.com/recipe/20170623/69219_w150h150.webp
623,kadaif,kadaifs,Kadaif,,,,,,,,,,kadaif,kadaif,kadaifs,https://assets.afcdn.com/recipe/20100101/ingredient_default_w150h150.webp
624,baudroie,baudroies,Baudroie,,"6,16","34,2","57,1",56,1,,"21,3",23,baudroie,baudroie,baudroies,https://assets.afcdn.com/recipe/20171201/75708_w150h150.webp
625,fourme,fourmes,,,,,,,,,,,,fourme,fourmes,https://assets.afcdn.com/recipe/20170621/69047_w150h150.webp
626,cocktail,cocktails,,,,,,,,,,,,cocktail,cocktails,
627,pomélo,pomélos,Pomélo,,"0,76","0,04","8,62",,1,,,0,pomelo,pomelo,pomelos,https://assets.afcdn.com/recipe/20210120/117473_w150h150.webp
628,nectarine,nectarines,Nectarine,,"1,16","0,31","8,9","7,89","1,7",,"0,025",0,nectarine,nectarine,nectarines,https://assets.afcdn.com/recipe/20250613/160836_w150h150.webp
629,tortil,tortils,Tortils,,,,,,,,,,tortils,tortil,tortils,https://assets.afcdn.com/recipe/20210118/117321_w150h150.webp
630,glace,glaces,Glace,,"2,5","8,4","26,1","21,9",< 3,,"5,44","39,3",glace,glace,glaces,https://assets.afcdn.com/recipe/20210122/117544_w150h150.webp
631,fleuron,fleurons,,,,,,,,,,,,fleuron,fleurons,
632,liqueur,liqueurs,Liqueur,1380,"0,1","0,3","39,6","35,3",0,,"0,083",0,liqueur,liqueur,liqueurs,
633,kéfir,kéfir,Kéfir,,"3,13","3,5","4,5","3,62",0,,"2,33",14,kefir,kefir,kefir,https://assets.afcdn.com/recipe/20180717/81453_w150h150.webp
634,aillet,aillets,Aillet,,,,,,,,,,aillet,aillet,aillets,https://assets.afcdn.com/recipe/20100101/ingredient_default_w150h150.webp
635,crozet,crozets,Crozet,,,,,,,,,,crozet,crozet,crozets,https://assets.afcdn.com/recipe/20170621/69016_w150h150.webp
636,sardine,sardines,Sardine,683,"19,5","9,48",traces,0,0,,"2,4","78,9",sardine,sardine,sardines,https://assets.afcdn.com/recipe/20250625/161027_w150h150.png
637,gressin,gressins,Gressin,1800,"13,9","11,8","65,3","2,06","5,16",,"2,78",,gressin,gressin,gressins,https://assets.afcdn.com/recipe/20171228/76368_w150h150.webp
638,hareng,harengs,Hareng,840,23,"12,1",traces,0,0,,"3,51",57,hareng,hareng,harengs,https://assets.afcdn.com/recipe/20170621/69074_w150h150.webp
639,datte,dattes,Datte,,"1,81","0,25","64,7","64,7","7,3",,"0,075",0,datte,datte,dattes,https://assets.afcdn.com/recipe/20170607/67730_w150h150.webp
640,rave,raves,,,,,,,,,,,,rave,raves,https://assets.afcdn.com/recipe/20210122/117514_w150h150.webp
641,choucroute,choucroutes,Choucroute,310,"1,38","6,6","< 0,1","< 0,2","4,5",,"2,02","8,44",choucroute,choucroute,choucroutes,https://assets.afcdn.com/recipe/20170607/67758_w150h150.webp
642,selle,selles,,,,,,,,,,,,selle,selles,
643,saucisson,saucissons,Saucisson,1290,"14,7","17,4","22,6","3,8",2,,"8,6","86,4",saucisson,saucisson,saucissons,https://assets.afcdn.com/recipe/20170607/67463_w150h150.webp
644,jambonneau,jambonneaux,Jambonneau,618,"20,2","7,31","0,28","0,28",0,,"2,4",,jambonneau,jambonneau,jambonneaux,https://assets.afcdn.com/recipe/20210113/117170_w150h150.jpeg
645,fajita,fajitas,Fajitas,665,"12,7","4,5",16,"2,2","1,4",,"1,96","30,6",fajitas,fajita,fajitas,https://assets.afcdn.com/recipe/20180202/77341_w150h150.webp
646,nem,nems,Nem,904,"6,48","11,2","21,1","3,02","2,54",,"2,9",28,nem,nem,nems,https://assets.afcdn.com/recipe/20210122/117538_w150h150.webp
647,ramen,ramens,Ramen,,,,,,,,,,ramen,ramen,ramens,https://assets.afcdn.com/recipe/20210119/117444_w150h150.webp
648,citrouille,citrouilles,Citrouille,,1,"0,1",6,"2,76","0,5",,"0,052",0,citrouille,citrouille,citrouilles,https://assets.afcdn.com/recipe/20170607/67394_w150h150.webp
649,brochet,brochets,Brochet,425,"23,1","0,88",traces,0,0,,"0,15",50,brochet,brochet,brochets,https://assets.afcdn.com/recipe/20100101/ingredient_default_w150h150.webp
650,dashi,dashis,Dashi,,,,,,,,,,dashi,dashi,dashis,https://assets.afcdn.com/recipe/20100101/ingredient_default_w150h150.webp
651,nori,noris,Nori,1060,"31,5","1,63","10,5",,"36,3",,,,nori,nori,noris,https://assets.afcdn.com/recipe/20171110/74695_w150h150.webp
652,clovisse,clovisses,Clovisse,,,,,,,,,,clovisse,clovisse,clovisses,https://assets.afcdn.com/recipe/20100101/ingredient_default_w150h150.webp
653,galanger,galangers,,,,,,,,,,,,galanger,galangers,
654,pigeonneau,pigeonneaux,Pigeonneau,,,,,,,,,,pigeonneau,pigeonneau,pigeonneaux,https://assets.afcdn.com/recipe/20100101/ingredient_default_w150h150.webp
655,Golden,Goldens,,,,,,,,,,,,golden,goldens,
656,panko,pankos,,,,,,,,,,,,panko,pankos,
657,feuillet,feuillets,Feuillet,1260,"8,39","17,8","26,1","3,03","1,65",,"10,1","39,1",feuillet,feuillet,feuillets,
658,liseron,liserons,,,,,,,,,,,,liseron,liserons,
659,condiment,condiments,Condiments,,,,,,,,,,condiments,condiment,condiments,https://assets.afcdn.com/recipe/20100101/ingredient_default_w150h150.webp
660,thiof,thiofs,Thiof,,,,,,,,,,thiof,thiof,thiofs,https://assets.afcdn.com/recipe/20100101/ingredient_default_w150h150.webp
661,manioc,maniocs,Manioc,561,"0,69","0,043",32,,"0,4",,,,manioc,manioc,maniocs,https://assets.afcdn.com/recipe/20171229/76403_w150h150.webp
662,lime,limes,Lime,,"0,35","0,57",,,,,,,lime,lime,limes,https://assets.afcdn.com/recipe/20210120/117494_w150h150.webp
663,berkoukes,berkoukes,Berkoukes,,,,,,,,,,berkoukes,berkoukes,berkoukes,https://assets.afcdn.com/recipe/20100101/ingredient_default_w150h150.webp
664,empereur,empereurs,Empereur,311,15,"1,5",traces,0,0,,"0,3",,empereur,empereur,empereurs,https://assets.afcdn.com/recipe/20210122/117539_w150h150.webp
665,mimolette,mimolettes,Mimolette,1290,"24,4","23,4",traces,"< 0,25",0,,"16,8",67,mimolette,mimolette,mimolettes,https://assets.afcdn.com/recipe/20170607/67390_w150h150.webp
666,entrecôte,entrecôtes,Entrecôte,711,"28,2","6,24",traces,,0,,"1,99",,entrecote,entrecote,entrecotes,https://assets.afcdn.com/recipe/20170621/69033_w150h150.webp
667,dakatine,dakatines,Dakatine,,,,,,,,,,dakatine,dakatine,dakatines,https://assets.afcdn.com/recipe/20100101/ingredient_default_w150h150.webp
668,pot-au-feu,Pot-au-feu,Pot-au-feu,326,"10,9","2,02","3,2","1,5","1,5",,"0,82","28,8",pot-au-feu,pot-au-feu,pot-au-feu,https://assets.afcdn.com/recipe/20210125/117591_w150h150.webp
669,knack,knacks,Knack,1200,"12,4","25,9","1,39","1,06","1,37",,"10,9","73,1",knack,knack,knacks,https://assets.afcdn.com/recipe/20210305/118373_w150h150.webp
670,wasabi,wasabis,Wasabi,,,,,,,,,,wasabi,wasabi,wasabis,https://assets.afcdn.com/recipe/20170621/69191_w150h150.webp
671,plum,plums,,,,,,,,,,,,plum,plums,
672,cubesMaggi,cubesMaggis,,,,,,,,,,,,cubesmaggi,cubesmaggis,https://assets.afcdn.com/recipe/20210122/117528_w150h150.webp
673,brède,brèdes,,,,,,,,,,,,brede,bredes,https://assets.afcdn.com/recipe/20100101/ingredient_default_w150h150.webp
674,pariétaire,pariétaires,Pariétaire,,,,,,,,,,parietaire,parietaire,parietaires,https://assets.afcdn.com/recipe/20100101/ingredient_default_w150h150.webp
675,dé,dés,,,,,,,,,,,,de,des,
676,fonio,fonios,Fonio,,,,,,,,,,fonio,fonio,fonios,https://assets.afcdn.com/recipe/20100101/ingredient_default_w150h150.webp
677,râper,râpers,,,,,,,,,,,,raper,rapers,
678,pangasiu,pangasius,Pangasius,276,"13,5","1,27",traces,0,0,,"0,47","29,8",pangasius,pangasiu,pangasius,https://assets.afcdn.com/recipe/20100101/ingredient_default_w150h150.webp
679,appenzeller,appenzellers,Appenzeller,,,,,,,,,,appenzeller,appenzeller,appenzellers,https://assets.afcdn.com/recipe/20171201/75700_w150h150.png
680,kirsch,kirschs,Kirsch,,,,,,,,,,kirsch,kirsch,kirschs,https://assets.afcdn.com/recipe/20170607/67726_w150h150.webp
681,niébé,niébés,Niébé,,,,,,,,,,niebe,niebe,niebes,https://assets.afcdn.com/recipe/20180205/77363_w150h150.webp
682,bergamote,bergamotes,Bergamote,,,,,,,,,,bergamote,bergamote,bergamotes,https://assets.afcdn.com/recipe/20170623/69224_w150h150.webp
683,feuilleté,feuilletés,Feuilleté,1260,"8,39","17,8","26,1","3,03","1,65",,"10,1","39,1",feuillete,feuillete,feuilletes,https://assets.afcdn.com/recipe/20100101/ingredient_default_w150h150.webp
684,livarot,livarots,Livarot,1260,"24,1","22,6",traces,"< 0,2",0,,"15,3","77,3",livarot,livarot,livarots,https://assets.afcdn.com/recipe/20180116/76801_w150h150.webp
685,perle,perles,,,,,,,,,,,,perle,perles,https://assets.afcdn.com/recipe/20100101/ingredient_default_w150h150.webp
686,vacherin,vacherins,Vacherin,1260,"18,5","25,4",traces,traces,0,,"16,3",,vacherin,vacherin,vacherins,https://assets.afcdn.com/recipe/20180202/77329_w150h150.webp
687,vol-au-vent,vol-au-vents,Vol-au-vent,,"7,29","34,9","52,9","49,9","2,51",,"16,4","14,3",vol-au-vent,vol-au-vent,vol-au-vents,https://assets.afcdn.com/recipe/20210119/117446_w150h150.webp
688,carpe,carpes,Carpe,633,"21,6","7,17",traces,0,0,,"1,27",84,carpe,carpe,carpes,https://assets.afcdn.com/recipe/20100101/ingredient_default_w150h150.webp
689,feta,fetas,Feta,,"14,5","22,8","2,5","1,13",0,,"14,3","60,3",feta,feta,fetas,https://assets.afcdn.com/recipe/20170607/67752_w150h150.webp
690,brocciu,broccius,Brocciu,,,,,,,,,,brocciu,brocciu,broccius,https://assets.afcdn.com/recipe/20210111/117091_w150h150.webp
691,bambou,bambous,Bambou,,"1,61","0,15","1,9","1,15","1,25",,"0,041",0,bambou,bambou,bambous,https://assets.afcdn.com/recipe/20170607/67740_w150h150.webp
692,anisette,anisettes,Anisette,,,,,,,,,,anisette,anisette,anisettes,https://assets.afcdn.com/recipe/20100101/ingredient_default_w150h150.webp
693,miso,misos,Miso,,"11,7","5,31","18,1","6,2","5,4",,"1,01",0,miso,miso,misos,https://assets.afcdn.com/recipe/20171110/74682_w150h150.webp
694,bonite,bonites,Bonite,675,"22,3","8,01",traces,0,0,,"2,11",,bonite,bonite,bonites,https://assets.afcdn.com/recipe/20100101/ingredient_default_w150h150.webp
695,salami,salamis,Salami,1870,"17,7","41,8","1,05","< 0,2",traces,,"16,2","95,9",salami,salami,salamis,https://assets.afcdn.com/recipe/20180131/77274_w150h150.webp
696,tapioca,tapiocas,Tapioca,1500,"0,19","0,02","87,8","3,35","0,9",,"0,005",0,tapioca,tapioca,tapiocas,https://assets.afcdn.com/recipe/20170621/69178_w150h150.webp
697,munster,munsters,Munster,1430,"20,7",29,traces,0,0,,"18,8",96,munster,munster,munsters,https://assets.afcdn.com/recipe/20170621/69099_w150h150.webp
698,chester,chesters,Chester,,,,,,,,,,chester,chester,chesters,https://assets.afcdn.com/recipe/20100101/ingredient_default_w150h150.webp
699,faux-filet,faux-filets,Faux-filet,685,"26,6","6,27",traces,,0,,"2,1",,faux-filet,faux-filet,faux-filets,https://assets.afcdn.com/recipe/20190529/93155_w150h150.png
700,bolet,bolets,Bolet,,,,,,,,,,bolet,bolet,bolets,https://assets.afcdn.com/recipe/20210118/117329_w150h150.webp
701,chips,chips,Chips,2270,"5,67","34,3","51,1","1,59","4,57",,"3,23","< 0,7",chips,chips,chips,https://assets.afcdn.com/recipe/20170623/69229_w150h150.webp
702,satay,satays,Satay,,,,,,,,,,satay,satay,satays,https://assets.afcdn.com/recipe/20100101/ingredient_default_w150h150.webp
703,conchiglioni,conchiglionis,Conchiglioni,,,,,,,,,,conchiglioni,conchiglioni,conchiglionis,https://assets.afcdn.com/recipe/20170623/69233_w150h150.webp
704,Saint,Saint,,,,,,,,,,,,saint,saint,https://assets.afcdn.com/recipe/20170621/69172_w150h150.webp
705,kiri,kiris,Kiri,,"10,6","18,9","24,1","3,1","1,2",,"11,3",49,kiri,kiri,kiris,https://assets.afcdn.com/recipe/20210119/117417_w150h150.webp
706,boulette,boulettes,,,,,,,,,,,,boulette,boulettes,
707,brie,bries,Brie,1240,"16,9","25,5",traces,0,0,,"16,3","95,8",brie,brie,bries,
708,diot,diots,Diot,,18,30,,,0,,,,diot,diot,diots,https://assets.afcdn.com/recipe/20171227/76313_w150h150.webp
709,pèpè,pèpès,Pèpè,,,,,,,,,,pepe,pepe,pepes,https://assets.afcdn.com/recipe/20100101/ingredient_default_w150h150.webp
710,djansan,djansans,Djansan,,,,,,,,,,djansan,djansan,djansans,https://assets.afcdn.com/recipe/20100101/ingredient_default_w150h150.webp
711,méliss,mélisss,,,,,,,,,,,,meliss,melisss,https://assets.afcdn.com/recipe/20180116/76807_w150h150.webp
712,krisprolls,krisprolls,Krisprolls,1680,"9,75","8,25","68,5","6,2","7,3",,"1,64",,krisprolls,krisprolls,krisprolls,https://assets.afcdn.com/recipe/20210122/117536_w150h150.webp
713,aspartame,aspartames,Aspartame,904,"6,35",0,"69,3","6,65","2,2",,0,,aspartame,aspartame,aspartames,https://assets.afcdn.com/recipe/20100101/ingredient_default_w150h150.webp
714,algue,algues,,,,,,,,,,,,algue,algues,https://assets.afcdn.com/recipe/20210120/117492_w150h150.webp
715,cranberrie,cranberries,Cranberries,,,,,,,,,,cranberries,cranberrie,cranberries,https://assets.afcdn.com/recipe/20171113/74918_w150h150.webp
716,saint-nectair,saint-nectairs,,,,,,,,,,,,saint-nectair,saint-nectairs,
717,limoncello,limoncellos,Limoncello,,,,,,,,,,limoncello,limoncello,limoncellos,https://assets.afcdn.com/recipe/20180719/81508_w150h150.webp
718,tortellini,tortellinis,Tortellini,837,"7,98","6,53","25,7","2,82","2,52",,"2,88",30,tortellini,tortellini,tortellinis,https://assets.afcdn.com/recipe/20180202/77330_w150h150.webp
719,brandade,brandades,Brandade,491,"6,39","6,15","8,57","1,62","1,1",,"3,68",31,brandade,brandade,brandades,https://assets.afcdn.com/recipe/20100101/ingredient_default_w150h150.webp
720,grenadin,grenadins,,,,,,,,,,,,grenadin,grenadins,
721,mortadelle,mortadelles,Mortadelle,1260,15,"26,7","1,4",0,0,,"10,6","72,5",mortadelle,mortadelle,mortadelles,https://assets.afcdn.com/recipe/20180712/80838_w150h150.png
722,carde,cardes,Carde,,,,,,,,,,carde,carde,cardes,
723,carpaccio,carpaccios,Carpaccio,1120,"15,2",23,"0,55","0,5","0,36",,"7,38","55,6",carpaccio,carpaccio,carpaccios,
724,mirabelle,mirabelles,Mirabelle,325,"0,63","< 0,5",18,"13,3","2,2",,"< 0,01",,mirabelle,mirabelle,mirabelles,
725,aileron,ailerons,,,,,,,,,,,,aileron,ailerons,
726,collet,collets,,,,,,,,,,,,collet,collets,
727,Blini,Blinis,Blini,,"5,98","11,2","33,7","3,14","2,35",,"3,19","24,7",blini,blini,blinis,
728,époisse,époisses,époisses,1210,"17,4","24,5",traces,"< 0,03",traces,,"17,1","80,5",epoisses,epoisse,epoisses,https://assets.afcdn.com/recipe/20171206/75869_w150h150.webp
729,cream,cream,,,,,,,,,,,,cream,cream,https://assets.afcdn.com/recipe/20210118/117365_w150h150.webp
730,millet,millets,Millet,1480,"10,2","4,1","63,2","0,5","9,7",,"0,76",,millet,millet,millets,https://assets.afcdn.com/recipe/20180131/77244_w150h150.webp
731,pissenlit,pissenlits,Pissenlit,,"2,91","0,85","6,1","0,71","2,7",,"0,17",0,pissenlit,pissenlit,pissenlits,https://assets.afcdn.com/recipe/20180131/77251_w150h150.webp
732,lasagne,lasagnes,Lasagnes,749,7,"10,2",14,"2,3","1,4",,"5,23","25,6",lasagnes,lasagne,lasagnes,https://assets.afcdn.com/recipe/20170607/67588_w150h150.webp
733,iceberg,icebergs,Iceberg,,"1,01","0,18","2,45","1,48","1,15",,"0,023",0,iceberg,iceberg,icebergs,https://assets.afcdn.com/recipe/20171229/76390_w150h150.webp
734,protéine,protéines,,,,,,,,,,,,proteine,proteines,
735,tempeh,tempehs,Tempeh,634,"17,6","4,7","7,89","0,24","6,2",,"0,57",0,tempeh,tempeh,tempehs,https://assets.afcdn.com/recipe/20191205/103630_w150h150.webp
736,chou-rave,chou-raves,Chou-rave,,"1,79","0,1","2,35","2,35","3,6",,"0,013",0,chou-rave,chou-rave,chou-raves,https://assets.afcdn.com/recipe/20210122/117514_w150h150.webp
737,zaatar,zaatars,Zaatar,,,,,,,,,,zaatar,zaatar,zaatars,https://assets.afcdn.com/recipe/20180202/77338_w150h150.webp
738,épeautre,épeautres,épeautre,1430,"15,6","2,43","59,5","6,68","10,7",,"0,41",0,epeautre,epeautre,epeautres,https://assets.afcdn.com/recipe/20171206/75868_w150h150.webp
739,sarrasin,sarrasins,Sarrasin,1470,"11,5","2,19","68,4","0,03","4,2",,"0,33",0,sarrasin,sarrasin,sarrasins,https://assets.afcdn.com/recipe/20170607/67630_w150h150.webp
740,tahini,tahinis,Tahini,,"20,3","53,4","13,8","0,49",7,,"7,48",0,tahini,tahini,tahinis,https://assets.afcdn.com/recipe/20191128/103117_w150h150.webp
741,zeste,zestes,,,,,,,,,,,,zeste,zestes,
742,seitan,seitans,Seitan,566,"20,6","2,5","6,74","0,81","0,9",,"0,38",,seitan,seitan,seitans,https://assets.afcdn.com/recipe/20100101/ingredient_default_w150h150.webp
743,sbrinz,sbrinzs,Sbrinz,,,,,,,,,,sbrinz,sbrinz,sbrinzs,https://assets.afcdn.com/recipe/20100101/ingredient_default_w150h150.webp
744,pipe,pipes,,,,,,,,,,,,pipe,pipes,https://assets.afcdn.com/recipe/20210122/117525_w150h150.webp
745,Parmigiano,Parmigianos,,,,,,,,,,,,parmigiano,parmigianos,https://assets.afcdn.com/recipe/20211008/122505_w150h150.png
746,cervela,cervelas,Cervelas,1150,"11,9","24,8","1,56","0,63","0,4",,"9,37","66,8",cervelas,cervela,cervelas,https://assets.afcdn.com/recipe/20100101/ingredient_default_w150h150.webp
747,farfalle,farfalles,Farfalle,,,,,,,,,,farfalle,farfalle,farfalles,https://assets.afcdn.com/recipe/20170621/69037_w150h150.webp
748,yet,yets,Yet,,,,,,,,,,yet,yet,yets,https://assets.afcdn.com/recipe/20100101/ingredient_default_w150h150.webp
749,jumbo,jumbos,Jumbo,,,,,,,,,,jumbo,jumbo,jumbos,https://assets.afcdn.com/recipe/20100101/ingredient_default_w150h150.webp
750,penné,pennés,Penne,,,,,,,,,,penne,penne,pennes,https://assets.afcdn.com/recipe/20170607/67468_w150h150.webp
751,torsade,torsades,Torsades,,,,,,,,,,torsades,torsade,torsades,https://assets.afcdn.com/recipe/20210118/117318_w150h150.webp
752,coude,coudes,Coude,,,,,,,,,,coude,coude,coudes,https://assets.afcdn.com/recipe/20171227/76302_w150h150.webp
753,skyr,skyrs,Skyr,,,,,,,,,,skyr,skyr,skyrs,
754,poutargue,poutargues,Poutargue,,,,,,,,,,poutargue,poutargue,poutargues,https://assets.afcdn.com/recipe/20180131/77256_w150h150.png
755,fusilli,fusillis,Fusilli,,,,,,,,,,fusilli,fusilli,fusillis,https://assets.afcdn.com/recipe/20171228/76336_w150h150.webp
756,coppa,coppas,Coppa,1180,25,20,1,"0,5",0,,"6,83",,coppa,coppa,coppas,https://assets.afcdn.com/recipe/20170621/69004_w150h150.webp
757,Bouillon,Bouillons,Bouillon,832,"10,8","3,1","30,9","2,2",0,,"1,08","12,8",bouillon,bouillon,bouillons,
758,nugget,nuggets,Nugget,1000,"13,1","13,2","16,2","1,07","1,7",,"2,42","52,1",nugget,nugget,nuggets,https://assets.afcdn.com/recipe/20180202/77344_w150h150.webp
759,Sambal,Sambaux,,,,,,,,,,,,sambal,sambaux,https://assets.afcdn.com/recipe/20100101/ingredient_default_w150h150.webp
760,burrata,burratas,Burrata,,,,,,,,,,burrata,burrata,burratas,https://assets.afcdn.com/recipe/20250416/159693_w150h150.webp
761,petit-épeautre,petit-épeautres,Petit-épeautre,1430,"15,6","2,43","59,5","6,68","10,7",,"0,41",0,petit-epeautre,petit-epeautre,petit-epeautres,https://assets.afcdn.com/recipe/20210316/118605_w150h150.webp
762,lier,liers,,,,,,,,,,,,lier,liers,
763,brandy,brandys,Brandy,,,,,,,,,,brandy,brandy,brandys,https://assets.afcdn.com/recipe/20210120/117482_w150h150.webp
764,glaçon,glaçons,Glaçons,,,,,,,,,,glacons,glacon,glacons,https://assets.afcdn.com/recipe/20170621/69058_w150h150.webp
765,orecchiette,orecchiettes,Orecchiette,,,,,,,,,,orecchiette,orecchiette,orecchiettes,https://assets.afcdn.com/recipe/20180717/81463_w150h150.png
766,papiller,papillers,,,,,,,,,,,,papiller,papillers,
767,corned,corneds,,,,,,,,,,,,corned,corneds,
768,rouy,rouys,Rouy,,,,,,,,,,rouy,rouy,rouys,https://assets.afcdn.com/recipe/20180724/81554_w150h150.webp
769,torsette,torsettes,Torsette,,,,,,,,,,torsette,torsette,torsettes,https://assets.afcdn.com/recipe/20210118/117319_w150h150.webp
770,siave,siave,Siave,,,,,,,,,,siave,siave,siave,https://assets.afcdn.com/recipe/20100101/ingredient_default_w150h150.webp
771,tranche,tranches,,,,,,,,,,,,tranche,tranches,
772,lasagnette,lasagnettes,Lasagnettes,,,,,,,,,,lasagnettes,lasagnette,lasagnettes,https://assets.afcdn.com/recipe/20100101/ingredient_default_w150h150.webp
773,céréal,céréales,,,,,,,,,,,,cereal,cereales,https://assets.afcdn.com/recipe/20100101/ingredient_default_w150h150.webp
774,passata,passatas,Passata,,,,,,,,,,passata,passata,passatas,https://assets.afcdn.com/recipe/20210119/117420_w150h150.webp
775,pappardelle,pappardelles,Pappardelles,,,,,,,,,,pappardelles,pappardelle,pappardelles,https://assets.afcdn.com/recipe/20210309/118454_w150h150.png
776,biscuit,biscuits,Biscuit,,"6,43","26,9","61,7","34,3","2,71",,"14,2",,biscuit,biscuit,biscuits,https://assets.afcdn.com/recipe/20210224/118157_w150h150.png
777,provolone,provolones,Provolone,1420,"25,1","26,6",traces,0,0,,"17,1",69,provolone,provolone,provolones,https://assets.afcdn.com/recipe/20100101/ingredient_default_w150h150.webp
778,mini,minis,,,,,,,,,,,,mini,minis,
779,rosette,rosettes,Rosette,1580,"24,2","30,7","1,79","1,46",traces,,"11,8","97,7",rosette,rosette,rosettes,https://assets.afcdn.com/recipe/20180202/77309_w150h150.webp
780,speck,specks,Speck,1010,"12,2","9,43","25,7","3,47","1,6",,"4,67",,speck,speck,specks,https://assets.afcdn.com/recipe/20100101/ingredient_default_w150h150.webp
781,saint-marcellin,saint-marcellins,Saint-marcellin,1160,"14,8","24,3",traces,"< 0,2",0,,"18,1","93,4",saint-marcellin,saint-marcellin,saint-marcellins,https://assets.afcdn.com/recipe/20170621/69158_w150h150.webp
782,grappa,grappas,Grappa,,,,,,,,,,grappa,grappa,grappas,https://assets.afcdn.com/recipe/20100101/ingredient_default_w150h150.webp
783,cédrat,cédrats,Cédrat,899,"2,19","19,2","6,8","6,5","3,5",,"1,88",,cedrat,cedrat,cedrats,https://assets.afcdn.com/recipe/20210308/118443_w150h150.png
784,pâtir,pâtirs,,,,,,,,,,,,patir,patirs,
785,févette,févettes,Févette,,,,,,,,,,fevette,fevette,fevettes,https://assets.afcdn.com/recipe/20170622/69199_w150h150.webp
786,truffe,truffes,Truffe,,"5,77","0,51",,"0,7","8,5",,"0,11",0,truffe,truffe,truffes,
787,moelle,moelles,Moelle,,,,,,,,,,moelle,moelle,moelles,
788,cola,colas,Cola,178,"0,093","0,062","10,2","10,2",0,,0,0,cola,cola,colas,
789,Grana,Granas,,,,,,,,,,,,grana,granas,
790,rigatoni,rigatonis,Rigatoni,,,,,,,,,,rigatoni,rigatoni,rigatonis,
791,Expresso,Expressos,Expresso,32,"< 0,5","0,2","1,16",traces,"< 0,5",,"0,092",0,expresso,expresso,expressos,
792,grenade,grenades,Grenade,340,"1,44","1,2","14,3","13,3","2,3",,"0,07",0,grenade,grenade,grenades,
793,schnaps,schnaps,Schnaps,,,,,,,,,,schnaps,schnaps,schnaps,
794,bouton,boutons,,,,,,,,,,,,bouton,boutons,
795,perche,perches,Perche,503,"22,1","3,42",traces,0,0,,"0,85","82,4",perche,perche,perches,
796,doubanjiang,doubanjiangs,Doubanjiang,,,,,,,,,,doubanjiang,doubanjiang,doubanjiangs,
797,raclette,raclettes,Raclette,1430,"22,9","27,5",traces,traces,0,,"18,5","99,6",raclette,raclette,raclettes,https://assets.afcdn.com/recipe/20170607/67681_w150h150.webp
798,mont,monts,,,,,,,,,,,,mont,monts,https://assets.afcdn.com/recipe/20210930/122321_w150h150.webp
799,picodon,picodons,Picodon,1320,"20,3",26,traces,"< 0,5",0,,"19,2",137,picodon,picodon,picodons,https://assets.afcdn.com/recipe/20210308/118445_w150h150.png
800,vieux,vieux,,,,,,,,,,,,vieux,vieux,https://assets.afcdn.com/recipe/20100101/ingredient_default_w150h150.webp
801,abondance,abondances,Abondance,1640,"26,6","31,6",traces,"< 0,2",0,,"20,1",106,abondance,abondance,abondances,https://assets.afcdn.com/recipe/20181128/84345_w150h150.webp
802,Apremont,Apremont,Apremont,,,,,,,,,,apremont,apremont,apremont,https://assets.afcdn.com/recipe/20100101/ingredient_default_w150h150.webp
803,gendarme,gendarmes,Gendarme,,19,"24,9",,,traces,,"8,56","84,6",gendarme,gendarme,gendarmes,https://assets.afcdn.com/recipe/20100101/ingredient_default_w150h150.webp
804,Cabécou,Cabécous,Cabécou,1170,19,"22,6",traces,0,0,,"17,4",78,cabecou,cabecou,cabecous,https://assets.afcdn.com/recipe/20100101/ingredient_default_w150h150.webp
805,flûte,flûtes,Flûte,,,,,,,,,,flute,flute,flutes,https://assets.afcdn.com/recipe/20100101/ingredient_default_w150h150.webp
806,leffe,leffes,Leffe,,,,,,,,,,leffe,leffe,leffes,https://assets.afcdn.com/recipe/20100101/ingredient_default_w150h150.webp
807,tilsit,tilsits,Tilsit,,,,,,,,,,tilsit,tilsit,tilsits,https://assets.afcdn.com/recipe/20100101/ingredient_default_w150h150.webp
808,pied-de-mouton,pied-de-moutons,Pied-de-mouton,848,"18,1","14,6",traces,,0,,,,pied-de-mouton,pied-de-mouton,pied-de-moutons,https://assets.afcdn.com/recipe/20210114/117222_w150h150.webp
809,rocamadour,rocamadours,Rocamadour,1140,"17,5","22,6",traces,"< 0,14",0,,"17,1","65,5",rocamadour,rocamadour,rocamadours,https://assets.afcdn.com/recipe/20100101/ingredient_default_w150h150.webp
