type_repas,titre,url,image,auteur,difficulte,duree,regime,likes,prep_time,cook_time,total_time,cuisson_type,contraintes,rating,votes,portions,ingredients
salades,Salade russe (ensaladilla rusa),https://www.cuisine-libre.org/salade-russe-ensaladilla-rusa,https://www.cuisine-libre.org/local/cache-gd2/13/3cc651f70fb862b8832fac4a55e15a.jpg?1644797286,,,Durée totale :2 h,Non végétarien,2,30 min,30 min,PT2H,,"Sans viande, Sans lactose, Sans gluten",5.00,2,,"500 g de pommes de terre | 1 grande carotte (env. 100 g) | 2 œufs | 1 petite boîte de thon, de préférence à l’huile d’olive | 1 pot de mayonnaise | 50 ml d’huile d’olive | sel | olives vertes | lanières de poivron rouge rôti"
salades,"Fregola alla primavera, pesto d’herbes (...)",https://www.cuisine-libre.org/fregola-alla-primavera-pesto-d-herbes-fraiches-et-pecorino-poivre,https://www.cuisine-libre.org/local/cache-gd2/98/1821d20807a1dd154e8d6eb1a755d8.jpg?1655750734,Grana Padano Lover,,Durée totale :1 h 05,Végétarien,,45 min,20 min,PT1H5M,Bouilli,Sans viande,,,4,400 g de pâtes Fregola Sarda | 50 ml d’huile de colza | 20 g de pistaches émondées | 30 g de noix de cajou | 50 g de pecorino au poivre | 10 g de parmesan râpé | 300 g de petits pois frais | 250 g de fèves fraîches | 2 carottes de taille moyenne | 1 grosse carotte jaune | 50 g de tomates confites égouttées | 25 ml de jus de citron | 1 c. à soupe de câpres à l’huile | 20 feuilles de menthe fraîche | ½ botte de coriandre fraîche | 40 ml d’eau (pour détendre le pesto) | 1 gousse d’ail | ¼ c. à café de piment d’Espelette | ½ c. à café de cumin | gros sel | sel fin | poivre du moulin
salades,Betteraves rôties à l’estragon,https://www.cuisine-libre.org/betteraves-roties-a-l-estragon,https://www.cuisine-libre.org/local/cache-gd2/2f/3e1c8b319658cced67f0731eb4bf67.jpg?1644795473,Romy,,Durée totale :1 h 05,Végétalien (vegan),46,25 min,40 min,PT1H5M,Four,"Sans viande, Sans œuf, Sans lactose, Sans gluten",4.89,46,4,"4 à 5 betteraves rouges crues | 1 botte d’oignons blancs | 4 c. soupe d’huile d’olive extra vierge | ½ citron pressé | 1 c. soupe de jus de pommes | ½ botte d’estragon | sel, poivre"
salades,Salade gourmande aux asperges,https://www.cuisine-libre.org/salade-gourmande-aux-asperges,https://www.cuisine-libre.org/local/cache-gd2/00/cf0ad622e35a0a68db9c63ef91204e.jpg?1644795844,Ja6,,,Non végétarien,1,?,,,,Sans viande,5.00,1,4,1 botte d’asperges vertes fines | 250 g de salades vertes mélangées | 4 tranches de saumon fumé | 4 œufs | 4 tranches de pain de mie | 40 g de beurre | vinaigrette | 4 cuillères à soupe d’huile d’olive | 1 cuillère à soupe de vinaigre balsamique | Sel & Poivre
salades,Salade de pâtes multicolores,https://www.cuisine-libre.org/salade-de-pates-multicolores,https://www.cuisine-libre.org/local/cache-gd2/e2/79ed5f65e35f5f3226c753099ee27c.jpg?1645318145,Gargantua,,Durée totale :2 h 20,Non végétarien,,10 min,10 min,PT2H20M,Bouilli,,,,10,"500 g de pâtes spiralées (fusilli, tortis ou trottole) multicolores | 1 filet d’huile d’olive | ½ tasse de bacon cuit (ou jambon) coupé en dès | ½ tasse de tomates coupées en dès | ½ tasse (50 g) d’olives noires dénoyautées et coupées en morceaux | ½ tasse (30 g) de parmesan râpé | ½ tasse (15 cl) desauce ranch | ¼ c. café de sel"
salades,Farofa fria (taboulé brésilien),https://www.cuisine-libre.org/taboule-bresilien-farofa-fria,https://www.cuisine-libre.org/local/cache-gd2/93/6b1e68948e89d99ac18214de6502d2.jpg?1644794511,,Facile !,Durée totale :35 min,Végétalien (vegan),,20 min,15 min,PT35M,Friture,"Sans viande, Sans œuf, Sans lactose, Sans gluten",,,4,"3 tasses de farine épaisse de manioc | 1 gros oignon haché | 1 carotte râpée | 1 grosse tomate | 1 poivron vert | 1 tasse d’olives vertes | 1 tasse de maïs cuit égoutté | 1 botte de persil haché | huile neutre | 2 citrons pressés | sel, poivre"
salades,Salade de lentilles aux noix,https://www.cuisine-libre.org/salade-de-lentilles-aux-noix,https://www.cuisine-libre.org/local/cache-gd2/72/98c0de43f32adf90a7a964118e3534.jpg?1644795466,Romy,Facile !,Durée totale :1 h 10,Végétalien (vegan),60,35 min,35 min,PT1H10M,Bouilli,"Sans viande, Sans œuf, Sans lactose, Sans gluten",4.80,60,4,500 g de lentilles vertes | 80 g de cerneaux de noix | 3 c.soupe de vinaigre de Xérès | 8 c.soupe d’huile de noix | 1 botte de ciboulette | 1 pincée de sel | 1 pincée de poivre noir
salades,"Salade d’épeautre, fèves, halloumi et abricots",https://www.cuisine-libre.org/salade-d-epeautre-feves-halloumi-et-abricots,https://www.cuisine-libre.org/local/cache-gd2/30/4b7e7dea8ecf45115c50a2e04b849b.jpg?1644795522,Paniers d’Erquy,,Durée totale :30 min,Végétarien,,15 min,15 min,PT30M,,"Sans viande, Sans œuf",,,4,"300 g de fèves fraîches | 150 g d’épeautre | 8 beaux abricots | 200 g de halloumi | 1 orange (zeste et jus) | 3 à 4 c. à soupe d’huile d’olive | origan | sel, poivre"
salades,Salade de poulet aux cacahuètes,https://www.cuisine-libre.org/salade-de-poulet-aux-cacahuetes,https://www.cuisine-libre.org/local/cache-gd2/8b/ffdeef373c676d5f651513688f3061.jpg?1644794885,SamA.,,Durée totale :35 min,Non végétarien,,10 min,25 min,PT35M,,"Sans œuf, Sans lactose, Sans gluten",,,4,4 blancs de poulet | 2 salades iceberg | 50 g de cacahuètes grillées | 3 c. à soupe de beurre de cacahuète | 6 c. à soupe de sauce soja | 2 c. à soupe d’huile d’arachide
salades,Salade Marco Polo,https://www.cuisine-libre.org/salade-marco-polo,https://www.cuisine-libre.org/local/cache-gd2/69/b8c83103a05f79df99ff964acd9ca8.jpg?1644794335,Loloinfo,,Durée totale :30 min,Non végétarien,1,20 min,10 min,PT30M,Bouilli,Sans viande,5.00,1,10,"Pour la salade | 500 g de tagliatelles | 150 g de surimi | 150 g de crevettes roses décortiquées | 10 gros bouquets pour le décor | 200 g de saumon fumé | 2 poivrons rouges | 4 tomates | Pour la sauce | 2 jaunes d’œuf | 2 c. à soupe de moutarde | 40 cl d’huile | ketchup | 1 citron | 2 c. à soupe de crème fraiche | 1 c. à café de paprika | sel, poivre"
salades,Salade au maïs et patates tièdes au paprika,https://www.cuisine-libre.org/salade-au-mais-et-patates-tiedes-au-paprika,https://www.cuisine-libre.org/local/cache-gd2/c9/56bd17683c6f12bb5b5930b3db9e06.jpg?1644794334,Romy,,Durée totale :40 min,Non végétarien,30,15 min,25 min,PT40M,Sauté,"Sans œuf, Sans lactose, Sans gluten",5.00,30,2,"3 pommes de terre cuites | 100 g de maïs doux | 100 g de bacon fumé | 100 g de mâche | 1 oignon rouge | beurre | 1 c.café de moutarde ancienne | 1 c.soupe d’huile | 1 c.soupe de vinaigre de vin | 1 c.soupe de paprika | sel, poivre"
salades,Burrito bowl aux haricots langue de feu,https://www.cuisine-libre.org/burrito-bowl-aux-haricots-langue-de-feu,https://www.cuisine-libre.org/local/cache-gd2/1f/ef721d459beaffc8910476e8e4459d.jpg?1644797396,,,Durée totale :1 h 05,Végétalien (vegan),,15 min,50 min,PT1H5M,,"Sans viande, Sans œuf, Sans lactose, Sans gluten",,,4,250 g de haricots langue de feu écossés (frais) | 1 oignon rouge haché finement | huile d’olive | 1 poivron rougeet 1 poivron jaunecoupés en petits dés | mélange d’épices mexicaines | 150 g de quinoa | 1 citron vert pressé | 1 avocat coupé en dés | 2 tomates coupées en dés | coriandre fraiche hachée | optionnel : fromage râpé
salades,Salade de poulpes,https://www.cuisine-libre.org/salade-de-poulpes,https://www.cuisine-libre.org/local/cache-gd2/c0/bdb9dfc34f7a33a74b5b6b9bc9c9e4.jpg?1644795783,Yves Huot-Marchand,,Durée totale :1 h 20,Non végétarien,2,20 min,30 min,PT1H20M,Bouilli,"Sans viande, Sans œuf, Sans lactose, Sans gluten",5.00,2,4,800 g de tout petits poulpes | 800 g de petites pommes de terre nouvelles | 1 botte de petits oignons blancs | 4 cuillerées à soupe d’huile d’olive | 1 citron | 4 gousses d’ail | 2 piments verts doux | 1 mesure de safran | 1 pincée de poivre de Cayenne | sel et poivre
salades,Salade aveyronnaise,https://www.cuisine-libre.org/salade-aveyronnaise,https://www.cuisine-libre.org/local/cache-gd2/11/1de92a557c5c81f7170a495c52a89b.jpg?1644795491,Ja6,,Durée totale :50 min,Non végétarien,,20 min,30 min,PT50M,Sauté,"Sans œuf, Sans lactose",,,6,"250 g de salade mélangée : frisée, scarole, pissenlit | 1 filet de canard ou magret | 200 g de gésiers confits | 2 pommes de terre moyennes à chair ferme | 1 gousse d’ail hachée | 2 oignons blancs moyens émincés | 16 cerneaux de noix | 5 c. à soupe d’huile de noix ou d’arachide | 2 c. à soupe de vinaigre de vin | 2 pincées de thym | 1 cuillère à café de moutarde | Sel & poivre"
salades,Salade de riz aux lentilles et poivrons,https://www.cuisine-libre.org/salade-de-riz-aux-lentilles-et-poivrons,https://www.cuisine-libre.org/local/cache-gd2/4f/f276715a56ffccd284ab11568490ac.jpg?1644796566,,,Durée totale :15 min,Végétalien (vegan),1,15 min,,PT15M,,"Sans viande, Sans œuf, Sans lactose, Sans gluten",5.00,1,4,"1 tasse de riz cuit | ½ tasse de lentilles blondes cuites | 1 poivron rouge | 1 poivron vert | 2 oignons nouveaux | 3 c. à soupe d’huile d’olive | 1 c. à soupe de vinaigre de cidre | sel, poivre"
salades,Salade de penne au magret fumé,https://www.cuisine-libre.org/salade-de-pennes-aux-magrets-fumes,https://www.cuisine-libre.org/local/cache-gd2/f1/eb0f2c05a932e776d1bb3e91d98441.jpg?1644795490,Bernard Blazin,,Durée totale :1 h 45,Non végétarien,11,15 min,15 min,PT1H45M,,"Sans œuf, Sans lactose",5.00,11,4,1 botte de radis | 250 g de pennes | 1 gros oignon nouveau | 90 g de magret de canard fumé en tranches fines | 5 c. à soupe d’huile d’olive | 3 c. à soupe de Viandox | ½ c. à café de poivre
salades,Salade de quinoa à la feta,https://www.cuisine-libre.org/salade-de-quinoa-a-la-feta,https://www.cuisine-libre.org/local/cache-gd2/a0/f257c0742e71d0b127632397c8d932.jpg?1644794334,Romy,,Durée totale :55 min,Végétarien,60,10 min,15 min,PT55M,Bouilli,"Sans viande, Sans œuf, Sans gluten",4.83,60,4,"2 tasses (500 g) de quinoa cuit | 1 concombre | 6 petites tomates(ou 1 poivron rouge) | 1 gros oignon blanc | 200 g de feta | 3 c. soupe d’huile d’olive | 2 c. soupe de jus de citron | 1 poignée d’olives noires grecques | sel, poivre"
salades,Taboulé de quinoa,https://www.cuisine-libre.org/taboule-de-quinoa,https://www.cuisine-libre.org/local/cache-gd2/2b/eb8e4612f13f470d097fd8cb87e1ab.jpg?1658143078,Romy,Facile !,Durée totale :2 h 30,Végétalien (vegan),47,15 min,15 min,PT2H30M,Bouilli,"Sans viande, Sans œuf, Sans lactose, Sans gluten",5.00,47,4,"2 tasses (500 g) de quinoa cuit | 1 concombre ferme | 3 tomates | 1 poivron rouge (facultatif) | 2 oignons blanc | 1 poignée de menthe fraîche hachée | 1 poignée de raisins secs | 4 à 8 c.soupe d’huile d’olive | 2 citrons pressés | sel, poivre"
salades,Salade de grenaille à la salicorne,https://www.cuisine-libre.org/salade-de-grenaille-a-la-salicorne,https://www.cuisine-libre.org/local/cache-gd2/4f/f3e6b0f46ed9aaa53bdb6b591a5ca1.jpg?1644800854,Jean-Pierre Bouchet,Facile !,Durée totale :55 min,Végétalien (vegan),1,20 min,35 min,PT55M,Bouilli,"Sans viande, Sans œuf, Sans lactose, Sans gluten",5.00,1,4,250 g de salicornes | 500 g de pommes de terre primeur grenaille de l’Île de Noirmoutier | 1 petit oignon rouge | 2 c. à soupe de vinaigre de cidre | 2 c. à soupe d’huile d’olive | sel et poivre
salades,Salade de lentilles au fenouil,https://www.cuisine-libre.org/salade-de-lentilles-au-fenouil,https://www.cuisine-libre.org/local/cache-gd2/43/fe7109e02d9bbb3f54eff67961d73e.jpg?1644794337,,,Durée totale :35 min,Végétarien,7,15 min,20 min,PT35M,Bouilli,"Sans viande, Sans œuf, Sans gluten",5.00,7,6,250 g de lentilles vertes | 2 petits fenouils | 2 c. soupe de vinaigre de xérès | 2 c. soupe de sauce soja | 4 c. soupe d’huile d’olive extra vierge | 2 poignées de fromage à pâte dure : tomme de brebis ossau-iraty ou parmesan
salades,Pâtes roses aux légumes,https://www.cuisine-libre.org/pates-roses-aux-legumes,https://www.cuisine-libre.org/local/cache-gd2/19/e00fa624bbb448ba2c559d6724135f.jpg?1644794333,pattesdemouches,,Durée totale :1 h 20,Végétalien (vegan),8,15 min,45 min,PT1H20M,Bouilli,"Sans viande, Sans œuf, Sans lactose",5.00,8,8,"400 à 500 g de pâtes semi-complètes | 1 betterave crue | 2 à 4 carottes | quelques oignons verts | 100 à 150 g de tofu fumé aux graines (mon préféré, c’est celui de Taifin, mais vous choisissez celui que vous voulez ou bien vous le faites maison) | huile d’olive (ou colza, noisette, sésame) bio de 1ère pression à froid | 2 à 4 citrons bio | miettes d’algues (dulse, laitue de mer ou wakamé) | miso, sel, poivre, cumin | graines de tournesol ou de sésame"
salades,Poulpe mariné d’Icaria,https://www.cuisine-libre.org/poulpe-marine-d-icaria,https://www.cuisine-libre.org/local/cache-gd2/3a/9e7b44a54a735d6427860cd114aa84.jpg?1644794705,Ja6,,Durée totale :1 h 15,Non végétarien,,15 min,30 min,PT1H15M,Bouilli,"Sans viande, Sans œuf, Sans lactose, Sans gluten",,,6,1 kg de poulpe | 10 cl de vinaigre de vin rouge | 100 g de poivrons rouges | 100 g de poivrons verts | 2 gousses d’ail | 10 g d’origan séché | 10 g de plumets de fenouil | 50 g de câpres | 25 cl d’huile d’olive | sel
salades,Salade de pommes de terre au saumon à l’aneth,https://www.cuisine-libre.org/salade-de-pommes-de-terre-au-saumon-a-l-aneth,https://www.cuisine-libre.org/local/cache-gd2/05/95daaa68c34bab8d9537b8aaed26f7.jpg?1644794497,Romy,,Durée totale :35 min,Non végétarien,15,10 min,15 min,PT35M,Vapeur,"Sans viande, Sans œuf, Sans lactose, Sans gluten",5.00,15,4,4 belles pommes de terre | 4 tranches de saumon fumé (ou degravlax) | 2 c. soupe de jus de citron | 5 c. soupe d’huile d’olive extra vierge | 1 c. soupe d’aneth frais haché | sel marin | poivre noir fraîchement moulu
salades,Boulgour en salade familiale salée-fruitée,https://www.cuisine-libre.org/boulgour-en-salade-familiale-salee-fruitee,https://www.cuisine-libre.org/local/cache-gd2/92/907e4564c7f11579f4a6542c646bc5.jpg?1648934234,Citrine,Facile !,Durée totale :30 min,Végétarien,2,20 min,10 min,PT30M,,"Sans viande, Sans œuf, Sans lactose",5.00,2,4,500 g de boulgour | vinaigrette maison | 5 carottes | 2 avocats bien mûrs | 1 belle branche de céleri | 1 clémentine | 1 pomme moyenne | 4/5 cornichons | 1 grosse poignée de raisins secs | 1 échalote (ou1/2 oignon) | 1 poignée de persil frais
salades,Taboulé de quinoa fraise mangue,https://www.cuisine-libre.org/salade-de-quinoa-fraise-mangue,https://www.cuisine-libre.org/local/cache-gd2/22/ad8d31463b2190955c26d8683f6a1d.jpg?1645304348,Crystal S.,,Durée totale :30 min,Végétarien,,15 min,15 min,PT30M,Bouilli,"Sans viande, Sans œuf, Sans gluten",,,4,"1 tasse de quinoa, bien rincé | 1½ tasse d’eau | ¼ c. à café de sel | 1 tasse de fraises, coupées en dés | ½ mangue, coupée en dés | ¾ tasse de concombre anglais non pelé, coupé en dés de 1,5 cm | 1½ c. à soupe de menthe fraîche hachée | 2 c. à soupe de jus de citron vert | ½ c. à café de zeste de citron vert | 1 c. à soupe de miel | 1 c. à soupe de de crème sure (ou de yogourt nature) | ¼ tasse d’huile d’olive | sel et poivre au goût"
salades,Crosnes aux copeaux de foie gras,https://www.cuisine-libre.org/crosnes-aux-copeaux-de-foie-gras,https://www.cuisine-libre.org/local/cache-gd2/fd/cf0268dd1d605401011053929cc0dc.jpg?1644794294,Ja6,,Durée totale :30 min,Non végétarien,,15 min,15 min,PT30M,Bouilli,"Sans œuf, Sans lactose, Sans gluten",,,6,600 g de crosnes | 150 g de copeaux de foie gras mi-cuit | 1 citron | 200 g de mâche | gros sel | Sauce | 5 cl de jus de truffe (en conserve) | 5 cuillères à soupe d’huile d’olive | fleur de sel & poivre
salades,Riz thon mayo,https://www.cuisine-libre.org/riz-thon-mayo,https://www.cuisine-libre.org/local/cache-gd2/f8/90eec4acd6bdaadc2fae373573852b.jpg?1644794314,Romy,Facile !,Durée totale :10 min,Non végétarien,67,10 min,,PT10M,,"Sans viande, Sans œuf, Sans lactose, Sans gluten",4.97,67,4,300 g de riz cuit froid | 200 g de thon en boîte | 8 cornichons | 1 citron pressé | 2 c. à soupe de mayonnaise | 1 pointe de piment doux moulu | sel et poivre
salades,Pommes de terre au pourpier,https://www.cuisine-libre.org/pommes-de-terre-au-pourpier,https://www.cuisine-libre.org/local/cache-gd2/07/12c423df36a7860f6dde0324b2e085.jpg?1644800360,,,,Non végétarien,,?,,,Sauté,"Sans œuf, Sans lactose, Sans gluten",,,,"100 g de pancetta hachée | 100 g de pourpier | 1 c. à soupe d’oignon émincé | 500 g de petites pommes de terre (rattes) | 60 cl de bouillon de poulet | 1,5 c. à café de miel | 6 cl vinaigre de cidre | sel, poivre"
salades,Taboulé de farro à l’italienne,https://www.cuisine-libre.org/taboule-de-farro-a-l-italienne,https://www.cuisine-libre.org/local/cache-gd2/bc/b74a32871ca3d9860d9ff8c0d14715.jpg?1644796665,,,Durée totale :2 h 35,Végétalien (vegan),1,20 min,15 min,PT2H35M,,"Sans viande, Sans œuf, Sans lactose",5.00,1,6,2 tasses de farro cuit[*] | 6 belles tomates | 1 petite courgette | 2 c. à soupe de pignons | 1 botte de basilic frais | huile d’olive extra-vierge | 1 citron jaune | 6 pincées de sel fin | 6 tours de moulin à poivre
salades,Salade de pissenlit au lard,https://www.cuisine-libre.org/salade-de-pissenlit,https://www.cuisine-libre.org/local/cache-gd2/65/96671afd41debaa1aea71ad2695d93.jpg?1644794695,,,Durée totale :30 min,Non végétarien,,15 min,15 min,PT30M,,Sans lactose,,,,600 g de pissenlits fraîchement récoltés | 250 g de lardons fumés | 4 œufs extra frais | 2 gousses d’ailou 2 échalotes | 2 tranches de pain de campagne un peu rassis taillé en coûtons | 1 c. à café de moutarde | 3 c. à soupe d’huile | 4 c. à soupe de vinaigre de vin | 1 tour de poivre
salades,Taboulé à l’orientale,https://www.cuisine-libre.org/taboule,https://www.cuisine-libre.org/local/cache-gd2/b6/98b4e7e9e75c4f167a94fd4d58d346.jpg?1644794337,,Facile !,Durée totale :2 h 30,Végétalien (vegan),6,30 min,,PT2H30M,,"Sans viande, Sans œuf, Sans lactose",5.00,6,4,"200 g de couscous (semoule de blé dur) moyen | 220 g d’eau | 400 g de belles tomates | 150 g d’oignons nouveaux | 1 citron pressé | 3 cuillères à soupe d’huile d’olive | 1 bouquet de persil plat | 1 bouquet de menthe fraîche | 1 bouquet de coriandre fraîche | sel, poivre"
salades,Salade de haricots et de blé au piment d’Espelette,https://www.cuisine-libre.org/salade-de-haricots-et-de-ble-au-piment-d-espelette,https://www.cuisine-libre.org/local/cache-gd2/06/28caabfc8bc88a6bf18e9780cacf62.jpg?1644870224,Aromarie,,Durée totale :45 min,Végétalien (vegan),,15 min,30 min,PT45M,Bouilli,"Sans viande, Sans œuf, Sans lactose",,,,150 g de blé | 1 boîte de haricots rouges (500 g égouttés) | 1 oignon | 2 c. à soupe d’huile d’olive | 1 c. à soupe de persillade au piment d’Espelette | 1 trait de vinaigre balsamique
salades,Salade Balela,https://www.cuisine-libre.org/salade-balela,https://www.cuisine-libre.org/local/cache-gd2/7f/c76317b1a8b015f15901d8bd87c37b.jpg?1644800162,Gargantua,,Durée totale :25 min,Végétalien (vegan),,25 min,,PT25M,,"Sans viande, Sans œuf, Sans lactose, Sans gluten",,,10,"800 g de pois chiches cuits; en conserve, égouttés et rincés | 800 g de haricots noirs cuits; en conserve, égouttés et rincés | ½ botte de menthe fraîche hachée | ½ botte de persil frais haché | ½ oignon haché | 500 g de tomates grappes ou cerises, coupées en deux ou quatre | sel et poivre du moulin | Sauce | 1 piment vert, haché finement | 1 gousse d’ail, hachée | 5 c. à soupe de vinaigre de cidre | 3 c. à soupe de jus de citron | 4 c. à soupe d’huile d’olive"
salades,Salade de carottes au cumin,https://www.cuisine-libre.org/salade-de-carottes-au-cumin,https://www.cuisine-libre.org/local/cache-gd2/2a/3259fd4509aaaf483d61ac11a837a1.jpg?1644798806,Romy,,Durée totale :2 h 30,Végétalien (vegan),40,10 min,20 min,PT2H30M,Vapeur,"Sans viande, Sans œuf, Sans lactose, Sans gluten",5.00,40,2,500 g de carottes | 2 gousses d’ail | 2 c.café de graines de cumin | 1/2 c.café de paprika | 1 c.soupe d’huile d’olive | 1 c.soupe de jus de citron
salades,Salade « canaille »,https://www.cuisine-libre.org/salade-canaille,https://www.cuisine-libre.org/local/cache-gd2/27/03abb13de5e4bb6acacbbe6e2c97f0.jpg?1644794232,Ja6,,,Non végétarien,,?,,,Friture,"Sans œuf, Sans lactose, Sans gluten",,,,"200 g de mesclun | 1 grosse boîte de haricots blancs | 350 g de peau de 3 magrets ou de confit de canard | 2 tomates | 2 gousses d’ail | 2 cuillères à soupe de graisse d’oie | 5 cl de vinaigre de framboise | sel, poivre | 18 fleurs de capucines (facultatif)"
salades,Salade de quinoa aux haricots noirs et  (...),https://www.cuisine-libre.org/salade-quinoa-haricots-noirs-mangue,https://www.cuisine-libre.org/local/cache-gd2/37/68e17592392110696c9200d173a397.jpg?1644794337,,,Durée totale :15 min,Végétalien (vegan),1,15 min,,PT15M,,"Sans viande, Sans œuf, Sans lactose, Sans gluten",5.00,1,6,"1 mangue, pelée et coupée en dés | 1 poivron rouge, épépiné et coupé en dés | 1 tasse d’échalote émincée | 1 tasse de coriandre fraîche hachée | 2 c. à soupe de vinaigre de vin rouge | 2 c. à soupe d’huile de pépin de raisin | ¼ c. à café de sel | 2 tasses de quinoa cuit, refroidi | 1½ tasse de haricots noirs cuits, égouttés et rincés | quelques feuilles de laitue"
salades,Penne et saumon au pesto d’aneth,https://www.cuisine-libre.org/penne-et-saumon-au-pesto-d-aneth,https://www.cuisine-libre.org/local/cache-gd2/1d/09d4f583c6d887392fdeb4d5a1c7cc.jpg?1644794333,Romy,,Durée totale :25 min,Non végétarien,18,15 min,10 min,PT25M,Bouilli,"Sans viande, Sans lactose",5.00,18,2,250 g de penne rigate | 200 g de saumon frais (ou surgelé) | 20 g d’aneth fraîche | 10 cl d’huile d’olive | 1 gousse d’ail | sel aux herbes (Herbamare)
salades,Salade pimentée de hareng fumé,https://www.cuisine-libre.org/salade-pimentee-de-hareng-fume,https://www.cuisine-libre.org/local/cache-gd2/48/73d8b907125ae70a9c4c239f58da2b.jpg?1644797917,Buttered Up,,,Non végétarien,,?,,,,"Sans viande, Sans œuf, Sans lactose, Sans gluten",,,,"250 g de hareng fumé | 1 gros oignon rouge tranché finement | 3 échalotes tranchées finement | ½ ou 1 c. à café de poudre de chili, selon votre tolérance | 1 citron vert (zeste et jus) | 75 g de coriandre fraîche hachée | ¼ tasse d’huile d’olive | ½ c. à café de poivre noir | sel au goût"
salades,Salade Francillon,https://www.cuisine-libre.org/salade-francillon,https://www.cuisine-libre.org/local/cache-gd2/bd/d74f7d3ab25db5888bc0facd4e4b6f.jpg?1644797047,,,Durée totale :2 h 50,Non végétarien,,25 min,25 min,PT2H50M,Bouilli,"Sans viande, Sans œuf",,,4,2 l de moules de bouchot | 1 truffe brossée | 750 g de pommes de terre | 1 branche de céleri | ½ bouquet d’estragon | 1 bouquet de cerfeuil | 10 brins de ciboulette | 10 cl de vin blanc (Sauternes) | 8 c. à soupe d’huile d’olive | 3 c. à soupe de vinaigre de vin blanc | sel | poivre du moulin
salades,Salade russe facile,https://www.cuisine-libre.org/salade-russe-facile,https://www.cuisine-libre.org/local/cache-gd2/56/6e9a9360757408b7267c5ab6f0bc9b.jpg?1644797286,"Cédric, Guillaume",Facile !,Durée totale :1 h 30,Non végétarien,6,20 min,10 min,PT1H30M,,"Sans viande, Sans gluten",5.00,6,,"800 g de macédoine de légumes en conserve | 140 g de thon naturel en conserve | 3 œufs | ½ sachet de purée de pommes de terre en flocons | ¼ litre d’eau | ⅛ de litre de lait | 5 c. à soupe de mayonnaise | 1 c. à soupe de câpres | 125 g d’olives | sel, poivre"
salades,Salade de maïs,https://www.cuisine-libre.org/salade-de-mais,https://www.cuisine-libre.org/local/cache-gd2/9f/9678b882c3c252ad0f591d60763823.jpg?1644794339,Gargantua,Facile !,Durée totale :10 min,Végétalien (vegan),,10 min,,PT10M,,"Sans viande, Sans œuf, Sans lactose, Sans gluten",,,4,1 boite de maïs doux | 1 oignon rouge | 1 c. à soupe de vinaigre | 2 c. à soupe d’huile | sel et poivre | persil
salades,Frisée aux lardons,https://www.cuisine-libre.org/frisee-aux-lardons,https://www.cuisine-libre.org/local/cache-gd2/4b/5e3f95e63632565bf77dd9c12f8f42.jpg?1644796844,Romy,Facile !,Durée totale :20 min,Non végétarien,20,15 min,5 min,PT20M,,"Sans lactose, Sans gluten",5.00,20,4,"1 chicorée frisée | 200 g de lardons fumés | 2 œufs durs | 1 c. café moutarde ancienne | 2 c. soupe de vinaigre de cidre ou de framboise | 3 c. soupe d’huile de noix | sel, poivre"
salades,"Rossolje, salade estonienne",https://www.cuisine-libre.org/rossolje-salade-estonienne,https://www.cuisine-libre.org/local/cache-gd2/2d/ca24cf6e1d86a3f9c3f72ad71a82be.jpg?1645742132,,,Durée totale :1 h,Non végétarien,,30 min,,PT1H,,Sans gluten,,,4,"500 g de filets de harengs matjes[*] | 500 g de viande de bœuf cuite (pot-au-feu) | 5 betteraves rouges cuites | 3 pommes de terre cuites | 3 cornichons aigres-doux ou doux | 2 petites pommes | 2 œufs durs écalés | 1 oignon haché | 25 cl de crème fraîche épaisse | 15 cl de crème fraîche liquide | 3 c. à soupe de moutarde | 1 c. à soupe de sucre | aneth ciselé | sel, poivre"
salades,Filet américain,https://www.cuisine-libre.org/filet-americain,https://www.cuisine-libre.org/local/cache-gd2/33/14b86c2e901a874b7face4ff3ca991.jpg?1644794322,,,Durée totale :20 min,Non végétarien,6,20 min,,PT20M,Crudité,"Sans lactose, Sans gluten",5.00,6,1,"180 g à 200 g de viande de cheval | 1 jaune d’œuf très frais | 1 c à c d’oignon finement haché | 1 c à c d’échalote hachée | 1 c à c de cornichons au vinaigre | 1 c à c de câpres | 1 grosse c à c de mayonnaise | 1 petite c à c de moutarde | 1 jet de Tabasco | 1 jet de sauce anglaise Worcestershire | sel, poivre du moulin"
salades,Taboulé de janvier,https://www.cuisine-libre.org/taboule-de-janvier,https://www.cuisine-libre.org/local/cache-gd2/c3/c5bb5765fab4fee8dded4b0b9e4a98.jpg?1644802051,Ja6,,Durée totale :1 h 30,Végétalien (vegan),,20 min,10 min,PT1H30M,Bouilli,"Sans viande, Sans œuf, Sans lactose",,,5,150 g de bulgur (boulghour) : blé concassé ou pilpil de blé (semoule de blé dur) | 2 oranges | 1 citron jaune | 80 g d’olives noires | 4 branches de persil plat | 1/2 botte de ciboulette | 6 cuillères à soupe d’huile d’olive | Sel & Poivre
salades,Taboulé tomate feta,https://www.cuisine-libre.org/taboule-tomate-feta,https://www.cuisine-libre.org/local/cache-gd2/f1/03eb3af3168091dcc4ab4fa863592b.jpg?1644794340,,Facile !,Durée totale :1 h 25,Végétarien,2,15 min,10 min,PT1H25M,,"Sans viande, Sans œuf",5.00,2,6,"300 g de semoule de couscous | 250 g de tomates cerises multicolores | 200 g de feta | 2 oignons nouveaux | 1 petit bouquet d’herbes fraîches (persil, menthe, coriandre) | 1 citron | huile d’olive | sel et poivre"
salades,Salade Maria,https://www.cuisine-libre.org/salade-maria,https://www.cuisine-libre.org/local/cache-gd2/41/11c3f185002ddf4bff8fb55b2ebea0.jpg?1644794708,Ja6,,,Végétalien (vegan),,?,,,,"Sans viande, Sans œuf, Sans lactose",,,5,150 g de champignons de Paris | 1 betterave rouge cuite | 150 g de haricots verts | 1 échalotes | 2 cuillères à café de moutarde de Dijon | 1 c. à soupe de vinaigre | 2 c. à soupe d’huile de tournesol | Sel & Poivre
salades,Salade de lentilles aux betteraves,https://www.cuisine-libre.org/salade-de-lentilles-aux-betteraves,https://www.cuisine-libre.org/local/cache-gd2/ac/51d64668ba55c616f555a3e4c7a80c.jpg?1644797706,Le Goût des Plantes,,,Végétarien,,?,,,Bouilli,"Sans viande, Sans lactose, Sans gluten",,,2,"150 g de lentilles | 2 grosses betteraves | 2 œufs | 1 oignon | quelques feuilles de salade verte | huile de noix | vinaigre balsamique | grains de sésame | romarin, thym, sel, poivre"
salades,Salade de poulet à la coriandre,https://www.cuisine-libre.org/salade-de-poulet-a-la-coriandre,https://www.cuisine-libre.org/local/cache-gd2/c0/3eb4c9e4844b24f2a060fca17b3648.jpg?1644795464,Romy,,Durée totale :40 min,Non végétarien,67,20 min,20 min,PT40M,Bouilli,"Sans œuf, Sans lactose, Sans gluten",4.15,67,4,4 blancs de poulet | 2 c.café de cumin | 1 citron pressé | 1 citron confit | 24 amandes entières émondées | 1 bouquet de coriandre fraîche | 4 c.soupe d’huile d’olive vierge
salades,Salade bleue à la moutarde et au fenouil,https://www.cuisine-libre.org/salade-bleue-a-la-moutarde-et-au-fenouil,https://www.cuisine-libre.org/local/cache-gd2/0d/4d6f4d8aadefe413f091787e2f49ee.jpg?1644801316,,,,Végétalien (vegan),,?,,,,"Sans viande, Sans œuf, Sans lactose, Sans gluten",,,,1 kg de pommes de terre bleues (Salad Blue[*]) | 1 tasse de pluches de fenouil | 2 tasses de fleurs de moutarde piquantes | 1 gousse d’ail dégermée émincée | 4 c. à soupe d’huile d’olive extra vierge | poivre noir du moulin | fleur de sel
salades,Salade de blé aux deux olives,https://www.cuisine-libre.org/salade-de-ble-aux-deux-olives,https://www.cuisine-libre.org/local/cache-gd2/04/a8becd1b1e6f76ad3a35e0dfea9b6c.jpg?1644794339,mike,,Durée totale :40 min,Végétalien (vegan),,20 min,20 min,PT40M,Bouilli,"Sans viande, Sans œuf, Sans lactose",,,6,"240 g de blé précuit | 0,7 L d’eau | 1/2 concombre | 12 tomates confites | 10 olives vertes dénoyautées | 10 olives noires dénoyautées | 1/4 botte de persil plat | 2 échalotes | 1 citron pressé | 4 c à s d’huile d’olive | sel et poivre"
salades,Salade de flageolets à l’échalote,https://www.cuisine-libre.org/salade-de-flageolets-a-l-echalote,https://www.cuisine-libre.org/local/cache-gd2/ed/e6d706239d27b725728b6facdc3897.jpg?1644794950,Romy,Facile !,Durée totale :10 min,Végétalien (vegan),4,10 min,,PT10M,,"Sans viande, Sans œuf, Sans lactose, Sans gluten",5.00,4,2,"400 g de flageolets cuits au naturel (en conserve) | 1 échalote rose | 1 c. à soupe de vinaigre de vin à l’échalote | 1 c. à soupe d’huile d’olive | 1 c. à café de moutarde | sel, poivre"
salades,Taboulé de quinoa à la citronnelle et lait de  (...),https://www.cuisine-libre.org/taboule-quinoa-citronnelle-coco,https://www.cuisine-libre.org/local/cache-gd2/fa/5caebaecc08b3586c4682441d37664.jpg?1644795464,,,Durée totale :45 min,Végétalien (vegan),1,15 min,15 min,PT45M,Bouilli,"Sans viande, Sans œuf, Sans lactose, Sans gluten",5.00,1,4,1 tasse de quinoa | 1 tige de citronnelle (quelques centimètres du bas) | 1 piment vert | menthe fraîche | coriandre fraîche | quelques c. à soupe de lait de coco | 1 citron vert pressé | arachides grillées hachées
salades,Salade russe de Malmedy,https://www.cuisine-libre.org/salade-russe-de-malmedy,https://www.cuisine-libre.org/local/cache-gd2/8e/a431d5736f285b67a871b723143629.jpg?1644794335,,,Durée totale :1 j,Non végétarien,,40 min,20 min,PT1D1H,Bouilli,"Sans viande, Sans lactose, Sans gluten",,,6,1 kg de pommes de terre | 1 céleri rave | 500 g env. de betteraves rouges cuites dans leur jus | 1 ou 2 pommes Jonagold | 6 œufs durs | 6 harengs bien fermes | 3 beaux oignons | 1 tasse d’huile | 1 verre de petits oignons blancs au vinaigre | 1 verre de cornichons moyens au vinaigre | mayonnaise | quelques cerneaux de noix (facultatif)
salades,Salade de pommes de terre au trèfle,https://www.cuisine-libre.org/salade-de-pommes-de-terre-au-trefle,https://www.cuisine-libre.org/local/cache-gd2/4f/af151bcd71c3cdd5771a824b0a185c.jpg?1644794229,Fleur de ciboulette,,,Non végétarien,1,?,,,,"Sans œuf, Sans gluten",5.00,1,4,"2 tasses (500 ml) de jeunes feuilles de trèfle | 2 tasses (500 ml) de pommes de terre cuites | 1 poignée de champignons frais | 1 pied de céleri cru | 4 tranches de lard | sel, poivre | 2 c. à soupe d’huile d’olive | 2 c. à soupe de vinaigre de vin | parmesan râpé"
salades,Salade de haricots tarbais aux crevettes (...),https://www.cuisine-libre.org/salade-de-haricots-tarbais-aux-crevettes,https://www.cuisine-libre.org/local/cache-gd2/90/28215e98d844cb97b3d0dc41d0120d.jpg?1644794347,"Anne Lataillade, Haricot Tarbais",,Durée totale :10 min,Non végétarien,,10 min,,PT10M,,"Sans viande, Sans œuf, Sans lactose, Sans gluten",,,2,300 g de haricots tarbais cuits au naturel | 8 grosses crevettes roses cuites | 2 càs de vinaigre balsamique | 2 càs d’huile d’olive | 1 pincée de sel | 1 pincée de poivre | 2 càs de persil ciselé
salades,Salade romaine,https://www.cuisine-libre.org/salade-romaine,https://www.cuisine-libre.org/local/cache-gd2/ec/f831d8371d2cc82676f2cb01e93787.jpg?1644797254,Ja6,,,Non végétarien,1,?,,,Crudité,Sans œuf,5.00,1,4,150 g de jambon de Parme | 1 melon jaune | 2 tomates | 1 salade romaine | 100 g de mozzarella | 2 c. à soupe d’huile d’olive | 1 pincée d’origan | 1 c. à soupe de vinaigre | Sel & Poivre
salades,Taboulé aux moules,https://www.cuisine-libre.org/taboule-aux-moules,https://www.cuisine-libre.org/local/cache-gd2/8a/6f83251a4eed9fa59e8c60d848a089.jpg?1644794880,sevy,,Durée totale :2 h 45,Non végétarien,5,30 min,15 min,PT2H45M,,"Sans viande, Sans œuf, Sans lactose",5.00,5,6,1 kg de moules fraîches | 200 g de semoule | 1 gros oignon | 1 petit poivron rouge | 1 petit poivron vert | 1 citron pressé | 1 bon verre de vin blanc sec | 12 feuilles de menthe fraîche (sinon un sachet pour infusion) | 3 c.s huile olive | bouquet garni
salades,Lentilles corail à la ciboulette,https://www.cuisine-libre.org/salade-de-lentilles-corail-a-la-ciboulette,https://www.cuisine-libre.org/local/cache-gd2/1d/4642177aaf0274c3cbfb99fd8176c5.jpg?1644794338,Romy,,Durée totale :30 min,Végétalien (vegan),15,10 min,20 min,PT30M,Bouilli,"Sans viande, Sans œuf, Sans lactose, Sans gluten",4.27,15,4,250 g de lentilles corail | 1 botte de ciboulette | 4 cuil. à soupe de vinaigre de Xérès | 8 cuil. à soupe d’huile d’olive vierge | sel et poivre noir
salades,Salade aux deux quinoa,https://www.cuisine-libre.org/salade-aux-deux-quinoa,https://www.cuisine-libre.org/local/cache-gd2/10/9fd6244bedd94c4cddd3f42a46069e.jpg?1644797444,,,Durée totale :25 min,Végétarien,,10 min,15 min,PT25M,Bouilli,"Sans viande, Sans œuf, Sans lactose",,,4,"50 g de quinoa rouge cru | 50 g de quinoa blond cru | 150 g d’eau | sel, poivre | 1 bouquet de coriandre | graines de tournesol | ¼ de chou rouge | Pour la sauce : | vinaigre de cidre | huile d’olive | moutarde | 1 c. à café de poudre de curry | sel, poivre"
salades,Salade de pommes de terre aux haricots verts,https://www.cuisine-libre.org/salade-de-pommes-de-terre-aux-haricots-verts,https://www.cuisine-libre.org/local/cache-gd2/76/a592e73c737a7777c955250126fb48.jpg?1644794313,Romy,Facile !,Durée totale :10 min,Végétalien (vegan),80,10 min,,PT10M,,"Sans viande, Sans œuf, Sans lactose, Sans gluten",4.98,80,1,200 g de pommes de terre cuites | 100 g de haricots verts cuits | 1 échalote | 3 c. à soupe de vinaigre de vin | 1 c. à soupe d’huile | sel et poivre
salades,Salade de farro au chou,https://www.cuisine-libre.org/salade-de-farro-au-chou,https://www.cuisine-libre.org/local/cache-gd2/e9/c729d8b2c20e2f1ae7ecef9bd98fdf.jpg?1644794338,,,Durée totale :30 min,Végétalien (vegan),,15 min,,PT30M,,"Sans viande, Sans œuf, Sans lactose",,,4,"2½ tasses de chou râpé (rouge ou blanc) | 2 tasses de farro cuit | 3 oignons verts, tranchés | ½ tasse de persil frais haché | Vinaigrette | 3 c. à soupe de jus d’orange | 1½ c. à soupe d’huile d’olive extra vierge | 1 gousse d’ail émincée | ¼ c. à café de flocons de piment rouge | ½ c. à café de cumin | ½ c. à café de poudre de chili | ¼ c. à café de curcuma"
salades,Salade de quinoa aux fèves,https://www.cuisine-libre.org/salade-de-quinoa-aux-feves,https://www.cuisine-libre.org/local/cache-gd2/1a/4da264a298177815c4582130320690.jpg?1644795522,Paniers d’Erquy,,Durée totale :30 min,Végétarien,,15 min,15 min,PT30M,,"Sans viande, Sans œuf, Sans lactose, Sans gluten",,,,"quinoa blanc et rouge | fèves | concombre | oignon fane | noisettes concassées | menthe, persil, ciboulette | huile d’olive | jus de citron | sel, poivre"
salades,Salade de pâtes aux légumes,https://www.cuisine-libre.org/salade-de-pates-aux-legumes,https://www.cuisine-libre.org/local/cache-gd2/2f/27130cebeedfe5ee7085b4946a5cc5.jpg?1644796822,Pastafari,Facile !,Durée totale :35 min,Végétarien,2,5 min,10 min,PT35M,Bouilli,"Sans viande, Sans œuf",5.00,2,4,"330 g de pâtes fusilli tricolores aux légumes | 330 g de concombre | 3 tomates | 140 g de maïs doux en grains | 110 g de gouda, comté, emmental ou gruyère suisse… | huile, vinaigre | sel, poivre"
salades,Salade de quinoa aux agrumes,https://www.cuisine-libre.org/salade-de-quinoa-aux-agrumes,https://www.cuisine-libre.org/local/cache-gd2/4c/22e292933dd9c72e9b2356ca2fe434.jpg?1644794444,muchoco,,Durée totale :35 min,Végétalien (vegan),16,20 min,15 min,PT35M,Bouilli,"Sans viande, Sans œuf, Sans lactose, Sans gluten",5.00,16,6,1 tasse de quinoa | 2 tasses d’eau | 1 tasse de concombre en dés | 3 abricots secs | ½ tasse de quartiers de mandarines (fraîches ou en conserve) | ¼ tasse de graines de tournesol | 2 oignons verts | 2 c. soupe de coriandre fraîche | 1 c. café de zeste de citron | 3 c. soupe de jus de citron | 1 c. soupe d’huile de sésame | 1 c. café de sucre | ¼ c. café de cumin moulu | ¼ c. café de coriandre moulue
salades,Salade de pommes de terres au citron confit,https://www.cuisine-libre.org/salade-de-pommes-de-terres-au-citron-confit,https://www.cuisine-libre.org/local/cache-gd2/37/128cffe532168dbf2bc319e63abadb.jpg?1644798739,Chamsaya,,Durée totale :40 min,Végétalien (vegan),18,15 min,25 min,PT40M,Vapeur,"Sans viande, Sans œuf, Sans lactose",5.00,18,4,500 g de pommes de terre à chair ferme | quelques olives vertes | quelques olives noires | coriandre fraîche | 1/2 citron confit | 1 cas de jus de citron | 1 cc à café de cumin en grains ou en poudre | 1/4 piment d’Espelette finement haché | 2 cas d’huile d’olive | sel
salades,Salade au lard ardennaise,https://www.cuisine-libre.org/salade-au-lard-ardennaise,https://www.cuisine-libre.org/local/cache-gd2/ae/1d0729426f53f24268faaf36f44afa.jpg?1644794333,,,Durée totale :45 min,Non végétarien,5,15 min,30 min,PT45M,Sauté,"Sans œuf, Sans lactose, Sans gluten",5.00,5,5,2 kg de pommes de terre Charlotte | 500 g de lard maigre | 150 g de lard gras | 1 belle salade frisée ou pissenlits | 10 cl de vinaigre de vin environ (suivant les goûts)
salades,"Salade de quinoa, canneberges et nectarines au  (...)",https://www.cuisine-libre.org/salade-de-quinoa-canneberges-et-nectarines-au-poulet-roti,https://www.cuisine-libre.org/local/cache-gd2/f7/0965a89ac0400fe5bb34096adf7d7a.jpg?1644794884,SamA.,,Durée totale :30 min,Non végétarien,1,10 min,20 min,PT30M,Four,"Sans œuf, Sans gluten",5.00,1,6,"1 kg de poitrine de poulet ou de dinde, désossée et sans peau | 1 c. soupe huile d’olive | 1 gousse d’ail pelé et émincé | sel, poivre | Pour la salade | 1 tasse de quinoa cru rincé | 2 nectarines dénoyautées et coupées en dés | ⅓ tasse de canneberges séchées | ⅓ tasse de noix de pécan concassées | 2 à 4 c. soupe d’herbes fraîches hachées : persil, basilic, menthe | 2 c. soupe d’huile d’olive | 4 c. soupe de vinaigre de vin rouge | sel, poivre | Pour servir | 100 g de fromage de chèvre émietté"
salades,Salade de lapin du Sichuan,https://www.cuisine-libre.org/salade-de-lapin-du-sichuan,https://www.cuisine-libre.org/local/cache-gd2/ff/d7f3374b7037cb67e3bd0085991a6f.jpg?1706405215,,,,Non végétarien,14,?,,,Sauté,"Sans œuf, Sans lactose",5.00,14,,"5 cm de gingembre | 2 ciboule chinoisesou oignons jeunes | 450 g de lapin (ou de blanc de poulet) | 2 à 3 tasses (160 ml) d’arachides | 1 c. soupe de haricots noirs fermentés | 2 c. soupe d’huile d’arachide | 2,5 c. soupe dechili bean paste | 2 c. café de sauce soya légère | 1/4 c. soupe de sucre | 1 c. café d’huile de sésame | 3 c. soupe d’huile pimentée"
salades,Tartare aux épices et aux herbes,https://www.cuisine-libre.org/tartare-aux-epices-et-aux-herbes,https://www.cuisine-libre.org/local/cache-gd2/09/cb65105a16dc079fd9e7dd3fe3b4dc.jpg?1644794255,Ja6,,,Non végétarien,,?,,,Crudité,Sans œuf,,,5,"700 g de bœuf maigre haché, très froid | 1 cuillère à soupe de moutarde douce | 2 cuillères à soupe de jus de citron | 2 cuillères à soupe de crème fraîche épaisse | 2 cuillères à soupe d’huile d’olive | 6 cuillères à soupe de persil plat - ciselé | 1 cuillère à soupe de basilic ciselé | 2 cuillères à soupe de ciboulette - ciselée | 2 cuillères à café de fine champagne ou Cognac | 1/3 cuillère à café de cumin - en poudre | 1/3 cuillère à café de Cayenne - en poudre | 1/2 cuillère à café de poivre noir - moulu | 1/3 cuillère à café de sel fin"
salades,Salade fraîcheur de surimi au maïs,https://www.cuisine-libre.org/salade-fraicheur-de-surimi-au-mais,https://www.cuisine-libre.org/local/cache-gd2/13/d78b7e8326312bab430cb252b36171.jpg?1644799175,Mouchette,Facile !,Durée totale :10 min,Non végétarien,2,10 min,,PT10M,,"Sans viande, Sans gluten",5.00,2,4,"10 à 20 bâtons de surimi (150 à 300 g) | 1 boîte de maïs de 150 g | 1 pomme verte | 3 tomates | 1 oignon blanc | 1 gousse d’ail | 2 c. soupe de mayonnaise (ou de yaourt nature) | 1 c. café de curry | 1 c. soupe de ketchup (ou 1 c.café de concentré de tomate) | sel, poivre | 4 feuilles de basilic frais"
salades,"Salade de carottes aux pommes, feta et graines (...)",https://www.cuisine-libre.org/salade-carottes-pommes-feta-graines-courge,https://www.cuisine-libre.org/local/cache-gd2/39/3b2112bd282ec5b2ca90a5b8c3e131.jpg?1644857986,SissiDB,,Durée totale :20 min,Végétarien,,20 min,,PT20M,,"Sans viande, Sans œuf",,,4,"4 carottes de taille moyenne râpées en grosses lamelles (1 par personne) | 2 pommes coupées en lamelles (1/2 pomme par personne) | 1 grosse poignée de mâche par personne (environ 150 g pour 4 personnes) | 200 g de feta (environ 50 g par personne) | 1 grosse poignée de graines de courges | huile de tournesol | Pour la sauce : | 3 c. à soupe d’huile d’olive | 1 c. à soupe de vinaigre de cidre | sel, poivre"
salades,Salade piémontaise,https://www.cuisine-libre.org/salade-piemontaise,https://www.cuisine-libre.org/local/cache-gd2/9e/a58f756d4383c7d06c18357683a623.jpg?1644794502,Ja6,,Durée totale :1 h 50,Non végétarien,1,20 min,30 min,PT1H50M,Bouilli,"Sans viande, Sans gluten",5.00,1,5,6 belles pommes de terre | 4 œufs durs | 3 tomates | 2 pommes | 3 cornichons | 100 g d’emmenthal coupé en cubes | 1 bol de mayonnaise
salades,Salade masquée de mardi gras,https://www.cuisine-libre.org/salade-masquee-de-mardi-gras,https://www.cuisine-libre.org/local/cache-gd2/f8/e00043d5650224ce29f890247d098f.jpg?1644794293,Signe-Déco,,Durée totale :30 min,Non végétarien,,30 min,,PT30M,,Sans œuf,,,2,400 g de foies de volaille | 1 tomate | 1 sachet de mâche | 3 échalotes | 2 crêpes légèrement sucrées | 4 c. soupe d’huile | 2 c. soupe de vinaigre balsamique | ½ c. café de quatre-épices | sel et poivre
salades,Salade de riz,https://www.cuisine-libre.org/salade-de-riz,https://www.cuisine-libre.org/local/cache-gd2/0f/23841e7d795f050acb35337099db10.jpg?1644794340,Mouchette,Facile !,Durée totale :15 min,Non végétarien,3,15 min,,PT15M,,"Sans viande, Sans lactose, Sans gluten",5.00,3,4,"500 g de riz blanc cuit | 200 g de thon au naturel | 2 tomates | 2 c. soupe d’olives dénoyautées | 2 œufs durs | 300 g de maïs doux | quelques oignons nouveaux | huile | vinaigre de xérès | sel, poivre"
salades,Salade de lentilles au magret fumé,https://www.cuisine-libre.org/salade-de-lentilles-au-magret,https://www.cuisine-libre.org/local/cache-gd2/b7/46e341ebd0f10053beed84f1fb33ba.jpg?1644794513,Romy,,Durée totale :1 h,Non végétarien,14,10 min,20 min,PT1H,Bouilli,"Sans œuf, Sans lactose, Sans gluten",5.00,14,4,"250 g de lentilles vertes du Puy | 100 g de magret fumé séché | 1 branche de thym | 1 feuille de laurier | 2 échalotes | 2 c. à soupe d’huile de noix | 2 c. à soupe de vinaigre de Xérès | 1 c. à soupe de persil haché | sel, poivre"
salades,Steak tartare,https://www.cuisine-libre.org/steak-tartare,https://www.cuisine-libre.org/local/cache-gd2/2d/921d702f28f1cab2af513ccf1ba83a.jpg?1644794256,Yves Huot-Marchand,,Durée totale :10 min,Non végétarien,,10 min,,PT10M,Crudité,"Sans lactose, Sans gluten",,,4,600 g de bifteck haché extra-frais | 1 c. à soupe de moutarde forte | 4 c. à soupe d’huile d’olive | 1 c. à café de Worcestershire sauce | 100 g de câpres | 4 petits oignons | 4 œufs extra-frais | 2 c. à soupe de persil plat ciselé | 2 c. à soupe de ciboulette ciselée | ketchup | sel et poivre noir au moulin
salades,Salade de lentilles au riz,https://www.cuisine-libre.org/salade-de-lentilles-au-riz,https://www.cuisine-libre.org/local/cache-gd2/52/c3e9baa39dccb92717779d4b832394.jpg?1649667565,Licence Géographie,,Durée totale :35 min,Végétalien (vegan),1,20 min,15 min,PT35M,Bouilli,"Sans viande, Sans œuf, Sans lactose, Sans gluten",5.00,1,2,"100 g de lentilles vertes | 50 g de riz rouge ou complet | 1 ou 2 carottes râpées | 1 tomate | 1/2 échalote | ciboulette, persil ou autres herbes fraîches | huile d’olive ou de colza | vinaigre de vin"
salades,Taboulé turc (kisir),https://www.cuisine-libre.org/taboule-turc-kisir,https://www.cuisine-libre.org/local/cache-gd2/a9/17fcaa1a3d450ef6426d1441a747e5.jpg?1644795467,Gargantua,,Durée totale :2 h 15,Végétalien (vegan),1,15 min,2 h,PT2H15M,,"Sans viande, Sans œuf, Sans lactose",5.00,1,10,4 verres de boulgour fin | 4 verres d’eau chaude | 3 c. soupe de concentré de tomates | 2 c. soupe de purée de poivron rouge pimenté (biber salçasi)[*] | 2 tomates | 4 oignons nouveaux | 1 bouquet de menthe et/ou persil | 2 citrons pressés | 4 à 6 c. soupe de sirop de grenade (nar eksisi)[**] | 8 c. soupe d’huile d’olive | sel
salades,Salade de kamut aux trois racines,https://www.cuisine-libre.org/salade-de-kamut-aux-trois-racines,https://www.cuisine-libre.org/local/cache-gd2/50/7ec9ca2c4e8c7df625d2fdaf223c11.jpg?1644794422,Le Goût des Plantes,,,Végétalien (vegan),,?,,,Bouilli,"Sans viande, Sans œuf, Sans lactose",,,2,"100 g de kamut | 1 panais | 1 persil racine(ou, à défaut, 1/4 de céleri rave) | 1 carotte | 20 g de cerneaux de noix | ½ citron | 1 oignon rouge | huile d’olive, sel, poivre"
salades,Tartare de veau,https://www.cuisine-libre.org/tartare-de-veau,https://www.cuisine-libre.org/local/cache-gd2/9b/d585f0b0d7823f45963d055445d5cc.jpg?1644797752,Collective du Veau de la Pentecôte,,Durée totale :25 min,Non végétarien,,20 min,5 min,PT25M,,,,,4,250 g de viande de veau à tartare (la longe par exemple) | 250 g de crème liquide | 100 g de figatelli (saucisse de foie) | 60 g de poutargue (œufs de mulet séchés) | 1 échalote | 25 g de noisettes hachées | 20 g de câpres | 15 g de cornichon | 5 oeufs | le jus d’½ citron | 1 cuillère à soupe de moutarde à l’ancienne | 25 cl d’huile de tournesol | 10 cl d’huile de noisette | 1 trait de Xeres | 1 botte d’estragon | 1 cuillère à soupe de crème fouettée | sel | poivre
salades,Salade de lentilles au saumon,https://www.cuisine-libre.org/salade-de-lentilles-au-saumon,https://www.cuisine-libre.org/local/cache-gd2/ce/5c0d282f1213619df70477af40534e.jpg?1644794342,Romy,,Durée totale :3 h 40,Non végétarien,4,20 min,20 min,PT3H40M,Bouilli,"Sans œuf, Sans lactose",5.00,4,4,"300 g de lentilles vertes | 4 oignons nouveaux | brins de coriandre fraîche | 50 g de saumon fumé en dés | 4 tranches de saumon fumé | 2 c.soupe de vinaigre de Xères | 4 c. soupe d’huile d’olive | 1/2 c.café de miel liquide | sel, poivre noir"
salades,Pommes de terre au cumin et à la coriandre,https://www.cuisine-libre.org/pommes-de-terre-au-cumin-et-a-la-coriandre,https://www.cuisine-libre.org/local/cache-gd2/38/089dfd05dac2f715fe72ed2c88762f.jpg?1644794336,Romy,,Durée totale :35 min,Végétalien (vegan),61,15 min,20 min,PT35M,Vapeur,"Sans viande, Sans œuf, Sans lactose, Sans gluten",4.90,61,4,"1 kg de pomme de terre à chair ferme | 4 gousses d’ail | 1 citron | 6 c. soupe d’huile d’olive extra vierge | 2 c. café de cumin en poudre | 1 bouquet de coriandre fraîche | sel, poivre"
salades,Salade estivale aux miettes de thon,https://www.cuisine-libre.org/salade-estivale-aux-miettes-de-thon,https://www.cuisine-libre.org/local/cache-gd2/e6/e169104c57dcc6dfcf6a0ec4e95aa7.jpg?1644795707,Connétable,,Durée totale :20 min,Non végétarien,4,20 min,,PT20M,Crudité,"Sans viande, Sans œuf, Sans lactose, Sans gluten",5.00,4,4,1 boîte de miettes généreuses de thon à l’huile d’olive | 1 sachet de mesclun | 2 oranges | 10 radis | 10 g d’amandes effilées | zestes d’½ citron | jus d’½ citron | 1 c. à café de graines de fenouil | huile de tournesol | sel et poivre
salades,Salade de lentilles au tofu fumé,https://www.cuisine-libre.org/salade-de-lentilles-au-tofu-fume,https://www.cuisine-libre.org/local/cache-gd2/93/3e7e87fdb5efe9a474024975ac20d1.jpg?1644794328,Gros,,Durée totale :40 min,Végétalien (vegan),23,15 min,25 min,PT40M,Bouilli,"Sans viande, Sans œuf, Sans lactose",5.00,23,4,"2 bons verres de lentilles vertes | 1 tranche de tofu fumé (au sésame, c’est encore meilleur!) | 1 poivron (jaune ou rouge) | 2 tomates | graines de courge | vinaigre de cidre | huile d’olive | sel | poivre"
salades,Salade de foies de volaille à la grenade,https://www.cuisine-libre.org/salade-de-foies-de-volaille-a-la-grenade,https://www.cuisine-libre.org/local/cache-gd2/77/4ad08bd446a0cc1b50d2cacf4eb832.jpg?1644794292,nicod_,,Durée totale :35 min,Non végétarien,1,20 min,15 min,PT35M,,"Sans œuf, Sans lactose, Sans gluten",5.00,1,4,"500 g de foies de volaille frais | 2 poivrons (selon la taille) rouge doux (d’Espagne par exemple) | 2 ou 3 oignons doux (type oignon rouge, ou oignon des Cévennes, selon votre gout) | 1 grenade bien mûre | huile d’olive | vinaigre balsamique"
salades,"Haricots beurre au citron, origan et parmesan",https://www.cuisine-libre.org/haricots-beurre-au-citron-origan-et-parmesan,https://www.cuisine-libre.org/local/cache-gd2/e7/8a02d1b8dae29262e4b9f7616dc2a5.jpg?1644799928,,,Durée totale :30 min,Végétarien,1,20 min,10 min,PT30M,Vapeur,"Sans viande, Sans œuf, Sans gluten",5.00,1,4,"750 g de haricots beurre | 1 citron | ½ échalote | 1 gousse d’ail | 1 poignée de parmesan en copeaux | 3 c. à soupe d’huile d’olive | 1 c. à soupe de vinaigre de vin blanc | 1 c. à thé d’origan séché | 1 c. à café de persil séché | sel, poivre"
salades,Raclette bowl,https://www.cuisine-libre.org/raclette-bowl,https://www.cuisine-libre.org/local/cache-gd2/ad/4efcba832415194823d2893297ece8.jpg?1714339502,,,Durée totale :30 min,Non végétarien,,10 min,20 min,PT30M,,"Sans œuf, Sans gluten",,,1,3 pommes de terre moyennes (ou 4 petites) | 3 à 5 tranches de fromage à raclette nature ou parfumé | 3 tranches de dinde fumée | 1 gros cornichon | 1 c. à soupe de confit d’oignon
salades,Rainbow bowl,https://www.cuisine-libre.org/rainbow-bowl,https://www.cuisine-libre.org/local/cache-gd2/97/b602d569028802c5d07509f19a90e1.jpg?1650820739,,Facile !,Durée totale :40 min,Végétalien (vegan),,20 min,20 min,PT40M,,"Sans viande, Sans œuf, Sans lactose, Sans gluten",,,4,"2 tasses dequinoa cuit | 1 tasse de tomates cerises rouges | 1 tasse de tomates cerises jaunes | 1 patate douce moyenne | 1 avocat | 1 brocoli | ½ petit chou violet | huile d’olive | sel, poivre | 4 c. à soupe desauce ranchou de votre vinaigrette préférée"
soupes-et-potees,Haricots marocains à la coriandre,https://www.cuisine-libre.org/haricots-marocains-a-la-coriandre,https://www.cuisine-libre.org/local/cache-gd2/6f/40f8700afe4f75852fcecc89a8e7ed.jpg?1762089651,poumtatalia,,Durée totale :1 h 30,Végétalien (vegan),,15 min,1 h 15,PT1H30M,Mijoté,"Sans viande, Sans œuf, Sans lactose, Sans gluten",,,,"250 g de haricots blancs secs | 3 ou 4 gousses d’ail | 1 oignon (rouge si possible) | 2 ou 3 tomates | 1 bouquet de coriandre et/ou de persil | 3 feuilles de laurier | 4 c. à soupe d’huile d’olive | sel, poivre | piment"
soupes-et-potees,Lentilles à la provençale,https://www.cuisine-libre.org/lentilles-a-la-provencale,https://www.cuisine-libre.org/local/cache-gd2/d2/0f3180a0f0d8d80aece541773b46d0.jpg?1644794342,Goulven CHAMPENOIS,,Durée totale :2 h 10,Végétalien (vegan),6,10 min,2 h,PT2H10M,Mijoté,"Sans viande, Sans œuf, Sans lactose, Sans gluten",5.00,6,3,200 g de lentilles vertes | 1 boîte de tomates concassées ou 3 belles tomates | 1 cuillerée à soupe d’huile d’olive | 1 ou 2 oignons | 2 ou 3 gousses d’ail | 1 poignée d’olives noires dénoyautées | quelques feuilles de sauge | 1 demi citron
soupes-et-potees,Tian de Caromb,https://www.cuisine-libre.org/tian-de-caromb,https://www.cuisine-libre.org/local/cache-gd2/77/0dfbf0c5ee7af7215665a1aac0aec6.jpg?1644794342,Produits du terroir,,Durée totale :11 h,Non végétarien,2,30 min,3 h 10,PT11H40M,Four,"Sans œuf, Sans lactose, Sans gluten",5.00,2,,"un train de côtes de porc, de carré de porc pris dans l’échine ou de côtes secondes | en quantité égale, des haricots secs de Caromb sinon des cavaillonnais[*] | des oignons | du petit salé | de la graisse d’oie ou de canard | un bouquet de sauge | de l’huile d’olive | du sel et du poivre"
soupes-et-potees,Potée vegan de chou,https://www.cuisine-libre.org/potee-vegan-de-chou,https://www.cuisine-libre.org/local/cache-gd2/19/4a292199d5497f24de84796959fedc.jpg?1644794505,Athoune,,Durée totale :35 min,Végétalien (vegan),,20 min,15 min,PT35M,,"Sans viande, Sans œuf, Sans lactose, Sans gluten",,,2,"1 tasse de protéines de soja texturées | 1 bol de thé (fumé, c’est encore mieux) | 2 c. à soupe de kacha | 2 c. à soupe d’huile | 2 gousses d’ail | 1 feuille de laurier | ½ chou pas trop gros | 1 belle carotte | sel, poivre"
soupes-et-potees,Ragoût à la cacahuète,https://www.cuisine-libre.org/ragout-a-la-cacahuete,https://www.cuisine-libre.org/local/cache-gd2/80/4b1cd387c68f06e7277fe039232021.jpg?1645758228,USDA,,Durée totale :45 min,Végétarien,,15 min,30 min,PT45M,Bouilli,"Sans viande, Sans œuf, Sans gluten",,,8,"1 tasse de riz brun (instantané) | 2 tasses de bouillon de légumes (à teneur réduite en sodium ou bouillon de poulet)[*] | 1 c. à café d’oignon déshydraté (émincé) | 1 c. à café d’ail en poudre (ou 4 gousses d’ail) | 1 c. à café de gingembre moulu | 1 c. à café de piment rouge (facultatif) | 2 tasses de patate douce (ou d’igname) pelée et coupée en dés | 1 boîte de tomates (14,5 oz), coupées en dés, avec leur liquide | 1 c. à café de sel | 1 tasse de beurre d’arachide (crémeux) | 1 tasse de lait (écrémé ou 1%) | 3 tasses de jeunes pousses d’épinards frais, hachées grossièrement (ou un paquet de 10 oz d’épinards surgelés) | 1 tasse d’arachides (hachées, rôties à sec [facultatif]) | du vert d’oignon (tranché finement [facultatif])"
soupes-et-potees,Poivrons verts poêlés à la provençale,https://www.cuisine-libre.org/poivrons-verts-poeles-a-la-provencale,https://www.cuisine-libre.org/local/cache-gd2/96/23c8a2379344f938ef51ed1d43ea60.jpg?1644794700,,,Durée totale :55 min,Végétalien (vegan),76,15 min,40 min,PT55M,Mijoté,"Sans viande, Sans œuf, Sans lactose, Sans gluten",5.00,76,4,"4 poivrons verts | 2 oignons | 1 c.soupe d’huile d’olive | 1 gousse d’ail | 400 g de tomates concassées | herbes de Provence | sel, poivre"
soupes-et-potees,Masoor dal (dahl de lentilles corail),https://www.cuisine-libre.org/masoor-dal-dahl-de-lentilles-corail,https://www.cuisine-libre.org/local/cache-gd2/cb/17e663084236d21a7d3585b7c5ea23.jpg?1644795537,,Facile !,Durée totale :25 min,Végétarien,5,5 min,20 min,PT25M,Mijoté,"Sans viande, Sans œuf, Sans gluten",5.00,5,4,250 g de lentilles corail | 75 cl d’eau | 1 tomate en dèsou 2 c. à soupe de purée de tomates | 1 c. à café de cumin en graines | 1 c. à café de curcuma en poudre | 1 c. à café de piment en poudre | 1 oignon émincé | 1 cm de racine de gingembre râpéeou 1 c. café de gingembre moulu | ghee (beurre clarifié) | 2 branches de coriandre fraîche
soupes-et-potees,Chili con carne non piquant,https://www.cuisine-libre.org/chili-con-carne-non-piquant,https://www.cuisine-libre.org/local/cache-gd2/bc/97eaf88539cc235eff7f8d2917a2ca.jpg?1644794886,Pierre-Alain Dorange,,Durée totale :5 h,Non végétarien,20,1 h,4 h,PT5H,Mijoté,Sans œuf,5.00,20,4,"400 g de bœuf haché | 400 g de haricots rouges cuits (avec leur jus) | 400 g de tomates pelées (avec leur jus) | 1 ou 2 oignons | 1 gousse d’ail | 5 c. à soupe de marjolaine ou d’origan | 2 c. à soupe de paprika doux | 2 c. à café de cumin | sel, poivre | sucre | farine"
soupes-et-potees,Lapin au cidre et aux pommes,https://www.cuisine-libre.org/lapin-au-cidre-et-aux-pommes,https://www.cuisine-libre.org/local/cache-gd2/78/b89c98a876e74ed9721d579d9a2486.jpg?1644794833,Cédric,,Durée totale :1 h 15,Non végétarien,54,15 min,1 h,PT1H15M,Mijoté,Sans œuf,5.00,54,6,"1 beau lapin de garenne de 1,4 kg | 6 pommes à cuire, moyennes | 20 cl de crème fraîche | 50 g de beurre | 75 cl de cidre brut mais fruité | 2 échalotes | 1 feuille de laurier | sel, poivre du moulin"
soupes-et-potees,Curry orange de pois chiches,https://www.cuisine-libre.org/curry-orange-de-pois-chiches,https://www.cuisine-libre.org/local/cache-gd2/be/843ae00b152464b036e36252a328ff.jpg?1706355283,,Facile !,Durée totale :30 min,Végétalien (vegan),,30 min,,PT30M,Mijoté,"Sans viande, Sans œuf, Sans lactose, Sans gluten",,,2,1 carotte | 1 càs d’huile de colza pour cuisson | ½ càc de curcuma moulu | ½ càc de cumin moulu | ½ càc de paprika fumé | 1 pincée de coriandre moulue | 10 cl de coulis de tomates | 3 càs de crème de coco | 30 cl d’eau | ½ càc de sel fin | 100 g de pois chiches cuits au naturel (poids égoutté) | 50 g de lentilles corail sèches
soupes-et-potees,Curry vert de pois au tofu,https://www.cuisine-libre.org/curry-vert-de-pois-au-tofu,https://www.cuisine-libre.org/local/cache-gd2/49/9e4886fd5a14777e34bc42a9d79940.jpg?1644794333,,,Durée totale :15 min,Végétalien (vegan),,10 min,5 min,PT15M,Mijoté,"Sans viande, Sans œuf, Sans lactose, Sans gluten",,,,3 à 4 cuillères à soupe de pâte de curry vert thaï | 1/2 tasse (400 ml) de lait de coco | 2 poignées de pois surgelés | 2 poignées de pois mange-tout frais | 300 g de tofu ferme
soupes-et-potees,Pot-au-feu,https://www.cuisine-libre.org/pot-au-feu,https://www.cuisine-libre.org/local/cache-gd2/f3/84832c5e8695545d205669ca1de3bc.jpg?1644794291,,,Durée totale :3 h 30,Non végétarien,45,30 min,3 h,PT3H30M,Bouilli,"Sans œuf, Sans lactose",5.00,45,4,"5 litres d’eau | 750 g de plat de côte (ou flanchet) | 500 g de macreuse (ou paleron) | 250 g de queue de bœuf (ou jarret) | 4 os à moelle | 4 carottes | 4 navets | 4 poireaux | 1 oignon | 2 clous de girofle | 2 gousses d’ail | 1 bouquet garni (thym, laurier, persil) | 1 branche de céleri | 1 c. soupe de grains de poivre | gros sel"
soupes-et-potees,Maffé de patate douce aux épinards,https://www.cuisine-libre.org/ragout-vegan-epinard-patate-douce-arachide,https://www.cuisine-libre.org/local/cache-gd2/96/f34e9164992c89510d8b9f780188e2.jpg?1723919529,,,Durée totale :55 min,Végétalien (vegan),,10 min,45 min,PT55M,Bouilli,"Sans viande, Sans œuf, Sans lactose, Sans gluten",,,6,"1 oignon moyen, haché | 3 gousses d’ail, émincées | 2 c. à soupe de gingembre frais râpé | 2 c. à soupe d’huile d’olive | 6 tasses d’eau | ½ c. à café de piment rouge écrasé | ½ c. à café de sel | ½ c. à café de poivre noir | 700 g de patate douce, coupée en morceaux | 2 tomates moyennes, hachées | 3 tasses (500 g) de chou frisé ou d’épinards hachés (surgelés) | 1 c. à café rase de flocons de piment ou pas | 1 louche remplie de beurre d’arachides croquant"
soupes-et-potees,Langue de veau sauce piquante,https://www.cuisine-libre.org/langue-de-veau-sauce-piquante,https://www.cuisine-libre.org/local/cache-gd2/c2/19ab51317b9b90e0e4677cb1e321bc.jpg?1644794296,Ja6,,Durée totale :2 h 30,Non végétarien,,45 min,1 h 45,PT2H30M,Bouilli,Sans œuf,,,4,1 langue de veau | 1 carotte | 1 Poireau | 1 oignon | 2 gousses d’ail | 1 bouquet garni | Sel & Poivre | Pour la sauce piquante | 30 g de farine : 1 c. à soupe rase | 50 g de beurre | 1 c. à soupe de concentré de tomate | 1 tomate fraîche | 1 échalote | 6 c. à soupe de vin blanc sec | 6 c. à soupe de vinaigre | 3 cornichons | 1 c. à soupe de câpres | persil | 4 grains de poivre - concassés
soupes-et-potees,Tajine de poulet aux coings caramélisés,https://www.cuisine-libre.org/tajine-de-poulet-aux-coings-caramelises,https://www.cuisine-libre.org/local/cache-gd2/68/03672023491f202dc1061e830259a6.jpg?1644795468,Radia,,Durée totale :1 h 20,Non végétarien,2,20 min,1 h,PT1H20M,Mijoté,"Sans œuf, Sans lactose, Sans gluten",5.00,2,6,"1 poulet fermier de 1,8 kgou 6 cuisses | 4 oignons (env. 300 g) | 1 bâton de cannelle | 1 c. à café de gingembre en poudre | 1 c. à café de curcuma | ½ c. à café de poivre blanc | 3 c. soupe d’huile d’olive | Pour caraméliser les coings : | 3 à 4 coings bien mûrs (env. 700 g) | 1 citron | 3 c. à soupe de miel épais | 1 c. à soupe de smen (beurre) | 1 c. à soupe de cannelle moulue | 1 poignée d’amandes effilées"
soupes-et-potees,Tajine d’agneau aux dattes et aux noix,https://www.cuisine-libre.org/tajine-d-agneau-aux-dattes-et-aux-noix,https://www.cuisine-libre.org/local/cache-gd2/3a/c83fddf28a1b3ed9b7678edb821440.jpg?1644795405,Ja6,,Durée totale :1 h 30,Non végétarien,1,30 min,1 h,PT1H30M,Mijoté,Sans œuf,5.00,1,4,"500 g d’épaule d’agneau | 400 g de dattes mahjoul | 400 g de noix décortiquées | 2 cl d’eau de fleur d’oranger | 10 cl d’huile olive | Pour la marinade | 1 cuillère à café de gingembre en poudre | 1 cuillère à café de pistils de safran | 3 gousses d’ail | 2 Oignons | 1 bâtonnet de cannelle | Sel, Poivre du moulin | Pour le sirop | 2 cl d’eau de fleur d’oranger | 1/2 cuillère a café de cannelle en poudre | 300 g de sucre semoule | Décoration | 50 g de cerneaux de noix"
soupes-et-potees,Romazava en verdure,https://www.cuisine-libre.org/romazava-en-verdure,https://www.cuisine-libre.org/local/cache-gd2/6c/4e7128170e2cee4176cac73e8868d8.jpg?1644797161,corinne,,Durée totale :3 h 30,Non végétarien,9,30 min,3 h,PT3H30M,Mijoté,Sans œuf,5.00,9,6,"1 kg de bœuf à braiser | 2 oignons | 2 gousses d’ail | feuilles et fleurs de brèdes mafane[*] | 1 ou 2 salades | fanes d’une botte de radis | et autres verdures : épinard, mâche, feuilles de bettes, cresson, etc. | gingembre | piment | coriandre en grain (facultatif) | sel, poivre"
soupes-et-potees,Chou blanc au lard,https://www.cuisine-libre.org/chou-blanc-au-lard,https://www.cuisine-libre.org/local/cache-gd2/21/f58acf05fbb9be3298c6d50cac7335.jpg?1644796604,Cédric,,Durée totale :1 h 25,Non végétarien,34,15 min,1 h 10,PT1H25M,Mijoté,"Sans œuf, Sans lactose, Sans gluten",5.00,34,4,350 g de poitrine fumée | 750 g de chou blanc | 1 cube et demi de bouillon de poule dégraissé | 1 litre d’eau | 6 pommes de terre moyennes | 3 clous de girofle
soupes-et-potees,Blanquette de carottes trois couleurs,https://www.cuisine-libre.org/blanquette-de-carottes-trois-couleurs,https://www.cuisine-libre.org/local/cache-gd2/a2/46e2bba44a6a2ba52a7036c01cebbc.jpg?1644794951,Romy,,Durée totale :1 h 05,Végétarien,5,15 min,50 min,PT1H5M,Bouilli,"Sans viande, Sans œuf",5.00,5,4,"2 verres de riz blanc | 3 belles carottes anciennes de couleurs différentes : jaune, rouge et violette | 1 beau blanc de de poireau | 100 g de petits champignons de Paris entiers | 1 oignon | 1 clou de girofle | 10 cl de vin blanc sec (facultatif) | ½ litre d’eau | Pour la sauce blanquette : | 2 noix de beurre (ou margarine) | 2 c. à soupe bombée de farine | 4 c. à soupe de crème fraîche épaisse | ½ citron pressé | sel, poivre | muscade en poudre"
soupes-et-potees,Tian de haricots de Beaumes de Venise,https://www.cuisine-libre.org/tian-de-haricots-de-beaumes-de-venise,https://www.cuisine-libre.org/local/cache-gd2/cf/ad62f6bc27abe9617acbdff0ad8228.jpg?1644794349,Produits du terroir,,Durée totale :12 h,Non végétarien,3,?,,PT12H,Four,"Sans œuf, Sans lactose, Sans gluten",5.00,3,,1 kg de porc frais | 300 g de haricots cavaillonnais en grain | gousses d’ail | 2 oignons | 3 tomates | feuilles de sauge | huile d’olive | sel et poivre
soupes-et-potees,Soupe au fromage,https://www.cuisine-libre.org/soupe-au-fromage,https://www.cuisine-libre.org/local/cache-gd2/3c/fba03a61cbc3987427fee263f46687.jpg?1644795646,LaurieB_,,Durée totale :30 min,Végétarien,1,20 min,10 min,PT30M,Four,"Sans viande, Sans œuf",5.00,1,4,1 kg de pain de campagne rassis | 3 litre de bouillon de volaille | 200 g de gruyère | 500 g de cantal | 3 oignons
soupes-et-potees,"Dahl de lentilles corail, carottes et pomme de  (...)",https://www.cuisine-libre.org/dahl-de-lentilles-corail-carottes-et-pomme,https://www.cuisine-libre.org/local/cache-gd2/42/1d43f723f62647d9db6654b18912c6.jpg?1644795440,XavCC,,Durée totale :1 h 05,Végétalien (vegan),3,40 min,25 min,PT1H5M,,"Sans viande, Sans œuf, Sans lactose, Sans gluten",5.00,3,3,2 litres d’eau | 1 cuillère à café de gros sel | 2 grosses pommes de terre | 4 carottes | 200 g de lentilles corail | 1 gingembre frais | 1 tomate | curry | cumin | 1 gousse d’ail | 2 oignons rouges | 200 ml de lait de coco
soupes-et-potees,Spaghettis ratatouille végétariens,https://www.cuisine-libre.org/spaghettis-ratatouille-vegetariens,https://www.cuisine-libre.org/local/cache-gd2/a6/1c877c9ec099aa4f6e7767c17c80ad.jpg?1723646214,Le Goût des Plantes,,,Végétarien,,?,,,Bouilli,"Sans viande, Sans œuf",,,4,"150 g deTextured Vegetable Protein (TVP)= protéines végétales texturées | 1 verre de vin rouge | 1 feuille de laurier | 2 branches de thym | 400 g de spaghettis complets | 8 tomates bien mûres | 2 oignons | 1 courgette | 1 aubergine | 2 poivrons rouges | 3 gousses d’ail | un peu d’origan et de paprika | sel, poivre | 1 sucre"
soupes-et-potees,Eintopf (potée lorraine),https://www.cuisine-libre.org/potee-lorraine-eintopf,https://www.cuisine-libre.org/local/cache-gd2/38/059b0cff4b5cb2b8390e43acb5af65.jpg?1645183549,,,Durée totale :5 h 10,Non végétarien,,30 min,2 h 40,PT5H10M,Bouilli,"Sans œuf, Sans lactose, Sans gluten",,0,4,"1 jarret de porc demi sel | 500 g de palette fumée | 2 saucisses de Lorraine (ou de Morteau) | 100  g de poitrine fumée | 1 chou vert frisé | 250 g de haricots blancs secstrempés pendant la nuit | 250 g de navets | 250 g de carottes | 500 g de pommes de terre à chair ferme | 1 oignon épluchépiqué d’un clou de girofle | 1 bouquet garni | poivre en grains | Pour servir | 1 pot de crème fraîche épaisse | échalotes ciselées | vinaigre (de marque Melfor de préférence) | sel, poivre"
soupes-et-potees,Curry de poulet malaisien (Tumisan Kari (...),https://www.cuisine-libre.org/curry-de-poulet-malaisien-tumisan-kari-ayam,https://www.cuisine-libre.org/local/cache-gd2/cf/fcf79909edcfe1d540306e0d454eef.jpg?1706043172,Tean’s Gourmet,Facile !,Durée totale :30 min,Non végétarien,,10 min,20 min,PT30M,Bouilli,"Sans œuf, Sans lactose, Sans gluten",,,6,"200 g de pâte de curry pour Tumisan Kari Ayam[*] | 2 pommes de terre moyennes, coupées en quartiers | 1,5 kg de poulet en morceaux | 250 à 500 ml d’eau | 200 ml de lait de coco"
soupes-et-potees,Agneau au Marsala et haricots tarbais,https://www.cuisine-libre.org/agneau-au-marsala-et-haricots-tarbais,https://www.cuisine-libre.org/local/cache-gd2/10/bf7e800b01903854aba37cdc616b46.jpg?1644794349,Haricot Tarbais,,Durée totale :14 h,Non végétarien,,30 min,1 h 30,PT14H,Mijoté,Sans œuf,,,6,"400 g de haricots tarbais cuits au naturel | 500 g d’agneau à mijoter | 2 càs de farine | 25 g de beurre | huile d’olive | 1 oignon | 2 gousses d’ail | 80 ml de Marsala | 125 ml de bouillon de légumes | 350 g de champignons de Paris frais | 125 ml de crème fleurette | thym | sel, poivre"
soupes-et-potees,"Curry de butternut, navet et pois chiches",https://www.cuisine-libre.org/curry-vegetarien-pois-chiche-navet-butternut,https://www.cuisine-libre.org/local/cache-gd2/54/66294bc71f0f1810816819d4640755.jpg?1648340601,Antzou,,Durée totale :1 h,Végétalien (vegan),1,20 min,40 min,PT1H,Mijoté,"Sans viande, Sans œuf, Sans lactose, Sans gluten",5.00,1,4,400 ml de lait de coco | 200 à 300 g de courge butternut | 2 navets violets | 200 g de pois chiches cuits | 1 oignon | 2 gousse d’ail | 5 cm de gingembre frais | 1 c. à café de curcuma | 2 c. à café de mélange pour curry | 1 c. à café de concentré de tomate | 1 c. à café de piment en poudre (optionnel) | coriandre fraiche (optionnel)
soupes-et-potees,Soupe à la crème d’ail en miche de pain (krémová (...),https://www.cuisine-libre.org/soupe-creme-ail-en-miche-de-pain-kremova-cesnacka,https://www.cuisine-libre.org/local/cache-gd2/7a/00aee8eecd7a1a71035d1f11c4b7e1.jpg?1644794499,,,Durée totale :35 min,Végétarien,2,20 min,15 min,PT35M,Bouilli,"Sans viande, Sans œuf",5.00,2,4,"4 petites boules de pain frais de campagne | 8 à 10 gousses d’ail | ½ oignon | 2 à 3 pommes de terre | 750 ml de bouillon | 200 ml de crème fraîche | 2 c. à soupe de beurre | ½ c. à café de marjolaineou de thym séché | sel, poivre | ciboulette fraîche"
soupes-et-potees,Soupe de morue aux pois chiches (potaje de  (...),https://www.cuisine-libre.org/soupe-de-morue-aux-pois-chiches-potaje-de-vigilia,https://www.cuisine-libre.org/local/cache-gd2/9c/edce05e03109c6c6ca5ed70c73fc46.jpg?1644794504,,,Durée totale :14 h,Non végétarien,1,20 min,2 h,PT14H20M,Bouilli,"Sans viande, Sans lactose",5.00,1,4,250 g de pois chiches secs(ou 650 g de pois chiches cuits) | 300 g d’épinards frais en branchesou de verts de blette | 350 g de morue | 2 œufs (facultatif) | 1 tranche de pain rassis | ¼ poivron rouge ou vert | 1 tomate concassée | 1 carotte (facultatif) | 1 oignon | 4 gousses d’ail | 2 feuilles de laurier | 1 c. café de paprika doux | 1 c. café de cumin moulu | sel | huile d’olive | 1 litre de bouillon de légumes ou de poisson (ou d’eau)
soupes-et-potees,Rôti de porc à la bière au pain,https://www.cuisine-libre.org/roti-de-porc-a-la-biere-au-pain,https://www.cuisine-libre.org/local/cache-gd2/8b/d78298d5e44334a6fd647f9196aef0.jpg?1644794488,CoMiAs,,Durée totale :3 h 45,Non végétarien,21,15 min,3 h 30,PT3H45M,,,5.00,21,4,1 rôti de porc de 700 g | 3 bouteilles de 75cl de bière au pain | 1 gros oignon | 1 échalote | 600 g de grenailles de 1 à 2 cm | 10 cl d’huile d’olive | sel et poivre
soupes-et-potees,Haricot de mouton,https://www.cuisine-libre.org/haricot-de-mouton,https://www.cuisine-libre.org/local/cache-gd2/c3/dd07673847a0b11615dad6e6eed160.jpg?1644794963,Ménagier de Paris,,Durée totale :2 h 20,Non végétarien,3,20 min,2 h,PT2H20M,Mijoté,"Sans œuf, Sans lactose, Sans gluten",5.00,3,6,"1 kg de viande de mouton (collier, épaule, poitrine) en morceaux | 400 g de navet (facultatif) | 4 gros oignons | 150 g de lard fuméou 1 noix de saindoux | 1 litre de bouillon de bœuf | 5 c. à soupe de persil haché | 1 c. à soupe d’hysope[1]fraîche hachée sinon 1/2 c. à soupe de menthe fraîche | 5 feuilles de sauge fraîche hachée | 1/2 c. à café de macis[2]sinon de muscade en poudre | sel"
soupes-et-potees,Haricots blancs à la sauge (fagioli all’uccelletto),https://www.cuisine-libre.org/haricots-blancs-a-la-sauge-fagioli-all,https://www.cuisine-libre.org/local/cache-gd2/cc/bd27af19aa850d110afed8f5b45ece.jpg?1644802619,Ja6,,Durée totale :12 h,Végétalien (vegan),5,15 min,1 h 45,PT12H,Mijoté,"Sans viande, Sans œuf, Sans lactose, Sans gluten",5.00,5,5,400 g de haricots blancs secs(ou 800 g de haricots frais à écosser) | sel | 400 g de tomates (fraîches ou en boîte) | 10 feuilles de sauge fraîche | 4 gousses d’ail | 6 cuillères à soupe d’huile d’olive | poivre noir
soupes-et-potees,Poule au pot,https://www.cuisine-libre.org/poule-au-pot,https://www.cuisine-libre.org/local/cache-gd2/b2/9641c2d39143214ad29e6aa58e6732.jpg?1644794959,,,Durée totale :2 h 35,Non végétarien,1,35 min,2 h,PT2H35M,Bouilli,"Sans œuf, Sans lactose, Sans gluten",5.00,1,4,"1 belle poule fermière de plus d’1 kg | 3 litres d’eau | 8 carottes | 4 navets (ou rutabaga) | 4 poireaux | 1 gros oignon | 2 clous de girofle | 1 bouquet garni (thym, laurier, persil) | 1 branche de céleri | 4 grains de poivre | gros sel"
soupes-et-potees,Chti Welsh,https://www.cuisine-libre.org/chti-welsh,https://www.cuisine-libre.org/local/cache-gd2/38/176bfbde52c0fe5a513ab52f38a991.jpg?1644794980,,,Durée totale :20 min,Végétarien,18,20 min,,PT20M,Four,"Sans viande, Sans œuf",5.00,18,1,1 tranche de pain rassis | 10 cl de bière brune ou ambrée | 100 g de Maroilles | 1 cuillerée de moutarde | 1 de sauce Worcestershire végétarienne | poivre
soupes-et-potees,Hochepot (pot-au-feu flamand),https://www.cuisine-libre.org/hochepot,https://www.cuisine-libre.org/local/cache-gd2/85/51085123f057eabb613bd1a8754834.jpg?1644794295,Ja6,,Durée totale :4 h,Non végétarien,2,1 h,3 h,PT4H,Bouilli,Sans œuf,5.00,2,10,"Bouillon de base | 25 cl de fond de veau ou de bœuf | 1 os à moelle | 2 carottes | 1 poireau | 1 céleri vert | 1 bouquet garni | 2 gros oignons | 6 clous de girofle | Assortiment de viandes | 300 g d’agneau : collier, poitrine ou épaule | 300 g de veau : épaule ou poitrine | 300 g de porc : longe ou poitrine | 500 g de jarret de bœuf | 250 g de lard fumé maigre | 10 petites saucisses de hachis veau et porc | Légumes | 4 carottes | 3 tiges de poireau | 1 chou de Savoie | 1/2 céleri rave | 1 panais (facultatif) | 5 navets blancs | 10 radis | 5 petits oignons ou échalotes | 500 g de pommes de terre à chair ferme | 250 g de beurre | sel & poivre noir"
soupes-et-potees,Poule au blanc,https://www.cuisine-libre.org/poule-au-blanc,https://www.cuisine-libre.org/local/cache-gd2/85/3efb33d0d9fe39a26bbd7d037937d0.jpg?1644794485,,,Durée totale :2 h 30,Non végétarien,9,30 min,2 h,PT2H30M,Bouilli,,5.00,9,6,"1 belle poule fermière | 3 litres d’eau | 4 carottes | 2 navets blancs | 4 blancs de poireaux | 1 gros oignon | 2 clous de girofle | 1 bouquet garni (thym, laurier, persil) | 4 grains de poivre | 1,5 c. soupe de gros sel | 3 verres de riz blanc | 500 g de champignons de paris | Pour la sauce | 25 g de beurre | 25 g de farine | 2 c. soupe de crème fraîche | 1 jaune d’œuf | sel, poivre"
soupes-et-potees,Râgout de haricots beurre au tofu,https://www.cuisine-libre.org/ragout-de-haricots-beurre-au-tofu,https://www.cuisine-libre.org/local/cache-gd2/55/b1333cb9cd67f7eeafc873c13d8121.jpg?1644794328,,,,Végétalien (vegan),2,?,,,Mijoté,"Sans viande, Sans œuf, Sans lactose, Sans gluten",5.00,2,4,1 paquet (200 g) de tofu | 200 g de haricots beurre | 130 g de petits pois | 1 gros oignon | 2 gousses d’ail | 1 morceau de gingembre | 2 c. à thé de poudre curcuma | 2 c. à thé de poudre de paprika | 1 c. à soupe de poudre de coriandre | ⅓ tasse de ketchup | ⅓ tasse de sauce chili | huile
soupes-et-potees,Curry rouge de crevettes,https://www.cuisine-libre.org/curry-rouge-de-crevettes,https://www.cuisine-libre.org/local/cache-gd2/83/b6f1beb1a07102cf2e6511d27d89f0.jpg?1705860743,Fanny Rezvanpour,,,Non végétarien,,?,,,Bouilli,"Sans viande, Sans œuf, Sans lactose, Sans gluten",,,,"Pour le Kroeung Kraham (pâte de curry rouge) | 2 tiges de citronnelle fraîche émincées très finement | 3 c. à café de curcuma frais | 3 échalotes, hachées | 6 gousses d’ail | 30 g de galanga coupé en petits dés | 4 feuilles de combava (lime kaffir) déveinées et hachées finement | zestes de 2 combavas tranchés en fines lanières | ¼ c. à café de sel | 3 piments rouges séchés, réhydratés, épépinés et égouttés | 1 piment d’oiseau (voire plus au goût) | Pour le Somlar Kari Saek Mouan | 600 g de grosses crevettes crues | 5 c. à soupe d’huile végétale | 2 c. à soupe de pâte de curry rouge (kroeung kraham — ci-dessus) | 1 c. à café de prahok (pâte de poisson) | 3 c. à soupe de nuoc-mam | 2 c. à soupe de sucre de palme réduit en poudre | 1 c. à café de sel | 250 ml de crème de coco | 750 ml d’eau bouillante | 2 oignons rouges coupés en lamelles | 5 haricots serpent coupés en morceaux de 5 cm | 1 aubergine coupée dans le sens de la longueur en morceaux de 5 cm | 1 pomme de terre douce | 1 grosse pomme de terre blanche"
soupes-et-potees,Soupe au pistou familiale,https://www.cuisine-libre.org/soupe-au-pistou-familiale,https://www.cuisine-libre.org/local/cache-gd2/16/609c706623a326824aff8fffba2845.jpg?1645183549,Txo min,,Durée totale :2 h,Non végétarien,,1 h,1 h,PT2H,Bouilli,Sans œuf,,,6,"Pour la soupe | 1 talon de jambon rance | 250 g d’haricots blancs frais | 200 g d’haricots coco rouges frais | 200 g d’haricots verts plats | 4 pommes de terre | 3 courgettes | 3 tomates | 100 g de macaronis coupés | sel, poivre | Pour le pistou | 1 gousse d’ail[1] | 100 g de poitrine salée[2] | 1 bouquet de basilic | 2 tomates | 10 cl huile d’olive | poivre | Pour servir | 100 g de fromage rapé[3]"
soupes-et-potees,Millet & lentilles aux légumes racines,https://www.cuisine-libre.org/salade-chaude-millet-lentilles-aux-legumes-racines,https://www.cuisine-libre.org/local/cache-gd2/28/607379aeff0f080bbb0b77e516d359.jpg?1644796832,Le Goût des Plantes,,Durée totale :1 h,Végétalien (vegan),,20 min,40 min,PT1H,,"Sans viande, Sans œuf, Sans lactose, Sans gluten",,,4,200 g de lentilles | 170 g de millet | 30 g de sésame | une botte (± 500 g) de scorsonères[*] | 3 gros navets | 1/2 céléri rave | 1 oignon (ou 2 échalottes) | 1 cc romarin brisé
soupes-et-potees,Lentilles au lait et aux pissenlits,https://www.cuisine-libre.org/lentilles-au-lait-et-aux-pissenlits,https://www.cuisine-libre.org/local/cache-gd2/b8/7d4f0ecb3ebb35c68d25b79d9396d1.jpg?1649033732,,,Durée totale :1 h 15,Non végétarien,,15 min,1 h,PT1H15M,Bouilli,"Sans œuf, Sans gluten",,,4,"1 poignée de lentilles par personne | 1 belle tranche de poitrine fumée, demi-sel ou fumée | ½ carotte | ½ oignon | 2 grosses poignées de pissenlits, de préférence en bouton | sel | herbes aromatiques | lait | 2 rondelles de raifort"
soupes-et-potees,Feijoada (cassoulet brésilien),https://www.cuisine-libre.org/feijoada-cassoulet-bresilien,https://www.cuisine-libre.org/local/cache-gd2/61/63ebe756a846fc996c4429accb2861.jpg?1644794512,kinou,,Durée totale :11 h,Non végétarien,6,30 min,3 h,PT11H30M,Mijoté,"Sans œuf, Sans lactose, Sans gluten",5.00,6,4,"500 g de bœuf à cuire | 300 g de carne do sertão (viande de bœuf légèrement salée et séchée au soleil) | 200 g de saucisse de porc fumée | 500 g de haricots noirs secs | 100 ml de concentré de tomate | quelques aromates : basilic, laurier… | huile d’olive | sel, poivre | Pour la sauce | 2 ou 3 tomates fraiches pelées | 1 poivron | 1 oignon | ail à volonté | 2 verres d’eau | Pour servir | riz à votre goût (long, basmati, complet…) | farine de manioc | sauce pimentée | 1 banane en rondelleset/ou une tranche d’orange"
soupes-et-potees,Curry de haricots verts et pommes de terre,https://www.cuisine-libre.org/curry-de-haricots-verts-et-pommes-de-terre,https://www.cuisine-libre.org/local/cache-gd2/d8/e8af58009763d3a7817609f633eafb.jpg?1644801803,Aromarie,,Durée totale :30 min,Végétalien (vegan),,?,30 min,PT30M,,"Sans viande, Sans œuf, Sans lactose, Sans gluten",,,,500 g de haricots verts | 4 belles pommes de terre | 2 tomates mûresou ½ boîte de tomates PM en dés et 1 pointe de tomate concentrée | 2 gousses d’ail | 1 oignon | 1 c à café de curry de madras | 1 c à café de curcuma | ½ c à café de purée de gingembre | 2 ou 3 tours de moulin de curry à moudre | huile d’olive | sel et poivre du moulin
soupes-et-potees,Aubergines et poivrons au sel svanétien,https://www.cuisine-libre.org/aubergines-et-poivrons-au-sel-svanetien,https://www.cuisine-libre.org/local/cache-gd2/c2/77beab12c918007f570d041dba1666.jpg?1644794700,Georgian Recipes,,Durée totale :40 min,Végétalien (vegan),,15 min,25 min,PT40M,Friture,"Sans viande, Sans œuf, Sans lactose, Sans gluten",,,,5 aubergines | 2 poivrons rouges | 3 piments verts | 15 g de coriandre verte fraîche | 1 oignon rouge | 1 grosse tomate | 5 gousses d’ail | 1 c. à soupe desel de Svanétie | 6 c. à soupe de vinaigre de vin blanc | 10 c. à soupe d’huile | sel | 30 ml d’eau
soupes-et-potees,Colombo de légumes au tofu et noix,https://www.cuisine-libre.org/colombo-de-legumes-au-tofu-et-noix,https://www.cuisine-libre.org/local/cache-gd2/5a/cf075620f38eb1fc744abb154f2399.jpg?1644794329,valivalou,,Durée totale :30 min,Végétalien (vegan),1,10 min,20 min,PT30M,Mijoté,"Sans viande, Sans œuf, Sans lactose, Sans gluten",5.00,1,4,"200 g de riz | 100 g de tofu fumé | 3 tomates bien mûres | 1 gros tronçon de courgette (ou deux petites courgettes) | 8 cerneaux de noix | 1 piment doux | 2 oignons | 1 gousse d’ail | sel, poivre, colombo, purée de piment | 4 feuilles de basilic | huile d’olive"
soupes-et-potees,Pommes de terre et épinards à l’indienne (aloo  (...),https://www.cuisine-libre.org/pommes-de-terre-et-epinards-a-l-indienne-aloo-palak,https://www.cuisine-libre.org/local/cache-gd2/cf/e846755feb30e0aa3f6cb6403aed2f.jpg?1644794505,,,Durée totale :35 min,Végétalien (vegan),3,15 min,20 min,PT35M,Mijoté,"Sans viande, Sans œuf, Sans lactose, Sans gluten",5.00,3,,200 g de feuilles d’épinards | 1 tomate | 2 pommes de terre moyennes | 1 oignon coupé finement | 1 piment vert (facultatif) | 2 gousses d’ail | 1 c. café de graines de moutarde | 1 c. café de graines de cumin | 1 c. café de poudre de curcuma | 1 c. soupe de poudre de coriandre | 1 c. soupe de poudre de curry | 1 pincée d’asa foetida (facultatif) | 2 c. soupe d’eau | 3 c. soupe d’huile (de coco ou autre) | 1 pincée de sel | 2 brins de coriandre fraîche
soupes-et-potees,Frigousse médiévale,https://www.cuisine-libre.org/frigousse-medievale,https://www.cuisine-libre.org/local/cache-gd2/4b/52436f9ca388b75763f4fdaa4f3703.jpg?1644824678,Adeselsus,,Durée totale :2 h,Non végétarien,1,?,2 h,PT2H,,Sans œuf,5.00,1,,"800 g de viande de veau, bœuf ou porc | 200 g de lardons non fumés | 75 g de lardons fumés | 400 g de champignons en boite | 200 g de marrons sous vide | 2 oignons doux | 50 cl de vin rouge | 1 cube de bouillon de bœuf | 1 c. à soupe de verjus (ou de vinaigre de cidre ou de vin) | 1 petit bouquet garni (thym, romarin et laurier) | 1 c. à café de cannelle moulue | 1 pointe de girofle moulue | 1 c. à café de cardamome moulue | très peu de sel (selon quantité de lard) | poivre"
soupes-et-potees,Navarin d’agneau aux légumes de printemps,https://www.cuisine-libre.org/navarin-d-agneau-aux-legumes-de-printemps,https://www.cuisine-libre.org/local/cache-gd2/6f/ebe92f58b27f5f78fe1cec0ca55773.jpg?1644794490,ylh,,Durée totale :2 h 30,Non végétarien,31,30 min,2 h,PT2H30M,Mijoté,"Sans œuf, Sans lactose",4.90,31,6,"1,5 kg d’agneau | 8 carottes | 4 beaux navets ou 8 petits | 12 petits oignons nouveaux | 200 g de haricots verts | 200 g de petits pois | 6 pommes de terre moyennes | 1 gousse d’ail | 1 bouquet de persil | 3 cubes de bouillon de légumes déshydraté, corsé si possible | 3 grosses cuillères à soupe de farine (complète sinon blanche) | 3 cuillères à soupe d’huile d’olive | sel, poivre"
soupes-et-potees,Carbonade flamande,https://www.cuisine-libre.org/carbonade-flamande,https://www.cuisine-libre.org/local/cache-gd2/50/b7e762ebeab4335df7d459ae30cfbc.jpg?1644794967,christophe,,Durée totale :3 h 20,Non végétarien,44,20 min,3 h,PT3H20M,Mijoté,"Sans œuf, Sans lactose",5.00,44,6,"6 tranches de bœuf à braiser (paleron) | 4 oignons moyens | 200 g de lardons | 1 cuillère à soupe de vergeoise brune | 1 cuillère à soupe de moutarde | 1 cuillère à soupe de vinaigre | 150 g de pain rassis | 50 g de beurre | 75 cl de bière blonde | 1 bouquet garni | sel, poivre"
soupes-et-potees,Soupe de quinoa au maïs,https://www.cuisine-libre.org/soupe-de-quinoa-au-mais,https://www.cuisine-libre.org/local/cache-gd2/3a/f97becf84210c1ebc17a0f60918725.jpg?1644797396,Gargantua,,Durée totale :50 min,Végétarien,14,20 min,30 min,PT50M,Bouilli,"Sans viande, Sans œuf, Sans gluten",5.00,14,5,"1 gros oignon | 2 navets ronds | 1 conserve de maïs | 2 c. à soupe de flocons de quinoa | 1 feuille de laurier | lait (de vache ou soja) | huile de maïs | 2 branches de céleri | sel, piment, paprika"
soupes-et-potees,Chili langue de feu,https://www.cuisine-libre.org/haricots-langue-de-feu-au-piment,https://www.cuisine-libre.org/local/cache-gd2/2c/4ca63a7c1cd264590a54b63b6b9f2b.jpg?1644795279,,,Durée totale :1 h,Végétalien (vegan),,15 min,45 min,PT1H,Four,"Sans viande, Sans œuf, Sans lactose",,,12,"5 gousses d’ail, émincées | 1 oignon rouge, émincé | 4 c. à soupe de moutarde | 1⅔ tasse de sucre brun, non raffiné (rapadura) | 3 c. à soupe de sauce Worcestershire végétale | ¼ tasse de ketchup | 6 piments chipotle séchés entiers[1] | 6 tasses de haricots langue de feu[2], cuits et égouttés | ½ c. à café de sel marin | ¼ c. à café de poivre noir finement moulu | huile végétale"
soupes-et-potees,Purée de carottes aux lentilles corail,https://www.cuisine-libre.org/puree-de-carottes-aux-lentilles-corail,https://www.cuisine-libre.org/local/cache-gd2/80/6d1b99051a9133381cbf3f826b1412.jpg?1644794499,Mouchette,,Durée totale :30 min,Végétarien,36,15 min,15 min,PT30M,Bouilli,"Sans viande, Sans œuf, Sans gluten",5.00,36,4,"400 g de carottes | 250 g de lentilles corail | 2 échalotes | 1 c. à café rase de curcuma | 2 brins de coriandre | 30 g de beurre | sel, poivre"
soupes-et-potees,Ragoût de céleri aux olives,https://www.cuisine-libre.org/ragout-de-celeri-aux-olives,https://www.cuisine-libre.org/local/cache-gd2/18/2c9a1073a9b6e34d3cd0dcdcdb6034.jpg?1644795553,Mala Mustatea,,Durée totale :45 min,Végétalien (vegan),1,15 min,30 min,PT45M,Mijoté,"Sans viande, Sans œuf, Sans lactose, Sans gluten",5.00,1,,"6 petits céleri (1,5 kg) | 6 tomates (ou conserve de pulpe ou jus de tomates) | 4 oignons | 1 petite tasse d’huile | sel, poivre | 100 g d’olives noires | 1 botte de persil | 1 bouquet d’aneth"
soupes-et-potees,Piperade basque,https://www.cuisine-libre.org/piperade-basque,https://www.cuisine-libre.org/local/cache-gd2/2c/0c24242ee4680518cd5c5ffcae7c30.jpg?1644797363,,,Durée totale :1 h,Végétalien (vegan),58,20 min,40 min,PT1H,Mijoté,"Sans viande, Sans œuf, Sans lactose, Sans gluten",5.00,58,4,4 tomates mûres | 4 poivrons verts[*] | 3 oignons blancs | 2 piments doux d’Anglet | 2 gousses d’ail | 3 c. à soupe d’huile d’olive | 1 brin de thym frais (facultatif) | 1 pincée de piment d’Espelette en poudre | 1 c. café de sucre
soupes-et-potees,Cacasse à cul nu,https://www.cuisine-libre.org/cacasse-a-cul-nu,https://www.cuisine-libre.org/local/cache-gd2/17/32e6947bd03eb5881bb5c1447d1469.jpg?1644797984,,,Durée totale :1 h,Non végétarien,35,15 min,45 min,PT1H,Mijoté,"Sans viande, Sans œuf, Sans lactose",5.00,35,4,1 kg de pommes de terre longues à chair ferme | 4 oignons jaunes | 4 c. à soupe de saindoux | 2 c. à soupe de farine | 2 verres de bouillon | 1 verre de vin blanc (facultatif) | 2 gousses d’ail | 1 branche de thym | 2 feuilles de laurier | 1 botte de persil | sel et poivre
soupes-et-potees,Potée vendéenne,https://www.cuisine-libre.org/potee-vendeenne,https://www.cuisine-libre.org/local/cache-gd2/79/0dfd2bd0ca18bd3a47abdf335cbc21.jpg?1647191548,,,Durée totale :1 h 40,Non végétarien,,20 min,1 h 20,PT1H40M,Bouilli,Sans œuf,,,5,1 gros chou vert | 4 belles carottes | 1 oignon | 600 g de pommes de terre Bonnotte de Noirmoutier | 2 saucisses à cuire | 1 tranche épaisse de poitrine fumée | 1 jarret de porc fumé | beurre
soupes-et-potees,Lapin à la bière et aux pruneaux,https://www.cuisine-libre.org/lapin-a-la-biere-et-aux-pruneaux,https://www.cuisine-libre.org/local/cache-gd2/f3/bea077ffb33b907fafafd73af8ba53.jpg?1644794954,Romy,,Durée totale :13 h,Non végétarien,36,35 min,55 min,PT13H30M,Mijoté,"Sans œuf, Sans lactose, Sans gluten",5.00,36,6,"1 beau lapin env. 1,5 kg | 20 pruneaux | 4 cuillères à soupe de raisins blonds secs | 2 belles échalotes | 1 feuille de laurier | 1 branche de thym | quelques baies de genièvre | grains de poivre | sel | 1 filet de vinaigre | 1 litre de bière blonde | 100 g de lardons | 50 g de saindoux"
soupes-et-potees,Haricots tarbais à l’indienne,https://www.cuisine-libre.org/haricots-tarbais-a-l-indienne,https://www.cuisine-libre.org/local/cache-gd2/74/bdd5a6f858b5d0134644d0a26901df.jpg?1644794344,"Haricot Tarbais, Savoirs et saveurs",,Durée totale :10 h,Végétalien (vegan),,30 min,2 h,PT10H30M,Bouilli,"Sans viande, Sans œuf, Sans lactose, Sans gluten",,,4,2 aubergines (environ 650 g) | 1 c. à soupe de gros sel | huile d’olive ou d’arachide | 300 g de haricots tarbais Label Rouge / IGP secs | 400 g de pulpe de tomates | 1 oignon | 2 gousses d’ail | 5 c. à soupe d’huile d’olive | 1 c. à soupe de fénugrec | 1 c. à soupe de graines de fenouil | ½ c. à soupe de curry | 1 c. à thé de piment moulu (Espelette) | sel | quelques brins de coriandre fraîche | 280 g de riz basmati | 1 citron bio (pas traité)
soupes-et-potees,Harira,https://www.cuisine-libre.org/harira,https://www.cuisine-libre.org/local/cache-gd2/86/faa1c92d17b8c37f073a3deebc03cb.jpg?1644797670,Radia,,Durée totale :1 h,Non végétarien,5,15 min,45 min,PT1H,Bouilli,"Sans œuf, Sans lactose",5.00,5,8,2 litres d’eau | 200 g de mouton | 100 g de pois chiches trempés la veille | 50 g de lentilles | 50 g de vermicelles | 500 g de pulpe de tomate | 2 cs de concentré de tomate | 100 g de farine | 2 oignons | 1 bouquet de persil | 1 bouquet de coriandre | 3 banches de céleri | 10 cl d’huile d’olive | 1/2 cc de curcuma | 1/2 cc de gingembre | 1/2 cc de poivre noir | 1 cc de sel | 1 cc de smen (beurre) | 1 citron jaune
soupes-et-potees,"Jarret de veau poché, blanquette de légumes (...)",https://www.cuisine-libre.org/jarret-de-veau-poche-blanquette-de-legumes-printaniers,https://www.cuisine-libre.org/local/cache-gd2/cf/2a12505782a3b16f7ac3a852a43dbe.jpg?1644797660,Collective du Veau de la Pentecôte,,Durée totale :2 h 40,Non végétarien,,30 min,2 h 10,PT2H40M,Mijoté,Sans œuf,,,4,2 beaux jarrets désossés et ficelés par le boucher | 2 carottes | 1 poireau | 1 branche de céleri | 1 oignon | thym | laurier | 3 clous de girofle | persil | Pour la blanquette printanière | 300 g de petits pois | 300 g d’asperges vertes | 200 g de fèves | 200 g de petits champignons de Paris | 160 g de navets fanes | 160 de carottes fanes | 200 g de petites pommes de terre | 1 botte de sarriette | le jus d’un citron | 500 ml de crème | 80 g de beurre | 80 g de farine
soupes-et-potees,Poulet basquaise,https://www.cuisine-libre.org/poulet-basquaise,https://www.cuisine-libre.org/local/cache-gd2/cb/f9096a5962d93ee56d1c83f5507523.jpg?1644794701,Arlette,,Durée totale :1 h 50,Non végétarien,50,30 min,1 h 20,PT1H50M,Mijoté,"Sans œuf, Sans lactose",5.00,50,6,"1 beau poulet | 4 gros oignons | 4 poivrons rouges ou verts | 1 kg de tomates | 2 cuil. concentré de tomate | 4 gousses d’ail | 250 g poitrine fumée | 250 g champignons | 2 morceaux de sucre | 1 bouquet garni : thym, laurier, persil, cerfeuil | 1 verre d’huile d’olive | 1 tasse de farine | Sel et piment"
soupes-et-potees,Pois chiches aux poivrons mitonnés,https://www.cuisine-libre.org/pois-chiches-aux-poivrons-mitonnes,https://www.cuisine-libre.org/local/cache-gd2/ac/4c8ad9669d7371e9e2ec0ddb78e058.jpg?1644794698,Mouchette,,Durée totale :35 min,Végétalien (vegan),2,15 min,20 min,PT35M,Mijoté,"Sans viande, Sans œuf, Sans lactose, Sans gluten",5.00,2,4,"400 g de pois chiches cuits | 1 poivron rouge | 1 poivron jaune | 1 poivron vert | 1 oignon rouge | 1 gousse d’ail | 2 c. à soupe d’huile d’olive | 1 c. à café de graines de cumin | ½ c. à café de paprika | sel, poivre"
soupes-et-potees,Tajine d’agneau aux courgettes et citron (...),https://www.cuisine-libre.org/tajine-d-agneau-aux-courgettes-et-citron,https://www.cuisine-libre.org/local/cache-gd2/93/a6697411c398e22dbe5263f427163b.jpg?1644795257,Ja6,,Durée totale :2 h,Non végétarien,3,20 min,1 h 40,PT2H,Mijoté,"Sans œuf, Sans lactose, Sans gluten",5.00,3,5,"1 épaule d’agneau désossée et dégraissée de ± 1,5 kg coupée en gros cubes | 1 citron confit au sel | 500 g de courgettes | 2 oignons rouges | 5 cl d’huile d’olive | 2 cuillères à soupe de miel liquide | 1 cuillère à soupe de graines de cumin | 1 cuillère à café de curcuma | sel & poivre du moulin"
soupes-et-potees,Civet d’œuf,https://www.cuisine-libre.org/civet-d-oeuf,https://www.cuisine-libre.org/local/cache-gd2/c1/7503054ffc5700e0ddc2eac563a603.jpg?1644794841,Ménagier de Paris,,Durée totale :30 min,Végétarien,,10 min,20 min,PT30M,,"Sans viande, Sans lactose, Sans gluten",,,2,4 œufs extra-frais | 4 oignons cives | 250 ml de vin rouge | 50 ml de verjus | 50 ml de vinaigre | huile
soupes-et-potees,"Karmuszka, soupe polonaise",https://www.cuisine-libre.org/karmuszka-soupe-polonaise,https://www.cuisine-libre.org/local/cache-gd2/a3/7d3d0a91dd388ced219424a8204f02.jpg?1707689605,Agnieszka Komorowska,,Durée totale :1 h,Non végétarien,1,?,1 h,PT1H,Bouilli,"Sans œuf, Sans gluten",5.00,1,,"600 g de porc désossé | 200 g de lard fumé | 300 g de haricots blancs (ou moitié blancs, moitié rouges) | 250 g de chou blanc | 3 carottes moyennes | 2 oignons | 3 branches de céleri ou un morceau de céleri-rave | 200 ml de purée de tomates | 100 ml de crème sure | ½ c. à café de graines de cumin | ½ c. à café de thym séché | 1 c. à soupe de marjolaine séchée | quelques feuilles de livèche | 3 c. à soupe de persil haché | sel et poivre"
soupes-et-potees,Navets au lard,https://www.cuisine-libre.org/navets-au-lard,https://www.cuisine-libre.org/local/cache-gd2/fc/e6992e7d01dcf7d72915d9d3598d49.jpg?1644794487,,,Durée totale :1 h 05,Non végétarien,19,25 min,40 min,PT1H5M,Mijoté,Sans œuf,4.79,19,4,"1 kg de petits navets nouveaux | 200 g de poitrine fumée | 3 échalotes | 1 verre de vin blanc | sel, poivre, persil"
soupes-et-potees,Soupe de Biscaye,https://www.cuisine-libre.org/soupe-de-biscaye,https://www.cuisine-libre.org/local/cache-gd2/34/54180e441b15b28a8b119627e99de7.jpg?1644794344,Ja6,,Durée totale :4 h 20,Non végétarien,,20 min,2 h,PT4H20M,Bouilli,"Sans œuf, Sans lactose, Sans gluten",,,4,"100 g de haricots blancs secs | 1 cœur de chou blanc | 300 g de pulpe de potiron | 2 tranches de lard de poitrine maigre de ± 120 g chacune | 2 oignons | 1 gousse d’ail | 1 bouquet garni | huile d’olive | sel, poivre"
soupes-et-potees,Soupe au chou chinois et shiitake,https://www.cuisine-libre.org/soupe-au-chou-chinois-et-shiitake,https://www.cuisine-libre.org/local/cache-gd2/10/c495afc8d6899abd57eccf4d1d46d2.jpg?1644794963,Romy,,Durée totale :40 min,Non végétarien,46,20 min,20 min,PT40M,Bouilli,"Sans œuf, Sans lactose",5.00,46,4,"1 chou chinois (nappa) | 4 champignons shiitake | 200 g de poitrine fumée | 2 gousses d’ail | 125 g de vermicelles de riz | 1,5 litre d’eau | 1 cube de bouillon de volaille | 2 c. à soupe de sauce soja | 3 branches de coriandre fraiche (facultatif)"
soupes-et-potees,"Halàszlé, soupe de poisson au paprika",https://www.cuisine-libre.org/halaszle-soupe-de-poisson-au-paprika,https://www.cuisine-libre.org/local/cache-gd2/14/992ed2db7fb8838a987b4f6406ed81.jpg?1648806686,,,Durée totale :2 h 10,Non végétarien,,30 min,1 h 40,PT2H10M,Bouilli,"Sans viande, Sans œuf, Sans lactose, Sans gluten",,,4,"1,5 kg de poissons : carpe, brochet, sandre… | 2 oignons | 1 tomate | 1 poivron rouge | 1 c. à soupe de paprika légèrement piquant | sel, poivre | 2 litres d’eau"
soupes-et-potees,Poulet au Marsala,https://www.cuisine-libre.org/poulet-au-marsala,https://www.cuisine-libre.org/local/cache-gd2/e4/75cc89c1ae7897c83f9381b3409bde.jpg?1644794687,MAFLO,,Durée totale :2.5 j,Non végétarien,1,15 h,1.5 j,PT2D12H,Mijoté,Sans œuf,5.00,1,4,1 poulet | 100 g de lardons fumés | 250 g de champignons de Paris | 1 verre de Marsala | 2 c. à soupe de farine | 4 gousses d’ail | 1 noix de beurre | 2 c. à soupe d’huile | 100 g d’ échalotes | sel et poivre | romarin (facultatif)
soupes-et-potees,Soupe de rutabaga à l’ail rôti,https://www.cuisine-libre.org/soupe-de-rutabaga-a-l-ail-roti,https://www.cuisine-libre.org/local/cache-gd2/05/ad5e9d47a8fb3310ddd0dde391b567.jpg?1705358474,,,Durée totale :50 min,Végétarien,7,20 min,30 min,PT50M,Bouilli,"Sans viande, Sans œuf",5.00,7,6,1 c. soupe d’huile d’olive | 4 gousses d’ail | 3 belles branches de thym frais | 700 g de rutabaga | 600 g de carottes | 750 ml de bouillon de légumes | 250 ml de lait | 400 g de haricots blancs cuits | 1 pincée de sel
soupes-et-potees,Couscous des pieds noirs,https://www.cuisine-libre.org/couscous-des-pieds-noirs,https://www.cuisine-libre.org/local/cache-gd2/88/025401b6816bdd1078ae3c0895d65b.jpg?1644794887,Loloinfo,,,Non végétarien,1,?,,,Bouilli,"Sans œuf, Sans lactose",5.00,1,10,"1 gigot d’agneau de 2 Kg environ | 1 Kg de bœuf à braiser (collier, paleron..) | 10 merguez de mouton | 10 pilons de poulet | 1 Kg de carottes | 3 branches de cèleri | 4 poivrons verts | 1 gousse d’ail | 3 gros oignons | 1,5 Kg de tomates bien mures | 1,5 Kg de courgettes | 1 boite de pois-chiche | 3 c. à soupe de Raz-el-hanout | 1 c. à soupe de harissa | 1 petite boîte de concentré de tomates | 1 Kg de semoule de couscous moyenne | 150 g de raisins secs | huile d’olive | sel, poivre"
soupes-et-potees,Bœuf bourguignon fondant,https://www.cuisine-libre.org/boeuf-bourguignon-fondant,https://www.cuisine-libre.org/local/cache-gd2/44/11332507e40a9ccd07714e8b65261b.jpg?1644794832,llenlewag,,Durée totale :6 h 30,Non végétarien,4,30 min,6 h,PT6H30M,Four,Sans œuf,5.00,4,5,1 kg de collier ou paleron ou joue (je recommande cette dernière) | 10 belles carottes | 1 gros oignon | 200 g de champignons | 250 g de poitrine fumée | 3 c à s de farine | 1 bouteille de vin rouge | 1 carré de chocolat noir (optionnel)
soupes-et-potees,Tajine de poulet aux mirabelles,https://www.cuisine-libre.org/tajine-de-poulet-aux-mirabelles,https://www.cuisine-libre.org/local/cache-gd2/96/72b35644de800fc5159b792fa3340c.jpg?1644797926,Cédric,,Durée totale :2 h 30,Non végétarien,17,30 min,2 h,PT2H30M,Mijoté,"Sans œuf, Sans lactose",5.00,17,6,"1 gros poulet fermier | 1 kg de mirabelles | 3 oignons | 3 cuillères à soupe de miel | 3 cuillères à café de 4 épices | 1 botte de coriandre | 1 litre d’eau | sel, poivre | huile d’olive"
soupes-et-potees,Baked beans à l’américaine,https://www.cuisine-libre.org/baked-beans-a-l-americaine,https://www.cuisine-libre.org/local/cache-gd2/be/ebeef2da5b2e59a944488a35a24740.jpg?1644802050,,,Durée totale :15 min,Non végétarien,,5 min,10 min,PT15M,Mijoté,"Sans œuf, Sans lactose, Sans gluten",,,4,1 grosse boite (500 g net égoutté) de haricots blancs à la tomate | 2 oignons rouges émincés | 2 c. à soupe d’huile d’olive | 8 tranches de bacon | 1 c. à café de miel liquide | 1 c. à soupe de ketchup | 1 c. à soupe de sauce Worcester | 1 c. à café de moutarde mi forte | 1 c. à soupe de chapelure fine | 2 brins de persil plat ciselé | Sel et poivre du moulin
soupes-et-potees,Lentilles rouges à la tomate et aux épinards,https://www.cuisine-libre.org/lentilles-rouges-a-la-tomate-et-aux-epinards,https://www.cuisine-libre.org/local/cache-gd2/ee/ac6a6ae12157c2bdbcc760ff64aaa5.jpg?1644795538,,,Durée totale :20 min,Végétalien (vegan),1,10 min,10 min,PT20M,Mijoté,"Sans viande, Sans œuf, Sans lactose, Sans gluten",5.00,1,2,"2 cs d’huile d’olive | 2 gousses d’ail pelées et finement tranchées | 150 g de lentilles rouges | 3 cs de concentré de tomate | 1,5 tasse d’eau | 2 poignées de feuilles d’épinards (ou 250 g congelés) | 1 poignée d’amandes (facultatif)"
soupes-et-potees,Saucisses de Toulouse aux oignons confits,https://www.cuisine-libre.org/saucisses-de-toulouse-aux-oignons-confits,https://www.cuisine-libre.org/local/cache-gd2/62/2f611158eefa6ed44198dd6e91e2c3.jpg?1644801838,Phil,,Durée totale :30 min,Non végétarien,23,10 min,20 min,PT30M,Mijoté,"Sans œuf, Sans lactose",5.00,23,4,4 saucisses de Toulouse | 1 oignon | 1/3 verre vin blanc | 1 cs fond de volaille | 1 cs graisse de canard | 1 brin de sarriette
soupes-et-potees,Soupe au petit épeautre,https://www.cuisine-libre.org/soupe-au-petit-epeautre,https://www.cuisine-libre.org/local/cache-gd2/3b/bf1c348b544bf3e9321657fdc1099e.jpg?1644794655,Adeselsus,,Durée totale :3 h 15,Non végétarien,1,15 min,3 h,PT3H15M,Bouilli,"Sans œuf, Sans lactose",5.00,1,4,4 poignées de flocons de petit épeautre | 4 tranches (150 g) de poitrine fumée | ½ saucisse de Morteau | 4 carottes | 2 poireaux | 2 branches vertes de céleri | 1 oignon piqué de 3 ou 4 clous de girofle | 2 gousses d’ail | 2 litres d’eau | ½ c. à café de poivre noir long écrasé (piper longum) ou poivre noir | sel gris
soupes-et-potees,Poulet M’chermel (olives et citron confit),https://www.cuisine-libre.org/poulet-m-chermel-olives-et-citron-confit,https://www.cuisine-libre.org/local/cache-gd2/7f/9b65585ebd63a22c34a243deb10a2c.jpg?1644795982,Radia,,Durée totale :2 h,Non végétarien,2,15 min,45 min,PT2H,Mijoté,"Sans œuf, Sans lactose, Sans gluten",5.00,2,6,1 gros poulet fermier coupé en morceaux (ou 6 cuisses) | 1/2 tasse d’olives mauves (sinon vertes) | 1 gros oignon émincé finement | 1/3 bouquet de persil plat haché | 3 brins de coriandre fraîche | 3 c. soupe d’huile d’olive | Pour la marinade : | 1 citron confit | 3 gousses d’ail hachées | 1 c. café de cumin | 1 c. café de piment doux | 1 c. café de gingembre poudre | 1 c. café de curcumaou quelques filaments de safran | 1 pincée de gros sel
soupes-et-potees,Poulet au lait d’amandes et au verjus,https://www.cuisine-libre.org/poulet-au-lait-d-amandes-et-au-verjus,https://www.cuisine-libre.org/local/cache-gd2/b1/d4091d5a51a0d047508fa82d921cbf.jpg?1644795990,,,Durée totale :2 h 30,Non végétarien,,20 min,1 h 10,PT2H30M,Mijoté,"Sans œuf, Sans lactose, Sans gluten",,,6,"1 poulet de 1,4 kgou 6 pattes de poulet ou pintade | 2 ou 3 foies de volaille | 200 g d’amandes en poudre | 300 ml de verjusou le jus d’un citron jaune complété par du vinaigre de vin | 2 c. café de cannelle | un petit morceau de gingembre fraisou 1 c. café de gingembre | 3 gousses de poivre long écrasé (piper longum)ou 1/4 c. café de poivre moulu | 8 clous de girofleou 1 c. café rase girofle en poudre | 25 g de sucreou 2 c. à soupe de miel | 1 pincée de sel"
soupes-et-potees,Garbure (potée gasconne),https://www.cuisine-libre.org/garbure,https://www.cuisine-libre.org/local/cache-gd2/fc/3f32b8211f898566baf96cf403f816.jpg?1644794340,Jean-no,,Durée totale :1 j,Non végétarien,14,15 min,4 h,PT1D4H15M,Mijoté,"Sans œuf, Sans lactose, Sans gluten",5.00,14,4,"1 talon de jambon, de préférence du jambon de pays | 1 chou | 8 pommes de terre | 4 carottes | 1 navet éventuellement | 1 ou 2 poireaux | 200 g de gros haricots blancs secs | 1 tête d’ail | 1 petit oignon | 4 manchons de canard confits"
soupes-et-potees,Soupe de canard à la vietnamienne,https://www.cuisine-libre.org/soupe-de-canard-a-la-vietnamienne,https://www.cuisine-libre.org/local/cache-gd2/44/fbbdbf1d629eac414d620817ac6db8.jpg?1644794955,Romy,,Durée totale :1 h 50,Non végétarien,22,20 min,1 h 30,PT1H50M,Bouilli,"Sans œuf, Sans lactose",5.00,22,4,1 litre d’eau | 1 carcasse de canard | 1 oignon | 1 gousse d’ail | 1 morceau de gingembre frais | 1 étoile de badiane | 1 pincée de cinq parfums | sel | 1 cube de bouillon de bœuf | 1 c.café de nuoc-mâm | 120 g de vermicelles (ou nouilles) de riz | 1 petite boîte de pousses de bambou ou de fleurs de lys | quelques champignons noirs déshydratés | 1 carotte | 1 petit navet | 1 ciboule ou oignon nouveau | quelques brins de coriandre fraîche
soupes-et-potees,Soupe à l’épeautre,https://www.cuisine-libre.org/soupe-a-l-epeautre,https://www.cuisine-libre.org/local/cache-gd2/79/f754fd1485131b373ca2b29cf75cd7.jpg?1644794658,Ménagier de Paris,,Durée totale :3 h 15,Non végétarien,4,15 min,3 h,PT3H15M,Bouilli,"Sans œuf, Sans lactose",5.00,4,,1 grosse saucisse artisanale (Morteau) | 1 belle tranche de lard fumé | 1 gros oignon | 2 gousses d’ail | 2 branches de céleri | 6 carottes de belle taille | 2 poireaux entiers | 4 bonnes poignées d’épeautre | 2 litres d’eau | quelques grains de poivre | sel
soupes-et-potees,Azinat aux blettes,https://www.cuisine-libre.org/azinat-aux-blettes,https://www.cuisine-libre.org/local/cache-gd2/5e/1fbd43d3e1441670f27b97c5e990de.jpg?1644795635,,,Durée totale :2 h 40,Non végétarien,,20 min,2 h 20,PT2H40M,Bouilli,,,,8,"4 belles carottes | 2 gros navets | 2 gros oignons | 4 gousses d’ail | 1 bouquet garni | saindoux (ou huile) | 2,5 litres d’eau | 1 kg de queue de bœuf | 500 g de palette de porc | 1/2 fond de jambon | 700 g de feuilles de blettes | 750 g de pommes de terre fermes | 1rouzolle | vermicelles ou tapioca"
soupes-et-potees,Soba et poulet,https://www.cuisine-libre.org/soba-et-poulet,https://www.cuisine-libre.org/local/cache-gd2/f0/37039dc837a3728717d626dbc56620.jpg?1644796360,nicZ,,Durée totale :30 min,Non végétarien,,15 min,15 min,PT30M,Bouilli,"Sans œuf, Sans lactose",,,,200 g nouilles soba | 400 g blancs de poulet | 2 poireaux | 750 ml dashi | 60 ml sauce soja | 2 càs mirin | 1 càc sucre | 1 càs huile végétale | 1 càs gingembre frais râpé | shichimi togarashi (sept-épices)
soupes-et-potees,Sauté de chevreuil à l’ancienne,https://www.cuisine-libre.org/saute-de-chevreuil-a-l-ancienne,https://www.cuisine-libre.org/local/cache-gd2/bb/648aac65a31d6bf3658d900c4b22ea.jpg?1644794497,Aver,,Durée totale :11 h,Non végétarien,1,1 h,2 h,PT11H,Sauté,Sans lactose,5.00,1,4,"800 g de sauté de chevreuil | 0,75 cl de vin rouge Bordeaux | 1 carotte | 1 oignon | 1 branche de thym | 1 feuille de laurier | 15 cl de crème liquide entière | 2,5 c. à soupe de farine | huile d’olive | sel, poivre | Pour accompagner | 4 carottes | 6 topinambours | 35 g de noisettes | 200 g de champignons de Paris | branches de thym | huile d’olive | sel, poivre"
soupes-et-potees,Poulet Mole,https://www.cuisine-libre.org/poulet-mole,https://www.cuisine-libre.org/local/cache-gd2/e9/76abb5efe9bdc034745a44537d1f57.jpg?1644795208,devnewton,,,Non végétarien,1,?,,,Mijoté,Sans œuf,5.00,1,,poulet | chocolat noir | oignon | ail | bouillon | épices | huile
soupes-et-potees,Laksa au poulet et tofu frit,https://www.cuisine-libre.org/laksa-au-poulet-et-tofu-frit,https://www.cuisine-libre.org/local/cache-gd2/08/7e56bd2adb4dc9b2cf282ee7d7c552.jpg?1706221573,Tean’s Gourmet,,Durée totale :25 min,Non végétarien,,10 min,15 min,PT25M,Bouilli,Sans lactose,,,6,"200 g de pâte d’épices à Tumisan Kari Laksa[*] | 1,6 litre d’eau bouillante | 150 ml de lait de coco épais (env. 1 noix de coco) | 100 g de tofu frit, tranché | 600 g de nouilles chinoises aux œufs de type hokkien (yellow noodles) | 60 g de germes de mungo | 1 poitrine de poulet, cuite et émincée | quelques boulettes de poisson, tranches defish cakeou surimi | 3 œufs durs coupés en deux | 1 poignée de feuilles de menthe"
soupes-et-potees,Chili con carne,https://www.cuisine-libre.org/chili-con-carne,https://www.cuisine-libre.org/local/cache-gd2/9b/c6b123357737d9d7eddf8f81d84e67.jpg?1644801287,,,Durée totale :2 h 30,Non végétarien,7,30 min,2 h,PT2H30M,Mijoté,"Sans œuf, Sans gluten",5.00,7,6,"1 kg de bœuf maigre[1] | 700 g d’oignons rouge hachés | 3 gousses d’ail | quelques piments (frais et secs)[2] | 2 poivrons (rouge et vert) | 50 cl de bouillon de bœuf | 2 conserves (env. 800 g) de tomates concassées | 3 conserves (env. 800 g) de frijoles rouges ou de haricots rouges cuits (facultatif[3]) | 1 c. à soupe d’origan mexicain séché[4] | 1 c. à soupe de cumin moulu | 1 bâton de cannelle | huile d’olive | sel, poivre | Pour servir | cheddar doux râpé | 1 bouquet de coriandre fraiche | 1 citron vert"
soupes-et-potees,Azinat aux haricots verts,https://www.cuisine-libre.org/azinat-aux-haricots-verts,https://www.cuisine-libre.org/local/cache-gd2/ff/052c5bcde925222e856a1ea6dbd81d.jpg?1644796615,,,Durée totale :2 h 20,Non végétarien,,20 min,2 h,PT2H20M,Bouilli,,,,8,"4 carottes | 3 gros oignons | 2,5 litres d’eau | 1 kg de jarret ou de flanchet de veau | 500 g de palette de porc | 2 saucissons de couennes | ½ fond de jambon | 750 g à 1 kg de haricots verts mangetout | 3 tomates | 4 gousses d’ail | sel, poivre | 750 g de pommes de terre fermes | 1rouzolle"
soupes-et-potees,Tajine de veau aux figues,https://www.cuisine-libre.org/tajine-de-veau-aux-figues,https://www.cuisine-libre.org/local/cache-gd2/58/0b2f36b1adcb0158ffc020c7087e7e.jpg?1644797110,amandine,,Durée totale :15 h,Non végétarien,27,30 min,3 h,PT15H30M,Mijoté,"Sans œuf, Sans lactose",5.00,27,6,1 kg de viande de veau (type osso buco) | 600 g d’oignons émincés | 500 g de figues (fraîches ou surgelées) | 250 g de raisins de corinthe | 3 gousses d’ail coupées finement | 4 gousses de vanille | 4 c. à soupe de miel | 2 c. à soupe de cannelle | 1 c. à soupe de cumin | 1 c. à soupe de curcuma | 1 c. à café de curry | eau de fleur d’oranger | 1 c. à soupe de cassonade
soupes-et-potees,Tsukimi soba,https://www.cuisine-libre.org/tsukimi-soba,https://www.cuisine-libre.org/local/cache-gd2/39/c7a8df4fe603459328c300454929a7.jpg?1644796360,Claire de Lune,,Durée totale :15 min,Non végétarien,2,10 min,5 min,PT15M,Bouilli,"Sans viande, Sans lactose",5.00,2,4,400 g de nouilles soba | 6 tasses de bouillon dashi | ⅓ tasse de sauce soja | 2 c. à soupe de mirin | ½ c. à café de sel | 4 œufs frais | 2 c. à soupe de negi (ou oignon vert) finement haché
soupes-et-potees,Poulet Directeur Général,https://www.cuisine-libre.org/poulet-directeur-general,https://www.cuisine-libre.org/local/cache-gd2/a7/61e8e4047bc8cce37ee73302150aa0.jpg?1644798188,Ja6,,Durée totale :50 min,Non végétarien,2,25 min,25 min,PT50M,Mijoté,Sans œuf,5.00,2,6,"25 cl d’huile de tournesol | 4 bananes plantain jaunes | 6 cuisses de poulet | 3 carottes moyennes | 1 poireau | 1/2 poivron rouge | 1/2 poivron jaune | 2 cuillères à soupe de curry | 2 cubes de bouillon culinaire épices-oignons | sel, poivre | Sauce : | 30 graines de djansan | 1 oignon | 4 branches de persil | 3 gousses d’ail | 20 g de gingembre | 4 graines de pépé | sel, poivre"
soupes-et-potees,Poule au riz,https://www.cuisine-libre.org/poule-au-riz,https://www.cuisine-libre.org/local/cache-gd2/e3/922c6b515571843631866cec5d64ba.jpg?1644796438,,,Durée totale :2 h 10,Non végétarien,1,20 min,1 h 50,PT2H10M,Bouilli,"Sans œuf, Sans gluten",5.00,1,6,"1 poule prête à cuire | 250 g riz blanc | 100 g champignons de Paris (facultatif) | 1 carotte | 1 navet | 1 poireau | 1 branche de céleri | 1 oignon | 2 clous de girofle | 1 bouquet garni | 30 g beurre | sel, poivre"
soupes-et-potees,Poulet aux écrevisses,https://www.cuisine-libre.org/poulet-aux-ecrevisses,https://www.cuisine-libre.org/local/cache-gd2/a4/7f16914c3b48dab2674735a8a716df.jpg?1644802052,Ménagier de Paris,,Durée totale :1 h,Non végétarien,1,?,1 h,PT1H,Bouilli,"Sans œuf, Sans lactose",5.00,1,6,"1 poulet (1,5 kg) | 280 g d’écrevisses ou grosses crevettes (4 ou 5 par personne) | 30 g saindoux ou huile | 60 g d’amandes entières | 50 g de pain de campagne grillé | vin pour le bouillon | 250 g de verjus | ½ c. café rase de cannelle | ½ c. café rase de gingembre | ¼ c. café rase de poivre long | ¼ c. café rase de clou de girofle | 3 g de sel"
soupes-et-potees,"Soupe aux trois sœurs (courge, maïs et haricots)",https://www.cuisine-libre.org/soupe-aux-trois-soeurs,https://www.cuisine-libre.org/local/cache-gd2/96/4e55f65b854c052417c0d1520cfa59.jpg?1644795278,,,Durée totale :30 min,Non végétarien,,5 min,25 min,PT30M,Bouilli,"Sans viande, Sans œuf, Sans lactose, Sans gluten",,,7,"500 g de courge musquée en dés (fraiche ou congelée) | 250 g de haricots rouges ou noirs (conserve ou congelés) | 1 à 2 épis (env. 400 ml) de maïs égrainés (frais ou conserve) | 30 ml d’huile de tournesol | 125 g d’oignon haché | 1,5 litre de bouillon de cerf, de perdrix ou de poulet maison | sel, poivre"
soupes-et-potees,Soupe de légumes aux céréales,https://www.cuisine-libre.org/soupe-de-legumes-aux-cereales,https://www.cuisine-libre.org/local/cache-gd2/04/d18ee3de912c5a6ce2ac328a445e9d.jpg?1644794348,,,,Végétalien (vegan),,?,,,Bouilli,"Sans viande, Sans œuf, Sans lactose",,,,"200 g de carottes | 200 g de chou-rave | 50 g de céleri-rave | 2 oignons | 1 poireau | 1 branche de céleri | 120 g de céréales : orge, froment, avoine, seigle | 1,5 litre de bouillon de légumes | 150 g de pois mange-tout | sel, poivre | 1 c. à café de marjolaine | 1 c. à café d’origan | quelques brins de persil"
soupes-et-potees,Mafé vegan,https://www.cuisine-libre.org/mafe-vegan,https://www.cuisine-libre.org/local/cache-gd2/24/6a2f181dc83b7e758d3a3b27bf3960.jpg?1644794531,Anonyme,,Durée totale :1 h 20,Végétalien (vegan),,20 min,1 h,PT1H20M,Mijoté,"Sans viande, Sans œuf, Sans lactose",,,6,5 ou 6 carottes | 1 grosse patate douce | 1 oignon | 75 g de protéines de soja texturées | 2 packs de coulis de tomate | 3 grosses cs de purée de cacahuètes (ou beurre de cacahuètes non sucré) | huile d’arachide | 1 ou 2 gousses d’ail | 1 bon litre de bouillon de légumes (ou deux bouillons cubes dilués dans un litre d’eau) | 1/2 citron | 1 grosse cc de gingembre râpé ou en poudre | 1 piment | sel
soupes-et-potees,Tajine de blettes,https://www.cuisine-libre.org/tagine-aux-bettes,https://www.cuisine-libre.org/local/cache-gd2/50/02b0cc34093bcf3c00aa5a627c167c.jpg?1645244221,AMAP le Chou chinois,,Durée totale :1 h,Végétalien (vegan),3,15 min,45 min,PT1H,Mijoté,"Sans viande, Sans œuf, Sans lactose, Sans gluten",5.00,3,4,"900 g de blettes | 1 gousse d’ail, finement hachée | 3 c. à soupe d’huile | 1 c. à café de paprika | 1 gros oignon, finement haché | 40 g de riz long grain | 4 c. à soupe de coriandre fraîche, hachée | 4 c. à soupe d’eau | Sel, Poivre"
soupes-et-potees,Dal makhani,https://www.cuisine-libre.org/dal-makhani,https://www.cuisine-libre.org/local/cache-gd2/95/23aa9c9295c30322fcbe2129b8582d.jpg?1644795622,,,Durée totale :8 h,Végétarien,4,20 min,25 min,PT8H45M,Mijoté,"Sans viande, Sans œuf, Sans gluten",5.00,4,4,"150 g de lentilles vertes | 50 g de haricots rouges secs | 20 cl d’eau | 1 ou 2 feuilles de laurier | 1 oignon | 1 c. à café de graines de cumin | 1 c. à café de paprika | 1 c. à café de curcuma | 1,5 c. à soupe de curry doux | 1/2 c. à café de garam masala | 2 gousses d’ail | 1 cm de gingembre | 2 tomates pelées dans leur jus | 15 g de beurre (ghee) | 10 cl de crème fraîche liquide | 2 gousses de cardamomes vertes | 1 c. à soupe de feuilles de fenugrec sèches | quelques feuilles de coriandre fraîche | huile"
soupes-et-potees,Haricots tarbais cuisinés à la graisse d’oie,https://www.cuisine-libre.org/haricots-tarbais-cuisines-a-la-graisse-d-oie,https://www.cuisine-libre.org/local/cache-gd2/fb/4d3d1ceb3e9b7c04675b02db59f9ac.jpg?1644794341,Haricot Tarbais,,Durée totale :12 h,Non végétarien,2,15 min,2 h,PT12H15M,Mijoté,"Sans viande, Sans œuf, Sans lactose, Sans gluten",5.00,2,4,"1 bouquet garni (persil, thym, menthe, laurier) | sel | 1 tête d’ail | 1 oignon | 1,5 cuillerée à soupe de graisse d’oie | 280 g de haricots tarbais secs"
soupes-et-potees,Bohémienne d’aubergines,https://www.cuisine-libre.org/bohemienne-d-aubergines,https://www.cuisine-libre.org/local/cache-gd2/62/52d703f36215ce149dfe2bc42ff212.jpg?1644800540,Radia,,Durée totale :30 min,Végétarien,2,10 min,20 min,PT30M,Mijoté,"Sans viande, Sans œuf, Sans lactose, Sans gluten",5.00,2,4,3 aubergines | 3 tomates mûres | 1 oignon | 1 gousse d’ail | huile d’olive | 2 verres d’eau | sel | anchoïade (facultatif)
soupes-et-potees,Bouillon de noces,https://www.cuisine-libre.org/bouillon-de-noces,https://www.cuisine-libre.org/local/cache-gd2/e9/91f5e11f296b0db4bc5a93a20c3112.jpg?1644795635,Ja6,,,Non végétarien,,?,,,Bouilli,,,,12,"1 kg de gîte de bœuf | 500 g de jarret de veau en rouelles | 500 g de tendrons de veau | 1 poule de ± 1,8 kg | 4 cuisses de dinde | 4 gousses d’ail | pain rassis & lait | 2 jaunes d’œufs | persil & estragon | 2 échalotes | foie & cœur de la volaille | 8 carottes | 4 poireaux | 500 g de côtes de bette | gros sel | sel fin & poivre | 1 oignon piqué d’1 clou de girofle | 1 bouquet garni | 1 gros oignon jaune | graisse d’oie | 200 g de vermicelles"
soupes-et-potees,Ragoût d’agneau aux pruneaux,https://www.cuisine-libre.org/ragout-d-agneau-aux-pruneaux,https://www.cuisine-libre.org/local/cache-gd2/43/bb70cfbb8442029fcdc81004e77555.jpg?1644796036,,,Durée totale :4 h 15,Non végétarien,,15 min,4 h,PT4H15M,Four,"Sans œuf, Sans lactose, Sans gluten",,,4,4 jarrets d’agneau | 4 oignons rouges | 200 g de pruneaux dénoyautés | 400 g de tomates pelées | 1 bâton de cannelle | pousses d’épinard
soupes-et-potees,Émincé de fenouil au chèvre,https://www.cuisine-libre.org/emince-de-fenouil-au-chevre,https://www.cuisine-libre.org/local/cache-gd2/4d/dfcc2746a4e673978d7569ce666e64.jpg?1644794535,BioNut,,Durée totale :25 min,Végétarien,22,10 min,15 min,PT25M,Mijoté,"Sans viande, Sans œuf, Sans gluten",5.00,22,1,"1 fenouil | ½ échalote | 2 rondelles de 1 cm d’épaisseur de buche de chèvre | 1 c. à soupe d’huile d’olive | ½ verre d’eau | sel, poivre"
soupes-et-potees,Stufat (agneau à l’étouffée),https://www.cuisine-libre.org/stufat-agneau-a-l-etouffee,https://www.cuisine-libre.org/local/cache-gd2/68/f6ade4968a453f9a64032b1f6e0e16.jpg?1644795220,,,Durée totale :1 h 20,Non végétarien,,20 min,1 h,PT1H20M,Mijoté,"Sans œuf, Sans lactose, Sans gluten",,,5,"1 kg de viande d’agneau : côtes, collier, poitrine et autres morceaux avec des os | 4 ou 5 tomatesou 1/2 litre de jus de tomatesou 3 c. à soupe de concentré | 2 bottes d’oignons vertsou 20 ciboules | 1 botte d’ail vert | 1 botte d’aneth | quelques feuilles d’oseille | 50 ml d’huile | 1 ou 2 verres de vin blanc ou rosé | 100 ml de bouillon de volaille | sel et poivre au goût"
soupes-et-potees,Poulet à l’estragon,https://www.cuisine-libre.org/poulet-a-l-estragon,https://www.cuisine-libre.org/local/cache-gd2/63/83030a520d2d2997ecfb058adf1ef1.jpg?1644800069,,,Durée totale :1 h,Non végétarien,,20 min,40 min,PT1H,Mijoté,"Sans œuf, Sans gluten",,,4,"1 poulet coupé en morceaux | 2 c. à soupe d’huile d’olive | 1 échalote | 150 ml de vin blanc sec | 500 ml de bouillon de poule | 1 bouquet d’estragon | 40 cl de crème fleurette entière | sel, poivre"
soupes-et-potees,Bò kho sả,https://www.cuisine-libre.org/bo-kho-sa,https://www.cuisine-libre.org/local/cache-gd2/18/986db6b7b6c81966286e1de9ada080.jpg?1644796036,Emilie,,Durée totale :3 h,Non végétarien,,30 min,2 h,PT3H,Mijoté,"Sans œuf, Sans lactose",,,5,"600 g de boeuf à mijoter | 1,5 litres eau | 3 cubes de bouillon de volaille | 1 oignon | 2 gousses d’ail | 2 branches de citronnelle fraîche | 2 batons de cannelle | 3 étoiles de badiane | 1 CàS mélange 5 épices | 2 CàS de nuoc mam pur | 2 CàS de sucre en poudre | 1 CàS de tomates concentrées | 4 grosses carottes | huile de colza | poivre du moulin | coriandre | citron vert"
soupes-et-potees,Bœuf haché pimenté au tofu,https://www.cuisine-libre.org/boeuf-hache-pimente-au-tofu,https://www.cuisine-libre.org/local/cache-gd2/42/da45833f6d99e89d8371491a7cf58b.jpg?1644794330,Mouchette,,Durée totale :35 min,Non végétarien,8,20 min,15 min,PT35M,Mijoté,"Sans œuf, Sans lactose",5.00,8,4,300 g de viande hachée (ou 2 steaks hachés) | 1 oignon émincé | 1 c. à soupe d’huile | 1½ c. à café d’ail écrasé | 2 c. à café de gingembre râpé | 1 c. à soupe de pâte de haricots pimentés | 1 à 2 c. à café de sucre | 1 c. à soupe de sauce soja | 500 g de tofu coupé en dés | 1 bol de bouillon de poule | 1 c. à soupe de fécule de maïs | 4 à 6 petites feuilles de laitue
soupes-et-potees,Soupe au pistou de Charleval,https://www.cuisine-libre.org/soupe-au-pistou-de-charleval,https://www.cuisine-libre.org/local/cache-gd2/6e/27fe88068036c0974c3095f91a3a58.jpg?1644798434,WikiBooks,,,Non végétarien,,?,,,Bouilli,"Sans œuf, Sans lactose",,,4,Ingrédients de la soupe | 500 g de haricots rouges | 500 g de haricots blancs | 500 g de haricots verts (plats et ronds mélangés) | 1 courgette de taille moyenne | 1 ou 2 carottes selon la grosseur | 1 ou 2 pommes de terre moyennes | 1 poireau | une branche de céleri | Quelques pâtes (1 poignée selon le goût) | 100 g petit salé fumé (ou pas selon le goût) | Ingrédients de la pommade | 1 tomate fraiche | De l’ail | Du basilic (petites feuilles = plus de goût) | Un peu de sel (gros) | 1 petite boîte de concentré de tomate | Environ 1 verre d’huile d’olive
soupes-et-potees,Mrouziya,https://www.cuisine-libre.org/mrouziya,https://www.cuisine-libre.org/local/cache-gd2/33/3004ede9c73b1920363419624df79f.jpg?1644798152,Radia,,Durée totale :2 h 50,Non végétarien,8,20 min,1 h 30,PT2H50M,Mijoté,"Sans œuf, Sans lactose, Sans gluten",5.00,8,6,"1 kg de viande de mouton (gigot ou collier, avec l’os) | 300 g d’amandes mondées | 300 g de raisins secs blonds | 4 c. soupe d’huile d’olive | 2 c. à soupe de miel | 2 c. à soupe de ras el-hanout | 1 c. à soupe de cannelle | 1 pincée de safran en pistils | sel, poivre | eau"
soupes-et-potees,Curry de blettes,https://www.cuisine-libre.org/curry-de-blettes,https://www.cuisine-libre.org/local/cache-gd2/50/02b0cc34093bcf3c00aa5a627c167c.jpg?1645244221,nojhan,,Durée totale :40 min,Végétalien (vegan),9,10 min,30 min,PT40M,Mijoté,"Sans viande, Sans œuf, Sans lactose, Sans gluten",5.00,9,3,4 feuilles de blettes | 3 pommes de terres | 2 oignons | 25 cl de lait de coco | ½ citron | 2 c. à soupe de curry | 2 c. à soupe de sauce soja | 2 c. à soupe d’amandes éffilées
soupes-et-potees,Chili con tuna,https://www.cuisine-libre.org/chili-con-tuna,https://www.cuisine-libre.org/local/cache-gd2/3d/4efd00a19904f7679192d837fa2fdb.jpg?1644795748,,Facile !,Durée totale :40 min,Non végétarien,1,10 min,30 min,PT40M,Mijoté,"Sans viande, Sans œuf, Sans lactose, Sans gluten",5.00,1,3,"2 gros oignons, pelés et hachés | 400 g de haricots rouges cuits | 400 g de thon au naturel (non égoutté) | 400 g de tomates mondées | 1 à 2 c. café piment séché | huile | sel, poivre"
soupes-et-potees,Tajine de veau aux jeunes fèves et petits (...),https://www.cuisine-libre.org/tajine-de-veau-aux-jeunes-feves-et-petits-violets,https://www.cuisine-libre.org/local/cache-gd2/e8/5933788d25cfa338127fd761a5819e.jpg?1644794244,Collective du Veau de la Pentecôte,,Durée totale :2 h 20,Non végétarien,,30 min,1 h 50,PT2H20M,,Sans œuf,,,6,12 tranches de jarret de veau | 12 petits artichauts violets | 500 g de fèves fraîches | 200 g de petits oignons nouveaux | 1 gousse d’ail | 2 tomates | 1 citron lime | 1 c. à soupe de coriandre en graines | 20 cl de vin blanc doux | 1 c. à soupe de sauce soja | 4 c. à soupe d’huile d’olive | beurre | farine | sucre | sel | poivre
soupes-et-potees,Dchicha soussia,https://www.cuisine-libre.org/dchicha-soussia,https://www.cuisine-libre.org/local/cache-gd2/45/d2bf49d76176d215e7eec02c437d02.jpg?1644794790,Ja6,,,Non végétarien,,?,,,Bouilli,"Sans œuf, Sans lactose",,,8,"2 kg de dchicha : semoule d’orge, grosse | 50 cl d’huile d’argan | 1,5 kg de jarret de veau désossé | 500 g de carottes | 500 g de navets | 500 g d’oignons | 500 g de courgettes | 250 g de courge rouge | 500 g de chou blanc | 500 g de tomates | 1 bouquet de persil plat et de coriandre | 1 pincée de paprika | 1 pincée de gingembre en poudre | 1 pincée de colorant safran | sel & poivre noir"
soupes-et-potees,Champignons Stroganoff,https://www.cuisine-libre.org/champignons-stroganoff,https://www.cuisine-libre.org/local/cache-gd2/0f/d075ee27cf39bb73f7a50c5ac50308.jpg?1679151524,Mouchette,,Durée totale :35 min,Végétarien,,15 min,20 min,PT35M,Sauté,"Sans viande, Sans œuf",,,4,"500 g de champignons bruns, Cremini ou champignons de Paris | 1 gros oignon finement haché | 2 gousses d’ail écraséesou 1 c. à café de poudre d’ail | 20 cl de smetana ou crème aigre[*] | 1 c. à soupe vinaigre balsamique | 1 tasse de bouillon de légumes | 1 c. à soupe de fécule ou de farine | 1 c. à soupe de moutarde forte anglaise ou à l’ancienne | 1 c. à soupe de paprika en poudre, doux ou fumé | sel, poivre | Pour servir | 1 citron en quartiers | 1 poignée de persil plat haché | 1 poignée d’aneth fraiche ciselée"
soupes-et-potees,Ragoût de pois chiches et courge,https://www.cuisine-libre.org/ragout-de-pois-chiches-et-courge,https://www.cuisine-libre.org/local/cache-gd2/ad/7abccdfe16ea787d9aaece48b664b9.jpg?1644797670,Enric Martinez,,Durée totale :14 h,Végétalien (vegan),2,20 min,2 h,PT14H20M,Mijoté,"Sans viande, Sans œuf, Sans lactose, Sans gluten",5.00,2,4,200 g de pois chiches secs trempés pendant au moins 12 heures | 1 petite courge (potimarron ou ½ potiron) | 3 à 4 pommes de terre de taille moyenne | 1 poivron vert | 1 gros oignon | 1 tige de poireau | 2 à 3 gousses d’ail | huile d’olive | 1 à 2 feuilles de laurier | ½ c. à café de cumin (important!) | ½ c. à café depimentón de la veraou paprika espagnol doux | 1 tige de menthe verte fraîche | sel et poivre
soupes-et-potees,Daube provençale,https://www.cuisine-libre.org/daube-provencale,https://www.cuisine-libre.org/local/cache-gd2/22/32bebae05cf764e78d13af7b6bdd5b.jpg?1644794286,ernest,,Durée totale :2 h 20,Non végétarien,1,20 min,2 h,PT2H20M,Mijoté,"Sans œuf, Sans lactose",5.00,1,4,"600 g de viande de bœuf (collier, poitrine…) | 100 g de poitrine 1/2 sel (porc) | 2 verres de vin rouge corsé | 1 gros oignon | 1 belle carotte | 1 branche de céleri | 2 gousses d’ail | 1 morceau d’écorce d’orange | sel, poivre | huile (d’olive!) | 1 cuillerée de farine | bouquet garni : laurier, thym, romarin"
soupes-et-potees,Chili con borlotti,https://www.cuisine-libre.org/chili-con-borlotti,https://www.cuisine-libre.org/local/cache-gd2/75/6690dc9673ccee5fbf123685a95f1a.jpg?1644795278,,,Durée totale :10 h,Végétarien,,30 min,1 h 30,PT10H,,"Sans viande, Sans œuf, Sans gluten",,,4,"250 grammes de haricots borlotti secs, trempés pendant la nuit | 2 poivrons rouges | 2 aubergines | 2 oignons | 3 gousses d’ail | huile d’olive | 1 à 2 c. à café de poudre de chili | 4 c. à café de paprika en poudre | 2 c. à café de curcuma | 2 c. à café de cumin moulu | 2 boîtes (800 g) de tomates concassées | 1 pincée de sucre | 200 ml de yogourt grec | 2 c. à soupe de persil plat haché | sel, poivre"
soupes-et-potees,Sept légumes de Rosh Hashanah,https://www.cuisine-libre.org/sept-legumes-de-rosh-hashanah,https://www.cuisine-libre.org/local/cache-gd2/27/2bc7a2fcb05c754ab7dd8adbf0b477.jpg?1644794296,,,Durée totale :1 h 30,Non végétarien,1,30 min,1 h,PT1H30M,Bouilli,"Sans œuf, Sans lactose, Sans gluten",5.00,1,,"500 g de carottes | 500 g de courgettes | 500 g de courge rouge | 3 poireaux | ½ botte de blettes | 4 navets | 2 coings | ½ tête de mouton ou de bœuf | 1 verre d’huile | sel, poivre, safran | ½ litre d’eau"
soupes-et-potees,Soupe fermière des Pyrénées,https://www.cuisine-libre.org/soupe-fermiere-des-pyrenees,https://www.cuisine-libre.org/local/cache-gd2/05/8d2c3368731f7cb6692d75f5ab5dfb.jpg?1644797362,"RATP, Paris de Chefs",,Durée totale :50 min,Végétarien,15,20 min,30 min,PT50M,Bouilli,"Sans viande, Sans œuf",4.87,15,6,"750 g d’oignons rouges | 1 bouillon cube | 2 litres d’eau | sel, poivre | 75 g de beurre | 2 cuillères à soupe d’huile d’olive | 300 g de fromage des Pyrénées | pain de seigle | 6 c.soupe de Saint-Émilion"
soupes-et-potees,Bœuf à la Malromé,https://www.cuisine-libre.org/boeuf-a-la-malrome,https://www.cuisine-libre.org/local/cache-gd2/a3/54a0978e355fa565aa613976672c40.jpg?1644795421,Toulouse-Lautrec,,Durée totale :14 h,Non végétarien,,20 min,6 h,PT14H20M,Mijoté,"Sans œuf, Sans lactose",,,,"1,5 kg de bœuf de Bazas (joue ou paleron) | 2 gros oignons blancs et leurs queues | 2 échalotes | 6 carottes fanes | 2 navets | 1 ou 2 feuilles de laurier | 70 g de farine | 70 g de graisse de canard | sel, poivre | 1 bouteille de vin rouge Château Malromé Toulouse-Lautrec | Pour la marinade asiatique : | 50 g de gingembre | 1 bâton de citronnelle | 200 g de sauce soja"
soupes-et-potees,Côtes de porc à la flamande,https://www.cuisine-libre.org/cotes-de-porc-a-la-flamande,https://www.cuisine-libre.org/local/cache-gd2/18/91b123aa922043fffee09e8a401d9b.jpg?1644794977,Romy,,Durée totale :30 min,Non végétarien,10,10 min,20 min,PT30M,,"Sans œuf, Sans gluten",5.00,10,4,"4 côtes de porc | 8 pommes de terre moyennes | 1 gros oignon | 50 g de beurre | sel, poivre"
soupes-et-potees,Soupe africaine aux arachides,https://www.cuisine-libre.org/soupe-africaine,https://www.cuisine-libre.org/local/cache-gd2/36/7eec940c1473b952613f44d66ba074.jpg?1644795525,Libérez les soupes,,Durée totale :45 min,Non végétarien,,15 min,30 min,PT45M,Bouilli,"Sans œuf, Sans lactose, Sans gluten",,,,eau | huile de tournesol | 3 oignons | une demi-boîte de tomates fraîches | viande de bœuf basse côte | pâte d’arachide | sel | poivre
soupes-et-potees,Soupe de « cre-nouilles »,https://www.cuisine-libre.org/soupe-de-crenouilles,https://www.cuisine-libre.org/local/cache-gd2/a4/a9df6201f95be85b80850d9cbfe7e3.jpg?1644794441,Romy,,Durée totale :25 min,Non végétarien,9,15 min,10 min,PT25M,Bouilli,"Sans viande, Sans œuf, Sans lactose",4.67,9,2,75 cl d’eau | 100 g de spaghettis ultra-fins (capellini ou rāmen) | 6 grosses crevettes roses surgelées | 2 pincées de coriandre en poudre | 1 gousse d’ail | 1 petit oignon (ou vert de poireau) | 1 carotte | 1 poignée de feuilles vertes (mâche ou cresson) | 1 c. à café d’huile de sésame | 2 c. à soupe de sauce soja | 1 c. à soupe de sauce nuoc-mâm | jus d’un citron | 2 brins de coriandre
soupes-et-potees,Crevettes franco-hong-kongaises,https://www.cuisine-libre.org/crevettes-franco-hong-kongaises,https://www.cuisine-libre.org/local/cache-gd2/1e/85b889ca0958d3a198b691acff878f.jpg?1644794642,corinne,,Durée totale :35 min,Non végétarien,,15 min,20 min,PT35M,Sauté,"Sans viande, Sans œuf, Sans lactose, Sans gluten",,,4,500 g de crevettes | 1 cm de gingembre | 1 cm de citronnelle | 1 gousse d’ail | 1 petit oignon (ou une échalotte) | 1 cc de seafood curry powder | jus d’un demi citron (vert de préférence) | crème de coco
soupes-et-potees,Poulet karahi,https://www.cuisine-libre.org/poulet-karahi,https://www.cuisine-libre.org/local/cache-gd2/89/06841cdde8bb7cb1ddc050fc0cf735.jpg?1644794883,,,,Non végétarien,1,?,,,Sauté,"Sans œuf, Sans lactose, Sans gluten",5.00,1,,½ kg de poulet | 4 oignons | 4 tomates | ½ cc de poudre de curcuma | ½ cc de poudre de piment rouge | ½ cc de poivre | 1 gousse d’ail | 1 petit morceau de gingembre | 2 tasses d’huile | sel
soupes-et-potees,Cassoulet de morue,https://www.cuisine-libre.org/cassoulet-de-morue,https://www.cuisine-libre.org/local/cache-gd2/9d/d58f73ba905bbc823dfd50508de919.jpg?1644794345,,,Durée totale :14 h,Non végétarien,3,20 min,2 h 10,PT14H30M,Mijoté,"Sans viande, Sans œuf, Sans lactose, Sans gluten",5.00,3,6,"1,2 kg de filets de morue salée | 400 g de haricots blancs secs | 2 oignons | 1 gousse d’ail | 1 grosse boîte de 400 g de pulpe de tomates | 2 c. à soupe de graisse de canard | 15 cl de vin blanc sec (facultatif) | 1 bouquet garni | 3 c. à soupe de chapelure | Sel et poivre"
soupes-et-potees,"Ochazuke, riz au thé vert",https://www.cuisine-libre.org/ochazuke-riz-au-the-vert,https://www.cuisine-libre.org/local/cache-gd2/68/3bf291fb6ae5941dc43e568e2796ce.jpg?1644795021,,,Durée totale :50 min,Végétalien (vegan),2,30 min,20 min,PT50M,Bouilli,"Sans viande, Sans œuf, Sans lactose, Sans gluten",5.00,2,1,1 portion de riz japonais cuit | 18 g de thé sencha (thé vert japonais) | 180 ml d’eau à 90°C | Pour garnir (facultatif) | 1 umeboshi | ¼ feuille de nori en copeaux | graines de sésame noir | 1 pointe de wasabi
soupes-et-potees,Oulado (potée tarnaise),https://www.cuisine-libre.org/oulado-potee-tarnaise,https://www.cuisine-libre.org/local/cache-gd2/2a/877d99a2b8dd0c5d50152b2db28546.jpg?1674912680,,,Durée totale :2 h,Non végétarien,,?,2 h,PT2H,Bouilli,"Sans œuf, Sans lactose",,,,2 groins de cochon | 2 oreilles de cochon | 2 petits jarrets de porcs confits | 1 gros chou frisé ou 2 petits | 300 g de carottes | 4 navets | 1 boule de céleri | des queues de persil | 8 gousses d’ail rose | 5 clous de girofle | 24 grains de poivre | 8 grosses pommes de terre | très peu de sel | 1 os de jambon rance | 40 taillades de pain au levain
soupes-et-potees,Chana dal,https://www.cuisine-libre.org/chana-dal,https://www.cuisine-libre.org/local/cache-gd2/b4/73e8e1ef0e8ed85534a6bfa26d4e13.jpg?1644795622,WikiBooks,,Durée totale :13 h,Végétalien (vegan),,10 min,1 h 30,PT13H40M,,"Sans viande, Sans œuf, Sans lactose, Sans gluten",,,,"250 g de chana dal (pois cassés jaunes) | 1 c. à café de feuilles de thé | 1 c. à café de sel | 1,3 litre d’eau | ½ c. à café de graines de cumin | 1 oignon haché | 1 c. à soupe de gingembre frais finement haché | ½ c. à café de curcuma | ½ c. à café de cumin en poudre | ½ c. à café de coriandre en poudre | ½ c. à café de garam massala | 1 c. à soupe de coriandre fraiche finement hachée | persil | sel, poivre | chapelure | huile de friture | quelques pincées de piment rouge en poudre"
soupes-et-potees,Potée auvergnate,https://www.cuisine-libre.org/potee-auvergnate,https://www.cuisine-libre.org/local/cache-gd2/f6/abe5368bb148476b5911192dcda570.jpg?1644794503,,,Durée totale :3 h 30,Non végétarien,216,30 min,3 h,PT3H30M,Bouilli,Sans œuf,5.00,216,4,"500 g de palette ou de jarret de porc demi-sel | 500 g de lard demi-sel | 4 saucisses d’Auvergne | 1 gros chou vert | 6 pommes de terre | 4 carottes | 2 oignons | 2 poireaux | 4 navets | 1 bouquet garni (thym, laurier et persil) | 2 clous de girofle | poivre en grains"
soupes-et-potees,Taro sauce jaune,https://www.cuisine-libre.org/taro-sauce-jaune,https://www.cuisine-libre.org/local/cache-gd2/51/9d4412466c22f3f0b88ce41d749456.jpg?1644794290,,,Durée totale :3 h,Non végétarien,2,45 min,2 h 15,PT3H,Mijoté,"Sans œuf, Sans lactose",5.00,2,,2 kg﻿ de taro | 1 kg de tripes de bœuf | 190 g d’huile de palme | 16 g de sel gemme | 1 sachet de condiments pour sauce jaune[*] | 4 cubes de bouillon déshydraté Maggi | 1 litre d’eau tiède | 1 piment | sel
soupes-et-potees,Lapin à la moutarde,https://www.cuisine-libre.org/lapin-a-la-moutarde,https://www.cuisine-libre.org/local/cache-gd2/a7/799118665bdce4ca165748e97684ea.jpg?1644794622,Yves Huot-Marchand,,Durée totale :55 min,Non végétarien,,5 min,50 min,PT55M,Mijoté,"Sans œuf, Sans lactose",,,4,"1 lapin de 1,5 kg | 2 ou 3 échalotes | 40 g de beurre | 3 bonnes cuillerées à soupe de moutarde de Dijon | 1 grosse cuillerée à soupe de moutarde à l’ancienne | 2 cuillerées à soupe de crème fraîche | sel et poivre"
soupes-et-potees,"Souris d’agneau et haricots tarbais, au thym et  (...)",https://www.cuisine-libre.org/souris-d-agneau-et-haricots-tarbais-au-thym,https://www.cuisine-libre.org/local/cache-gd2/8e/72464fc73179774619f5cb01541d59.jpg?1644794346,Haricot Tarbais,,Durée totale :2 h 20,Non végétarien,,10 min,2 h 10,PT2H20M,Mijoté,"Sans œuf, Sans lactose, Sans gluten",,,2,170 g de haricots tarbais cuits au naturel | 2 souris d’agneau | 2 oignons | 2 gousses d’ail | 3 branches de thym | 1 cuillère à soupe de miel | Poivre | Sel | 2 cuillères à soupe d’huile d’olive
soupes-et-potees,Tajine de topinambours aux olives,https://www.cuisine-libre.org/tajine-de-topinambours,https://www.cuisine-libre.org/local/cache-gd2/5b/0eec1db8ed35b100e8d67b5359bb47.jpg?1644799111,Paniers d’Erquy,,Durée totale :1 h,Végétalien (vegan),,20 min,40 min,PT1H,Mijoté,"Sans viande, Sans œuf, Sans lactose, Sans gluten",,,4,1 kg de topinambours | 2 gousses d’ail | 2 oignons | 2 carottes | persil | 10 cl d’huile d’olive | 12 olives noires | 1 pincée de safran | muscade | sel et poivre | 10 cl d’eau chaude
soupes-et-potees,Kalja (potée bosniaque),https://www.cuisine-libre.org/kalja-potee-bosniaque,https://www.cuisine-libre.org/local/cache-gd2/a5/cf49e9c7077c8dc50ad14dc5635810.jpg?1644794964,Coolinarika,,Durée totale :1 h 30,Non végétarien,27,30 min,1 h,PT1H30M,Mijoté,"Sans œuf, Sans lactose",5.00,27,4,1 kg de choux blanc | 500 g de viande de mouton avec les os | 300 g de poivrons rouges et verts | 200 g de carottes | 2 oignons | 3 gousses d’ail | 2 c. soupe de purée de tomates | 3 c. soupe d’huile | 1 feuille de laurier | 1 c. café de paprika | grains de poivre | gros sel
soupes-et-potees,Couscous doux aux raisins secs,https://www.cuisine-libre.org/couscous-doux-aux-raisins-secs,https://www.cuisine-libre.org/local/cache-gd2/15/585b6d18b72cf4e47e5f1ffbbbd439.jpg?1644795405,Tounsia,,Durée totale :1 h,Végétalien (vegan),3,20 min,40 min,PT1H,Mijoté,"Sans viande, Sans œuf, Sans lactose",5.00,3,,1 kg de semoule à couscous | 1 kg de raisins sec bruns | 1 kg d’oignons émincés | ½ kg d’amandes mondées | 3 poignées de sucre | 1 verre d’huile
soupes-et-potees,Poivrons à la mexicaine,https://www.cuisine-libre.org/poivrons-a-la-mexicaine,https://www.cuisine-libre.org/local/cache-gd2/82/408023117fc556f2b637077aa3aed5.jpg?1644865581,Romy,,Durée totale :30 min,Végétalien (vegan),4,15 min,15 min,PT30M,Grill,"Sans viande, Sans œuf, Sans lactose, Sans gluten",5.00,4,4,"2 à 3 poivrons rouges et verts | 2 à 3 oignons jaunes ou rouges | 1 gousse d’ail frais | 1 à 2 c. à café de mélanged’épices tex-mexen poudre : chili, cumin, coriandre, origan… | huile | Pour servir | 5 brins de coriandre fraîche | ½ c. à café de lime (citron vert) pressé"
soupes-et-potees,Samgyetang,https://www.cuisine-libre.org/samgyetang,https://www.cuisine-libre.org/local/cache-gd2/7f/a8d36712e34702adfed4f4f18c9c0e.jpg?1644794492,,,Durée totale :3 h 10,Non végétarien,6,30 min,40 min,PT3H10M,Bouilli,"Sans œuf, Sans lactose, Sans gluten",5.00,6,4,4 jeunes poulets | 4 verres de riz gluant | 4 racines d’astragale (facutatif) | 4 racines de ginseng frais | 4 gousses d’ail | 4 jujubes | ciboule
soupes-et-potees,Cari d’agneau à l’orge,https://www.cuisine-libre.org/cari-d-agneau-a-l-orge,https://www.cuisine-libre.org/local/cache-gd2/f2/3a7ea5cd72bad1337e08e5a043faaf.jpg?1645445500,,,Durée totale :40 min,Non végétarien,,10 min,30 min,PT40M,Bouilli,"Sans œuf, Sans lactose, Sans gluten",,,,2 c. à soupe d’huile | 1 oignon haché | 1½ lb (680 g) d’agneau maigretaillé en fines lanières | 1 tasse de bouillon de bœuf ou de légumes | ½ tasse d’orge | 2 c. à café de poudre de curry | ½ tasse de raisins dorés
soupes-et-potees,Couscous sefa,https://www.cuisine-libre.org/couscous-sefa,https://www.cuisine-libre.org/local/cache-gd2/e4/a8031c586af3c8023351beeaced605.jpg?1644799683,Ja6,,,Végétarien,,?,,,Vapeur,"Sans viande, Sans œuf",,,5,"200 g de raisins de Smyrne | 1 litre de thé chaud | 500 g de graines de couscous seffa, grosse semoule | 80 cl d’eau | 1/2 cuillère à café de sel fin | 80 g de beurre coupé en dés | 80 g de sucre glace | 10 cl d’eau de fleur d’oranger | 1 cuillère à soupe de cannelle en poudre | 1 litre de lait fermenté (facultatif)"
soupes-et-potees,Curry d’Imbolc,https://www.cuisine-libre.org/curry-d-imbolc,https://www.cuisine-libre.org/local/cache-gd2/f3/5305ad00f41bb6d325984248104d47.jpg?1706827172,Dallas Jennifer Cobb,,Durée totale :50 min,Végétalien (vegan),1,20 min,30 min,PT50M,Bouilli,"Sans viande, Sans œuf, Sans lactose, Sans gluten",5.00,1,4,"2 c. à soupe d’huile neutre | 2 c. à soupe de poudre de curry | 1 c. à café de graines de moutarde entières | 1 oignon, haché | 1 boîte (400 ml) de lait de coco | 1 tasse d’eau | 2 pommes de terre moyennes, coupées en cubes | 1 patate douce, en cubes | 2 grosses carottes, tranchées | 2 tasses de haricots verts, tranchés | 1 tasse de petits pois surgelés | 1 boîte (450 g) de pois chiches, égouttés | 1 c. à café de sel | ½ tasse de coriandre fraîche, hachée"
soupes-et-potees,Minestrone,https://www.cuisine-libre.org/minestrone,https://www.cuisine-libre.org/local/cache-gd2/b1/722ce127f0a11fbaffc72efcdeb9fd.jpg?1644797891,Ja6,,Durée totale :2 h,Végétarien,2,?,2 h,PT2H,Bouilli,"Sans viande, Sans œuf, Sans lactose",5.00,2,6,200 g de haricots blancs | 250 g de macaroni courts | 250 g de haricots verts | 4 petites carottes | 150 g de petits pois | 2 courgettes | 1 branche de céleri | 4 pommes de terre à chair ferme | 4 navets | 1 bouquet garni : thym et laurier | 3 gousses d’ail | 2 cuillères à soupe d huile d’olive | 1 bouquet de basilic | sel & poivre
soupes-et-potees,Lentilles à l’espagnole (lentejas con chorizo),https://www.cuisine-libre.org/lentilles-au-chorizo,https://www.cuisine-libre.org/local/cache-gd2/5e/aa22e88f8e40e342e602d4ef4a7803.jpg?1644794513,Gargantua,,Durée totale :1 h,Non végétarien,64,15 min,45 min,PT1H,Mijoté,"Sans œuf, Sans lactose",5.00,64,10,500 g de lentilles brunes sèches | 2 litres de bouillon de bœuf | 3 pommes de terre en dès | 2 carottes en rondelles | 1 poivron vert | ½ poivron rouge | 2 tomates concasséesou concentré de tomates | 2 oignons émincés | 5 gousses d’ail écrasées | 200 g de lardons | 225 g de chorizo doux en rondelles | 2 c. à café de paprika | 1 feuille de laurier
soupes-et-potees,Colombo de poulet,https://www.cuisine-libre.org/colombo-de-poulet,https://www.cuisine-libre.org/local/cache-gd2/f0/c7a31af6fb7ed437ab4315feae28f9.jpg?1644797619,,,Durée totale :13 h,Non végétarien,1,20 min,45 min,PT13H5M,Mijoté,"Sans œuf, Sans lactose",5.00,1,6,"1 gros poulet coupé en morceaux | 4 pommes de terre moyennes | 1 aubergine (facultatif) | 1 courgette (facultatif) | 3 gousses d’ail | 1 botte de cives (ou vert d’oignon) | 4 c. à soupe de poudre d’épices à colombo | 4 clous de girofle | 2 feuilles de laurier (ou de bois d’inde) | 2 c. à soupe de vinaigre d’alcool coloré | 1 c. à soupe de rhum blanc (facultatif) | 1 c. à soupe de graines à roussir (mélange de cumin, fenugrec et moutarde jaune) | 1 gros oignon | 1 citron vert (pas jaune) | 1 piment antillais | huile | sel"
soupes-et-potees,Grand minestrone au pistou,https://www.cuisine-libre.org/grand-minestrone-au-pistou,https://www.cuisine-libre.org/local/cache-gd2/80/1f927040abe7e22642544be9f2e9dd.jpg?1644794961,Gargantua,,Durée totale :4 h 30,Végétarien,21,1 h,1 h 30,PT4H30M,Bouilli,"Sans viande, Sans œuf",5.00,21,50,"1,5 kg de haricots secs mélangés (rouges et blancs) | 1,5 kg de haricots verts (frais ou conserve) | 2,5 kg de courgettes | 1 kg de pommes de terre | 1,5 kg de pâtes (macaronis ou coquillettes) | sel, poivre au moulin | Pour la sauce | 1,5 kg de pulpe de tomates (en conserve) | 750 g d’ail | 500 g de basilic | 1,5 litre d’huile d’olive | 500 g parmesan râpé"
soupes-et-potees,Filet mignon de porc au pain d’épices,https://www.cuisine-libre.org/filet-mignon-de-porc-au-pain-d-epices,https://www.cuisine-libre.org/local/cache-gd2/eb/9b5b5f63f19fa0b5cb913a76f05094.jpg?1644802052,Psychopathes Associés,,,Non végétarien,1,?,,,Mijoté,Sans œuf,5.00,1,,500 g de filet mignon de porc | 1 oignon | 25 cl de bière | 5 tranches de pain d’épices | 10 cl de crème fraiche | huile | sel | poivre
soupes-et-potees,Curry de poulet au tamarin,https://www.cuisine-libre.org/curry-de-poulet-au-tamarin,https://www.cuisine-libre.org/local/cache-gd2/94/8637f576ccba53ae5400f03066a073.jpg?1644794975,,,Durée totale :2 h 05,Non végétarien,20,20 min,45 min,PT2H5M,Mijoté,Sans œuf,5.00,20,4,4 blancs de poulet | 2 c. à soupe de yaourt nature brassé | 2 c. à café de curry en poudre | 1 oignon | 1 gousse d’ail | 1 c. à soupe d’huile | 3 gousses de cardamome | 1 petit bâton de cannelle | 20 cl de lait de coco | 30 g de concentré de tamarin[*]
soupes-et-potees,Poule au pot farcie de « nouste Henric »,https://www.cuisine-libre.org/poule-au-pot-farcie-de-nouste-henric,https://www.cuisine-libre.org/local/cache-gd2/75/2138a60fab549e124175a387766db1.jpg?1644797317,Ja6,,,Non végétarien,1,?,,,Bouilli,,5.00,1,6,"750 g de pommes de terre | Pour la poule farcie | 1 poule bien tendre (2 à 2,5 kg) avec les abattis (pattes, tête, cou et ailerons) et le foie | 350 g de jambon du pays : Bayonne | 3 œufs | 200 g de mie de pain | 2 gousses d’ail | 1 bouquet de persil | 10 cl de lait | poivre de Cayenne | Pour le bouillon | 2 oignons | 4 clous de girofle | 6 carottes | 3 navets | 6 poireaux - ficelés en bottes | 6 gousses d’ail | 1 bouquet garni : thym, laurier, sauge, menthe, origan, persil | sel & poivre"
soupes-et-potees,Curry de butternut et de chayote,https://www.cuisine-libre.org/curry-de-butternut-et-de-chayote,https://www.cuisine-libre.org/local/cache-gd2/cc/b81f997b989b965a8f3d3866ea32ac.jpg?1644796080,USeam,,Durée totale :1 h,Végétalien (vegan),,20 min,40 min,PT1H,Mijoté,"Sans viande, Sans œuf, Sans lactose, Sans gluten",,,4,1 chayotte | 1 courge butternut | 3 tomates | 1 gousse d’ail | 1 oignon blond | 20 cl de crème de coco | 1 c. à café de massala | ½ c. à café de curcuma | ½ c. à café de cumin | huile d’olive | sel | riz en accompagnement
soupes-et-potees,Mogettes cuisinées,https://www.cuisine-libre.org/mogettes-cuisinees,https://www.cuisine-libre.org/local/cache-gd2/ba/26e8a7a4406ffd15718b6ab9f9c5ae.jpg?1644797808,WikiBooks,,,Végétalien (vegan),,?,,,Mijoté,"Sans viande, Sans œuf, Sans lactose, Sans gluten",,,,"500 g de haricots cocos | ½ litre d’eau chaude | 1 oignon | 2 échalotes | 2 tomates | 1 feuille de laurier | 1 branche de thym | sel, poivre | 1 g de noix de muscade | paprika | 1 cube de bouillon | huile d’olive | huile de noix"
soupes-et-potees,Poulet korma,https://www.cuisine-libre.org/poulet-korma,https://www.cuisine-libre.org/local/cache-gd2/0e/1e06b24f0b929dcc67def4b7873535.jpg?1644795990,,,Durée totale :1 h,Non végétarien,2,15 min,45 min,PT1H,Mijoté,"Sans œuf, Sans gluten",5.00,2,4,4 poitrines de poulet désossées | 1 gros oignon | 3 gousses d’ail | 1 petit morceau de gingembre | 4 clous de girofle | 4 gousses de cardamome verte | 250 ml de bouillon de poulet | 200 ml de crème ou yaourt | 2 cc de purée de tomates | 75 g amandes en poudre | 50 g d’amandes pilées (pour décorer) | ½ cc de poudre de curcuma | ½ cc de poudre de cumin | ¼ cc de poudre de piment | 1 cc de poudre de coriandre | poivre noir moulu | sel | 2 cs d’huile végétale
soupes-et-potees,Bœuf bourguignon,https://www.cuisine-libre.org/boeuf-bourguignon,https://www.cuisine-libre.org/local/cache-gd2/84/3c0dbc376eab5bc7ae64a2e2067359.jpg?1762112160,Yves Huot-Marchand,,Durée totale :2 h 15,Non végétarien,,15 min,2 h,PT2H15M,,"Sans œuf, Sans gluten",,,4,"1 kg de gîte de bœuf (ou encore macreuse, paleron ou jumeau) | 2 gros oignons | 2 carottes | 40 g de beurre | 1 bouteille de bourgogne rouge | 1 cuillerée à soupe d’huile | 150 g de petits lardons maigres | 1 gousse d’ail | 1 bouquet garni | 1 cuillerée à soupe de concentré de tomate | 250 g de petits champignons de couche | sel et poivre"
soupes-et-potees,Ajapsandali (ragoût d’aubergines géorgiennes),https://www.cuisine-libre.org/ajapsandali-ragout-d-aubergines-georgiennes,https://www.cuisine-libre.org/local/cache-gd2/5b/04a37996e52efe7b05596caefdda0f.jpg?1644794702,Georgian Recipes,,,Végétalien (vegan),,?,,,Mijoté,"Sans viande, Sans œuf, Sans lactose, Sans gluten",,,5,500 g de pommes de terre | 600 g d’aubergine | 2 grosses tomates | 1 c. à soupe de concentré de tomates | 2 gros oignons blancs | 3 oignons verts | 3 feuilles de laurier | 2 poivrons verts | 2 poivrons rouges doux | 3 gousses d’ail | 1 pincée de coriandre sèche | 1 pincée de poivre rouge moulu | 1 pincée de poivre noir moulu | 1 pincée de sel | 50 g d’huile | 
soupes-et-potees,Ragoût de mouton aux lentilles,https://www.cuisine-libre.org/ragout-de-mouton-aux-lentilles,https://www.cuisine-libre.org/local/cache-gd2/4d/9be7c8d2674bf4394308aceb2b1b0c.jpg?1644799111,Zouabi Lilia,,Durée totale :1 h 20,Non végétarien,38,20 min,1 h,PT1H20M,Bouilli,"Sans œuf, Sans lactose, Sans gluten",5.00,38,,500 g de viande de mouton (ou bœuf) | 200 g de lentilles | 1 oignon | 1 gousse d’ail | 4 c. à soupe d’huile d’olive | 2 c. à soupe de concentré de tomate | ½ c. à soupe de harissa | 1 c. à café de cumin | 1 c. à café de coriandre | poivre noir moulu | poivre rouge | sel | ¾ litre d’eau
soupes-et-potees,Osso bucco lombard,https://www.cuisine-libre.org/osso-bucco-lombard,https://www.cuisine-libre.org/local/cache-gd2/a7/23f8f8675d94bc0ba0bc9a2360fb5a.jpg?1644794294,Ja6,,Durée totale :2 h 05,Non végétarien,3,35 min,1 h 30,PT2H5M,Mijoté,Sans œuf,5.00,3,4,"4 rouelles de jarret de veaude 5 cm d’ép. : ± 1,2 kg | 300 g de tomates fraîches | 1 oignon | 1 (ou 2) gousse d’ail | 30 g de farine | 2 cuillères à soupe de crème fraîche | 15 cl de vin blanc sec, de Savoie par ex. | 40 cl de bouillon de veau ou de bœuf (1 tablette) | 65 g de beurreou 4 c. à café d’huile d’olive | 1 bouquet garni | 1 bouquet de persil plat concassé | ½ citron zesté | ½ orange pressée | sel & poivre"
soupes-et-potees,Haricots à la bretonne,https://www.cuisine-libre.org/haricots-a-la-bretonne,https://www.cuisine-libre.org/local/cache-gd2/b4/b8888559906105eee194b4fe216021.jpg?1644794342,Yves Huot-Marchand,,Durée totale :14 h,Non végétarien,,10 min,2 h,PT14H10M,Bouilli,"Sans viande, Sans œuf, Sans gluten",,,6,500 g de haricots blancs secs | 30 g de beurre | 1 bouquet garni | 2 oignons | 2 clous de girofle | 1 gousse d’ail | 2 tomates | 15 cl de bouillon de volaille | sel et poivre
soupes-et-potees,Tajine de légumes anciens,https://www.cuisine-libre.org/tajine-de-legumes-anciens,https://www.cuisine-libre.org/local/cache-gd2/3e/5089cf4a76f73e4e5acebd6c223269.jpg?1644807004,,,Durée totale :55 min,Végétalien (vegan),1,15 min,40 min,PT55M,Mijoté,"Sans viande, Sans œuf, Sans lactose, Sans gluten",5.00,1,,1 patate douce | 2 topinambours | 2 panais | 1 potiron | ½ céleri rave | 2 oignons moyens | 1 c. à soupe de poudre de 4 épices | 1 dose de safran | 30 cl de bouillon de légumes | 100 g de raisins secs | 150 g d’amandes émondées | 8 dattes dénoyautées | 150 g de pois chiches (en conserve) | coriandre fraîche | huile d’olive | sel et poivre
soupes-et-potees,Porc au colombo,https://www.cuisine-libre.org/porc-au-colombo,https://www.cuisine-libre.org/local/cache-gd2/66/cba544048c7a46b001f18e1d02f832.jpg?1648373071,John,,Durée totale :2 h 45,Non végétarien,7,45 min,2 h,PT2H45M,Mijoté,Sans œuf,5.00,7,8,"2 kg de porc désossé (échine) | 250 g de choux des caraïbes (ou choux blanc) | 3 aubergines | 2 courgettes | 4 oignons | 3 gousses d’ail | 1 piment antillais (piment oiseau) | 1 citron vert (pour le jus) | 3 à c. à café de colombo (selon la qualité de l’épice) | 1 feuille de laurier | 1 ou 2 brindilles de thym | 3 c. à soupe d’huile végétale | 25 g de beurre | sel, poivre"
soupes-et-potees,Curry de riz et lentilles corail aux épinards,https://www.cuisine-libre.org/curry-de-riz-et-lentilles-corail-aux-epinards,https://www.cuisine-libre.org/local/cache-gd2/b4/a18937c1e7a181ee804b4278a22811.jpg?1644795538,Delphine L.,,Durée totale :45 min,Végétarien,43,15 min,30 min,PT45M,Mijoté,"Sans viande, Sans œuf, Sans gluten",5.00,43,4,240 g de riz complet | 150 g de lentilles corail | 5 à 6 cubes d’épinards congelés | 1 oignon | 2 gousses d’ail | 2 à 3 tranches de gingembre frais | 1 c. à soupe de curry | 1 c. à soupe bombée d’huile de coco | 5 cups d’eau | 25 cl de coulis de tomates | 1 à 2 c. à soupe de crème fraîche ou végétale
soupes-et-potees,Tajine d’agneau berbère,https://www.cuisine-libre.org/tajine-d-agneau-berbere,https://www.cuisine-libre.org/local/cache-gd2/ca/b8297e83a8c205b09e88d6e90274ef.jpg?1644795220,Ja6,,Durée totale :1 h 20,Non végétarien,2,20 min,1 h,PT1H20M,Mijoté,"Sans œuf, Sans lactose",5.00,2,6,"1,5 kg d’épaule d’agneau | 1 oignon | 200 g de carottes | 180 g de courgettes | 300 g de pommes de terre | 200 g de tomates | 1 botte de coriandre | 1 cuillère à café de paprika | 1 bâtonnet de cannelle | 1 cuillère à café de ras el hanout | 2 cuillères à soupe d’huile d’olive | Sel & Poivre | Pour décorer : | 150 g d’olives vertes dénoyautées"
soupes-et-potees,Ratatouille,https://www.cuisine-libre.org/ratatouille,https://www.cuisine-libre.org/local/cache-gd2/67/81346fdc8438fbd69167dd7636d5d8.jpg?1644794702,paddy,,Durée totale :3 h,Végétalien (vegan),16,1 h,2 h,PT3H,Mijoté,"Sans viande, Sans œuf, Sans lactose, Sans gluten",5.00,16,6,"1 kg de tomates Roma, bien mûres | 2 aubergines | 2 courgettes | 4 poivrons (rouges, verts, jaunes) | 500 g de gros oignons | 2 ou 3 gousses d’ail | 1 piment vert | huile d’olive | sel | poivre | thym | laurier"
soupes-et-potees,Soupe de poisson norvégienne,https://www.cuisine-libre.org/soupe-de-poisson-norvegienne,https://www.cuisine-libre.org/local/cache-gd2/dd/c082ec131b06265b0fb7eca0214971.jpg?1644794494,La Pause,,,Non végétarien,,?,,,Vapeur,"Sans viande, Sans œuf, Sans gluten",,,4,"Du bouillon de poisson (réalisé avec une tête de saumon + 2 carottes + 1 oignon + du thym + du sherry) | 1 carotte | 2 branches de céleri vert | 1 verre de vin blanc | 200 ml de crème liquide | 2 filets de saumon sans peau, coupés en gros dés | 1 bol de coques rincées rapidement à l’eau froide | 150 g de petites crevettes décortiquées et déjà cuites"
soupes-et-potees,Chili con tofu aux champignons,https://www.cuisine-libre.org/chili-con-tofu-aux-champignons,https://www.cuisine-libre.org/local/cache-gd2/53/1d2441b15cd0ad1522103428794faa.jpg?1644794328,,,Durée totale :50 min,Végétalien (vegan),15,15 min,35 min,PT50M,Mijoté,"Sans viande, Sans œuf, Sans lactose, Sans gluten",5.00,15,4,300 g de champignons d’automne | ½ tasse de noix de Grenoble hachées | 1 paquet (200 g) de tofu ferme | 1 petite boîte (env. 200 g) de haricots rouges cuits | 1 oignon | 1 gousse d’ail | 2 tasses (500 ml) d’eau | ½ tasse (125 ml) de purée de tomates concentrée | 1 c. à café de cumin | 1 pointe de chili (piment en poudre) | 1 c. soupe d’origan ou de thym séché | ½ bouquet de persil plat frais | huile d’olive
soupes-et-potees,Tajine de légumes d’automne,https://www.cuisine-libre.org/tajine-de-legumes-d-automne,https://www.cuisine-libre.org/local/cache-gd2/13/c2b620b76b5d9ff1ea19f054cb39d6.jpg?1644795936,Restaurant BON,,Durée totale :1 h 30,Végétarien,,45 min,45 min,PT1H30M,Mijoté,"Sans viande, Sans œuf, Sans lactose, Sans gluten",,,4,"4 carottes fanes | 1 oignon | 1 petite pomme | 1 petite poire | 1 citron | 2 fonds d’ artichauts | 150 g de champignons bruns | 1 coing | 4 pommes de terre type charlotte | 2 côtes de blette | 100 g de vert de blettes | 4 grappillons de raisin muscat noir | 200 g de raisin muscat noir | 20 cl de bouillon de volaille ou de légumes | 10 g de beurre | 1 c. à café de ras el hanout | 1 c. à café de miel | 1 gousse d’ail | huile d’olive | sel, poivre"
soupes-et-potees,Dinde poêlée aux châtaignes et fines herbes,https://www.cuisine-libre.org/dinde-poelee-aux-chataignes-et-fines-herbes,https://www.cuisine-libre.org/local/cache-gd2/8f/16860b2097bd335ce59d766bf76a9a.jpg?1644798508,Delphine H.,,Durée totale :35 min,Non végétarien,,15 min,20 min,PT35M,,Sans œuf,,,4,4 escalopes de dinde | 1 petit fromage frais à l’ail & fines herbes | 25 châtaignes précuites | persil plat | bouillon de légumes | farine | beurre | paprika | sel & poivre
soupes-et-potees,Gratinée des Halles,https://www.cuisine-libre.org/gratinee-des-halles,https://www.cuisine-libre.org/local/cache-gd2/ff/4f643ef1e5bf2c5aae3dd574f96a14.jpg?1706984151,Yves Huot-Marchand,,Durée totale :1 h 20,Végétarien,,20 min,1 h,PT1H20M,Bouilli,"Sans viande, Sans œuf",,,4,800 g environ d’oignons | 40 g de beurre | 4 cuillerées à soupe d’huile | 20 cl de vin blanc sec | 25 g de farine | 1 bouquet garni | 80 g de gruyère | 8 tranches de pain | sel et poivre au moulin
soupes-et-potees,Epinards aux olives et citron confit,https://www.cuisine-libre.org/epinards-aux-olives-et-citron-confit,https://www.cuisine-libre.org/local/cache-gd2/bf/ad9d5fe90d56b09a321bbce7091954.jpg?1644794506,Chamsaya,,Durée totale :50 min,Végétalien (vegan),15,30 min,20 min,PT50M,Vapeur,"Sans viande, Sans œuf, Sans lactose, Sans gluten",5.00,15,4,1 kg d’épinards frais | 6 gousses d’ail | 1 petit bouquet de coriandre | 1 cc de paprika | 1/2 cc de sel | 1/2 cc de poivre | 1/2 cc de cumin | 1/4 citron confit | 100 g d’olives mauves ou vertes
soupes-et-potees,Lentilles corail au lait de coco,https://www.cuisine-libre.org/lentilles-corail-au-lait-de-coco,https://www.cuisine-libre.org/local/cache-gd2/a7/62ebcc50b57c909baa70f9fdc45d5e.jpg?1644794451,,,Durée totale :20 min,Végétalien (vegan),,5 min,15 min,PT20M,Bouilli,"Sans viande, Sans œuf, Sans lactose, Sans gluten",,0,2,400 g de tomates pelées | 400 ml de lait de coco | 200 g de lentilles rouges | 1 c. à thé de poudre de piment (facultatif) | 1 bouquet de feuilles de coriandre fraîche (facultatif)
soupes-et-potees,Merlu aux palourdes,https://www.cuisine-libre.org/merlu-aux-palourdes,https://www.cuisine-libre.org/local/cache-gd2/32/4c838d329de89de1ed91a8e6bd8717.jpg?1678290489,Le Cookeo de Lea,,Durée totale :25 min,Non végétarien,,10 min,15 min,PT25M,Mijoté,"Sans viande, Sans œuf, Sans lactose, Sans gluten",,,4,"1 paquet de palourdes congelées | 2 carottes coupées en julienne | 1 c. à soupe d’huile | ½ oignon coupé en julienne | 1 gousse d’ail | 1 verre de vin | 800 g de merlu (filets) | ½ poivron rouge coupé en julienne | sel, poivre"
soupes-et-potees,Ramen instant noodles,https://www.cuisine-libre.org/ramen-instant-noodles,https://www.cuisine-libre.org/local/cache-gd2/2c/b8e27c71cb7d7f5b7d9447300c8e06.jpg?1644797252,Pastafari,Facile !,Durée totale :5 min,Non végétarien,1,1 min,4 min,PT5M,Bouilli,,5.00,1,1,1 paquet de nouilles rāmen instantanées | 400 ml d’eau bouillante
soupes-et-potees,Bœuf Stroganoff,https://www.cuisine-libre.org/boeuf-stroganoff,https://www.cuisine-libre.org/local/cache-gd2/0c/83204957151ac267ea96249d412baa.jpg?1644794256,,,Durée totale :30 min,Non végétarien,2,15 min,15 min,PT30M,Mijoté,Sans œuf,5.00,2,4,"400 g de bavette de bœuf[*] | 500 g de champignons | 20 cl de smetana (crème sûre; sinon crème fraîche épaisse additionnée de citron) | 1 gros oignon | 1 gousse d’ail | 10 cl de bouillon de bœuf | 1 c. à soupe de farine | 2 c. à soupe de concentré de tomate | 2 c. à soupe de moutarde | 1 c. à soupe de paprika (piment doux) | 2 c. à soupe d’huile | sel, poivre | Pour servir | persil plat haché"
soupes-et-potees,Savoureux choux de Bruxelles,https://www.cuisine-libre.org/savoureux-choux-de-bruxelles,https://www.cuisine-libre.org/local/cache-gd2/1d/e1e5ba7c2e4552c8d06b261ad4c59b.jpg?1644794698,,,Durée totale :30 min,Végétalien (vegan),31,20 min,10 min,PT30M,Mijoté,"Sans viande, Sans œuf, Sans lactose, Sans gluten",5.00,31,,450 g de choux de Bruxelles | 3 c. soupe d’huile d’olive | 3 c. soupe de jus de citron | 2 gousses d’ail haché | 1 c. café de poivre noir en grains | 1/2 c. café de sel
soupes-et-potees,Saucisses aux lentilles,https://www.cuisine-libre.org/saucisses-aux-lentilles,https://www.cuisine-libre.org/local/cache-gd2/a7/93aabc6ee18058338b681614bdd9dc.jpg?1644796236,,Facile !,Durée totale :45 min,Non végétarien,2,15 min,30 min,PT45M,Bouilli,"Sans œuf, Sans gluten",5.00,2,4,"1 oignon | 1 noix de beurre | 300 g de lentilles vertes du Puy | 4 saucisses à cuire (env. 300 g)[*] | 60 cl d’eau | 1 carotte (facultatif) | 1 gousse d’ail | 1 cube de bouillon cube déshydraté | bouquet garni (thym, laurier) | poivre"
soupes-et-potees,Cassoulet de Pâques aux haricots tarbais,https://www.cuisine-libre.org/cassoulet-de-paques-aux-haricots-tarbais,https://www.cuisine-libre.org/local/cache-gd2/d5/f3f956c6837bdd69c2981ecd01f540.jpg?1644794343,"Haricot Tarbais, Sophie",,Durée totale :13 h,Non végétarien,,30 min,4 h 30,PT13H,Mijoté,"Sans œuf, Sans lactose, Sans gluten",,,6,600 g de haricots tarbais secs | 300 g de tomates concassées en boîte | 6 saucisses de Toulouse | 2 souris d’agneau | 400 g de ventrèche plate | 1 gros oignon | 4 gousses d’ail | 1 bouquet garni | 2 clous de girofle | sel & poivre du moulin | 1 cuillère à soupe d’huile de tournesol | un peu de chapelure (facultatif)
soupes-et-potees,Pot-au-feu végétarien au gruyère,https://www.cuisine-libre.org/pot-au-feu-vegetarien-au-gruyere,https://www.cuisine-libre.org/local/cache-gd2/45/942ce7cf818a97a68c823509671788.jpg?1644794812,,,Durée totale :35 min,Végétarien,2,10 min,25 min,PT35M,Bouilli,"Sans viande, Sans œuf, Sans gluten",5.00,2,4,250 g de gruyère | 800 g de pommes de terre | 4 carottes | 3 navets | 3 poireaux | 1 oignon piqué de2 clous de girofle | 1 branche de céleri | 1 bouquet garni | poivre du moulin
soupes-et-potees,Ramereaux aux olives,https://www.cuisine-libre.org/ramereaux-aux-olives,https://www.cuisine-libre.org/local/cache-gd2/c0/17690997210cff86cde156be614afe.jpg?1644795554,Toulouse-Lautrec,,Durée totale :1 h,Non végétarien,,20 min,40 min,PT1H,Mijoté,"Sans œuf, Sans gluten",,,,"4 pigeons ramiersou poules de Cornouailles | 3 tranches de bacon fumé, hachées | 3 échalotes | 1 oignon | 1 bouquet garni | 1,8 litre de bouillon de volaille | 250 g d’olives vertes dénoyautées | ¼ cuillère d’armagnac ou cognac | 1 tasse de mélasse | Farce | 225 g de bœuf haché (légèrement sauté) | 225 g de saucisse à l’ail française ou une saucisse douce de porc ou de veau (légèrement sautée, si elle n’est pas précuite) | 15 g de truffes (facultatif — à défaut utilisez du beurre ou de l’huile de truffe) | 2 tasses de beurre de truffe ou de beurre ordinaire | 1 tasse de marjolaine fraîche et de thym (facultatif) | muscade râpée | poivre, sel"
soupes-et-potees,Courgettes au curry onctueux,https://www.cuisine-libre.org/courgettes-au-curry-onctueux,https://www.cuisine-libre.org/local/cache-gd2/a4/1b65d034a88d42be48e686529bd2c8.jpg?1644794770,Licence Géographie,,Durée totale :40 min,Végétarien,5,15 min,25 min,PT40M,,"Sans viande, Sans œuf",5.00,5,2,2 courgettes | 1 oignon | 1 échalote | 2 gousses d’ail | 1 petite c. de gingembre | 1 grosse c. à café de curry | 1 c. de sauce soja | 2 c. à soupe d’huile d’olive | 2 c. à soupe de fromage blanc
soupes-et-potees,Couscous aux légumes d’hiver,https://www.cuisine-libre.org/couscous-vegetarien-aux-legumes-hiver,https://www.cuisine-libre.org/local/cache-gd2/8a/0fee78f155e67451b71c1e634fcf1b.jpg?1677429265,Gargantua,,Durée totale :1 h 10,Végétalien (vegan),,20 min,50 min,PT1H10M,Bouilli,"Sans viande, Sans œuf, Sans lactose",,,10,"4 grosses carottes | 1 courge (butternut, potimarron, ¼ de courge musquée…) | 1 tête de céleri rave | 3 gros navets (violet ou boule d’or) | 3 blancs de poireaux | 1 boîte (env. 500 g) de tomates pelées | 1 boîte de pois chiches cuits, égouttés et rincés | 2 gros oignons | Épices[1] | 1 à 3 c. soupe d’épices marocaines ras el hanout | 1 c. café de cumin | 1 c. café de cannelle en poudre | 1 c. café de curcuma en poudre | Semoule | 1 kg de semoule fine de couscous | 4 à 6 c. à soupe d’huile d’olive | 10 c. à soupe d’eau chaude | 1 pincée de sel | Pour servir | 5 c. soupe de raisins secs de Smyrne | pâte de harissa (faite maison de préférence) | 1 petit bouquet de persil plat et/ou de coriandre fraîche"
soupes-et-potees,Poulet à la bière,https://www.cuisine-libre.org/poulet-a-la-biere,https://www.cuisine-libre.org/local/cache-gd2/5d/8cfb1b06f2307f18dc0577ffe87b34.jpg?1644794489,argentine14,,Durée totale :2 h 20,Non végétarien,14,1 h,1 h 20,PT2H20M,Mijoté,"Sans œuf, Sans lactose, Sans gluten",5.00,14,6,2 poulets | 8 pommes de terre | 3 oignons | 2 poivrons rouge | 2 carottes | 10 champignons | 1 bière
soupes-et-potees,Poulet coco,https://www.cuisine-libre.org/poulet-coco,https://www.cuisine-libre.org/local/cache-gd2/ed/9f5c9a252a0a58cf81e4c16f52a9e3.jpg?1644797619,corinne,,Durée totale :1 h,Non végétarien,37,20 min,40 min,PT1H,Mijoté,"Sans œuf, Sans lactose",5.00,37,6,1 poulet découpé | 200 ml de crème de coco | ½ bouillon cube dilué dans | 1 verre d’eau ou juste de l’eau | 1 tomate | 1 oignon | 1 gousse d’ail | gingembre (facultatif) | curry | sel | poivre | huile d’olive (un petit peu)
soupes-et-potees,"Bagna cauda, fondue piémontaise",https://www.cuisine-libre.org/bagna-cauda,https://www.cuisine-libre.org/local/cache-gd2/7b/e49caa4e13f18da0ae61113b01b10a.jpg?1644794506,,,Durée totale :37 min,Non végétarien,29,30 min,7 min,PT37M,Crudité,"Sans viande, Sans œuf",5.00,29,6,1/2 chou-fleur | 3 carottes | 4 endives | 1 céleri | 2 fenouils | 2 poivrons rouges | 1 concombre | 3 tomates | 1 botte de radis | Sauce | 7-8 gousses d’ail | 100 g d’anchois à l’huile | 100 g de beurre | 20 cl d’huile d’olive | 20 cl de crème fraîche
soupes-et-potees,Fèves en cocotte,https://www.cuisine-libre.org/feves-en-cocotte,https://www.cuisine-libre.org/local/cache-gd2/73/ce9d034eef894e0d7efd361cb0c820.jpg?1644795277,Ja6,,Durée totale :1 h,Non végétarien,1,30 min,30 min,PT1H,Mijoté,"Sans œuf, Sans lactose, Sans gluten",5.00,1,4,"2 kg de fèves en cosses | 1 tranche de lard de poitrine | 8 petits oignons blancs | graisse d’oie | sucre en poudre | 1 bouquet garni | 1 petit bouquet de sarriette | 2 gousses d’ail | sel, poivre"
soupes-et-potees,Endives confites à l’ardennaise,https://www.cuisine-libre.org/endives-confites-a-l-ardennaise,https://www.cuisine-libre.org/local/cache-gd2/e1/0272e033d6b686a1deabc7788f064a.jpg?1644796813,Ja6,,Durée totale :1 h,Non végétarien,,10 min,50 min,PT1H,,Sans œuf,,,4,1 kg d’endives | 125 g de lard de poitrine fumée | 100 g de jambon cru des Ardennes ou poitrine séchée et salée - coupée en dés | 50 g de beurre | Sel & Poivre
soupes-et-potees,Consommé de pois d’Angole,https://www.cuisine-libre.org/consomme-de-pois-d-angole,https://www.cuisine-libre.org/local/cache-gd2/c3/e069e4b5fbc1f1a7ba714ff33a6122.jpg?1644795441,,,Durée totale :2 h 45,Végétalien (vegan),1,15 min,2 h 30,PT2H45M,Bouilli,"Sans viande, Sans œuf, Sans lactose, Sans gluten",5.00,1,6,"400 g de pois d’angole | 100 g de giraumon (facultatif) | 1 oignon jaune | 2 gousses d’ail | 2 branches de persil | 2 branches de thym | 1 feuille de bois d’Inde | 1 c. à café de quatre épicesou 2 clous de gifofle | 1 piment pour la cuisson | 1 litre d’eau | 2 c. à café de sucre roux (si besoin) | sel, poivre"
soupes-et-potees,Cassoulet du Sud-Ouest,https://www.cuisine-libre.org/un-cassoulet-du-sud-ouest,https://www.cuisine-libre.org/local/cache-gd2/26/a1c1200291205e5a6b34c29fdeff3a.jpg?1644794347,Ja6,,Durée totale :8 h,Non végétarien,2,?,4 h,PT8H,Four,Sans œuf,5.00,2,8,"500 g de haricots secs blancs : mongettes, cocos de Pamiers ou tarbais | 600 g d’échine de porc fraîche et désossée | 4 saucisses de Toulouse | 600 g de haut de côtelettes d’agneau coupé en morceaux | 400 g poitrine de porc demi-sel | 250 g de couennes de porc fraîches | 4 tomates | 2 carottes | 3 oignons | 4 + 1 gousses d’ail | 2 bouquets garnis (thym, laurier, persil) | 120 g de saindoux ou graisse de confit de canard ou d’oie | Sel & Poivre"
soupes-et-potees,Chou-fleur à la sicilienne,https://www.cuisine-libre.org/chou-fleur-a-la-sicilienne,https://www.cuisine-libre.org/local/cache-gd2/71/c8091d881eb68137c0111fdd5c925a.jpg?1644794263,Fred Radeff,,Durée totale :1 h,Non végétarien,,15 min,45 min,PT1H,Mijoté,"Sans viande, Sans œuf, Sans gluten",,,,"750 g chou-fleur | 1 oignon | 3 filets d’anchois | 50 g parmesan | 12 olives noires | 1 dl de vin rouge | 3 cs d’huile d’olive, sel"
soupes-et-potees,Pot-tofu,https://www.cuisine-libre.org/pot-tofu,https://www.cuisine-libre.org/local/cache-gd2/0d/c7301f57a980e476b1d2b1c063e823.jpg?1644794327,,,Durée totale :50 min,Végétalien (vegan),,15 min,35 min,PT50M,Bouilli,"Sans viande, Sans œuf, Sans lactose, Sans gluten",,,4,"75 cl de bouillon de légumes | 2 c. soupe de fond brun vegan | 400 g de tofu fumé | 4 carottes | 1 navet boule d’or | 1 navet blanc | 1 oignon | 2 échalotes | 1 gousse d’ail | 1 poireau | 1 branche de céleri | 1 bouquet garni (thym, laurier, persil) | grains de poivre | 1 clou de girofle | 1 c. soupe d’huile"
soupes-et-potees,Lotte pochée et son ragoût de fèves et girolles,https://www.cuisine-libre.org/lotte-pochee-et-son-ragout-de-feves-et,https://www.cuisine-libre.org/local/cache-gd2/be/f4c04a008a4a2ec0e4d438aadc524e.jpg?1644796933,jsrp,,Durée totale :2 h,Non végétarien,16,1 h,1 h,PT2H,,"Sans viande, Sans gluten",5.00,16,4,"Pour le bouillon1 litre d’eau6 grammes de gros sel2 grammes de poivre en grains80 grammes d’ail2 feuilles de laurier2 échalotes2 branches d’estragon2 branches de basilic1 étoile de badiane1 bouquet garni100 grammes de beurre | 1 litre d’eau | 6 grammes de gros sel | 2 grammes de poivre en grains | 80 grammes d’ail | 2 feuilles de laurier | 2 échalotes | 2 branches d’estragon | 2 branches de basilic | 1 étoile de badiane | 1 bouquet garni | 100 grammes de beurre | Pour le ragoût250 grammes de fèves écossées200 grammes de girolles jaunes30 grammes de beurre4 feuilles de menthe1 échalote10 centilitres de crème liquidesel, poivre du moulin | 250 grammes de fèves écossées | 200 grammes de girolles jaunes | 30 grammes de beurre | 4 feuilles de menthe | 1 échalote | 10 centilitres de crème liquide | sel, poivre du moulin | Pour l’émulsion20 centilitres de lait demi-écrémé1 cuillerée à café de jaune d’oeufsel, poivre du moulin1 botte de basilic1 botte d’estragon2 feuilles de menthe | 20 centilitres de lait demi-écrémé | 1 cuillerée à café de jaune d’oeuf | sel, poivre du moulin | 1 botte de basilic | 1 botte d’estragon | 2 feuilles de menthe | Pour le poisson1 queue de lotte de 600 grammes | 1 queue de lotte de 600 grammes"
soupes-et-potees,Navets caramélisés,https://www.cuisine-libre.org/navets-caramelises,https://www.cuisine-libre.org/local/cache-gd2/36/12659359162814e976af4252ce30f5.jpg?1644794488,jrmi,,Durée totale :30 min,Végétarien,2,10 min,20 min,PT30M,,"Sans viande, Sans œuf, Sans gluten",5.00,2,2,3 navets | 3 c.à.s de sucre | 1 noix de beurre
soupes-et-potees,Soupe de poisson tunisienne,https://www.cuisine-libre.org/soupe-de-poisson-tunisienne,https://www.cuisine-libre.org/local/cache-gd2/8f/7c843a254cff3cafb38dcadcb823a2.jpg?1644797142,Libérez les soupes,,Durée totale :50 min,Non végétarien,1,20 min,30 min,PT50M,Bouilli,"Sans viande, Sans lactose",5.00,1,,300 g de filet de cabillaud | 60 ml d’huile d’olive | 1 oignon | 1 branche de céleri | 2 c. à soupe de concentré de tomates | 2 c. à café de curcuma moulu | 2 c. à café de cumin en poudre | ¼ de c. à café de piment en poudre | 1 litre de bouillon de poisson | 2 feuilles de laurier | orzo (petites pâtes de semoule de blé dur) | quelques brins de menthe fraîche | 2 citrons | 4 gousses d’ail
soupes-et-potees,Navarin de porc aux navets violets,https://www.cuisine-libre.org/navarin-de-porc-aux-navets-violets,https://www.cuisine-libre.org/local/cache-gd2/eb/643451c9e986343b418aac5dacfda1.jpg?1644794488,Mon AMAP,,Durée totale :1 h 30,Non végétarien,13,30 min,1 h,PT1H30M,Mijoté,"Sans œuf, Sans gluten",5.00,13,,"600 g de viande de porc ou de veau | 700 g de navets violets | 3 carottes | 2 beaux oignons | champignons émincés (facultatif) | 4 gousses d’ail | bouquet garni | bouillon de volaille | crème fraîche | huile d’olive | sel, poivre"
soupes-et-potees,Curry de poulet à l’ananas,https://www.cuisine-libre.org/curry-de-poulet-a-l-ananas,https://www.cuisine-libre.org/local/cache-gd2/bd/bc78c4c914ad01dce0605100106a3b.jpg?1644801843,"Virginie, d’une Pincée de Gourmandise",,Durée totale :45 min,Non végétarien,,20 min,25 min,PT45M,Mijoté,"Sans œuf, Sans lactose, Sans gluten",,,4,4 escalopes ou filets de poulet | 15cl de bouillon de volaille | 1 oignon | 1 gousse d’ail | 1 pomme | 1/2 ananas (ou une petite boîte d’ananas au sirop) | 10 cl de lait de coco | 1 càs de curry | 1/2 càc de curcuma en poudre | 1/2 càc de gingembre en poudre | Huile | Sel et poivre
soupes-et-potees,Carottes façon osso bucco,https://www.cuisine-libre.org/carottes-facon-osso-bucco,https://www.cuisine-libre.org/local/cache-gd2/14/642d190d48d48331ccc75d63516781.jpg?1644797844,Mon AMAP,,Durée totale :1 h 15,Végétalien (vegan),15,15 min,1 h,PT1H15M,Mijoté,"Sans viande, Sans œuf, Sans lactose, Sans gluten",5.00,15,2,600 g de carottes (6-8 carottes) | 2 oignons moyens (150 g) | 800 g de tomates (ou 2 boites de tomates en dés) | 2 c. soupe d’huile d’olive | 2 gousses d’ail | 1 branche de céleri | 1 bouquet garni | ¼ d’orange | 1 pincée de gros sel | poivre du moulin | 1 c. soupe de persil plat haché
soupes-et-potees,Blanquette de veau,https://www.cuisine-libre.org/blanquette-de-veau,https://www.cuisine-libre.org/local/cache-gd2/39/5778fb842ff9af8a3e071d5af752b7.jpg?1644799887,paddy,,Durée totale :2 h 20,Non végétarien,53,20 min,2 h,PT2H20M,Bouilli,,5.00,53,6,800 g de blanquette de veau | 2 carottes | 1 blanc de poireau | 1 gros oignon | 200 g de champignons de Paris (ou une boîte de champignons) | beurre | huile | 1 à 2 cuillères à soupe de farine | bouillon cube | 25 à 30 cl de vin blanc | 20 cl de crème fraiche liquide | 1 citron | 1 jaune d’œuf | sel poivre
soupes-et-potees,Cailles aux raisins et lardons,https://www.cuisine-libre.org/cailles-aux-raisins-et-lardons,https://www.cuisine-libre.org/local/cache-gd2/d3/2d7f90333dfcd7cc8490cecb5076a7.jpg?1644795421,mike,,Durée totale :1 h,Non végétarien,1,20 min,40 min,PT1H,Mijoté,Sans œuf,5.00,1,4,"1/2 bol de raisins secs | alcool fort (eau-de-vie, cognac ou calvados) | 2 échalotes | 100 g de lardons fumés | 4 cailles | 1 bouillon cube | 1 bol d’eau chaude | riz basmati"
soupes-et-potees,Potée de chou blanc,https://www.cuisine-libre.org/potee-de-chou-blanc,https://www.cuisine-libre.org/local/cache-gd2/c0/ccf69fdae4515fc899d2d56b4c01f4.jpg?1644794326,WikiBooks,,Durée totale :14 h,Végétarien,1,15 min,1 h 45,PT14H,Bouilli,"Sans viande, Sans œuf, Sans lactose",5.00,1,,1 chou blanc | 100 g de tofu fumé | 100 g de gros haricots blancs secs | 15 cl d’huile | 7 cl d’huile d’arachide | 5 g de moutarde au poivre | 1 bouquet garni | sel
soupes-et-potees,Choux de Bruxelles à la saucisse,https://www.cuisine-libre.org/choux-de-bruxelles-a-la-saucisse,https://www.cuisine-libre.org/local/cache-gd2/ec/8196637d253dcb4a21042f37f1b407.jpg?1644794404,Romy,Facile !,Durée totale :30 min,Non végétarien,,15 min,15 min,PT30M,Bouilli,"Sans œuf, Sans lactose, Sans gluten",,,4,1 kg de choux de Bruxelles frais | 3 saucisses de Montbéliard | 1 bouquet garni | poivre du moulin
soupes-et-potees,"Coddle, marmite de Dublin",https://www.cuisine-libre.org/coddle-marmite-de-dublin,https://www.cuisine-libre.org/local/cache-gd2/f9/9400a546e75e87e334c189d1eff9ae.jpg?1648339344,,,Durée totale :2 h 15,Non végétarien,,15 min,2 h,PT2H15M,Mijoté,Sans œuf,,,4,1 kg de pommes de terre | 300 g de bonnes saucisses de porc | 200 g de bacon ou de lardons | 1 oignon émincé | 50 cl de bouillon de volaille | 1 feuille de laurier | thym (ou persil frais) | poivre
soupes-et-potees,Ragoût de racines de Dagobah,https://www.cuisine-libre.org/ragout-de-racines-de-dagobah,https://www.cuisine-libre.org/local/cache-gd2/b0/103ecc4910eb2a3197b61b3d69e3ed.jpg?1644801255,,,Durée totale :1 h 30,Végétarien,,30 min,1 h,PT1H30M,Mijoté,"Sans viande, Sans œuf",,,,5 carottes | 4 navets | 2 panais | 1/2 céleri-rave | 4 pommes de terre GT Agria | 1 oignon | 1 échalote | 4 clous de girofle | 4 poireaux entiers | 1/2 chou vert | 1 cuillère à café de gros sel | 2 litres d’eau | 3 baies de genièvre | 10 g de beurre | 1 bouquet garni | sel et poivre
soupes-et-potees,Patates douces au gingembre,https://www.cuisine-libre.org/patates-douces-au-gingembre,https://www.cuisine-libre.org/local/cache-gd2/cd/b62d6173aece675716c4aabf3f2ed0.jpg?1644794536,Ciélu,,Durée totale :35 min,Végétalien (vegan),26,10 min,25 min,PT35M,Mijoté,"Sans viande, Sans œuf, Sans lactose, Sans gluten",5.00,26,,4 grosses patates douces | 1 oignon | 4 tomates (ou une boite de tomates pelées) | ail | jus de citron | gingembre frais
soupes-et-potees,Waterzoï de lieu noir,https://www.cuisine-libre.org/waterzoi-de-lieu-noir,https://www.cuisine-libre.org/local/cache-gd2/db/1fcde4ea8dd31832f9314757d3c30c.jpg?1644794405,emidiamant,,Durée totale :1 h,Non végétarien,1,30 min,30 min,PT1H,Mijoté,"Sans viande, Sans œuf, Sans gluten",5.00,1,4,1 kg lieu noir | 5 pommes de terre | 5 carottes | 5 blancs de poireau | 1 celeri rave | 1 citron | estragon | 40 cl de crème fraîche | 1 litre de fumet de poisson | beurre | 10 g de fécule de maïs
soupes-et-potees,Ratatouille froide,https://www.cuisine-libre.org/ratatouile-froide,https://www.cuisine-libre.org/local/cache-gd2/d1/0201fec7ba0e17cc4dc4dda30b9b05.jpg?1644799924,quelyne,,Durée totale :3 h,Végétalien (vegan),18,2 h,1 h,PT3H,Mijoté,"Sans viande, Sans œuf, Sans lactose, Sans gluten",5.00,18,6,"4 courgettes | 3 poivrons rouges | 2 aubergines | 3 oignons | 1 boîte de tomates pelées | 1 c.soupe de concentré de tomate | ail | basilic | thym | origan | poudre de curry | sel, poivre | huile d’olive (ou arachide)"
soupes-et-potees,Printanière de veau aux herbes fraîches,https://www.cuisine-libre.org/printaniere-de-veau-aux-herbes-fraiches,https://www.cuisine-libre.org/local/cache-gd2/2f/ecef80cb4b9e0a23c153e68675dcb7.jpg?1644794491,Collective du Veau de la Pentecôte,,Durée totale :1 h 50,Non végétarien,,20 min,1 h 30,PT1H50M,,Sans œuf,,,4,"1 kg de bas de carré et tendron de veau | 200 g de carottes nouvelles | 50 g de petits oignons nouveaux | 4 petits fenouils | 200 g de fèves fraîches | 100 g de navets nouveaux | 200 g de petits pois | 100 g de haricots verts | sel, poivre | 4 grosses tomates | 2 gros oignons | 2 gousses d’ail | 1 bouquet garni | herbes fraîches : basilic, ciboulette, coriandre | 3 c. à soupe d’huile | beurre et farine"
soupes-et-potees,Poulet au curry,https://www.cuisine-libre.org/poulet-au-curry,https://www.cuisine-libre.org/local/cache-gd2/1b/561835ac8af31606e28a7fa05d6b2e.jpg?1682172077,Licence Géographie,Facile !,Durée totale :1 h 30,Non végétarien,1,10 min,20 min,PT1H30M,Sauté,"Sans œuf, Sans gluten",5.00,1,2,"2 filets de poulet | ½ oignon | 5 cl de crème fraîche (épaisse ou liquide) | sel, poivre | Marinade | 2 c. à soupe de sauce soja | ½ c. à soupe d’huile d’olive | ail en poudre | ½ c. à café de curry | 2 brins de ciboulette | "
soupes-et-potees,Cacasse culottée,https://www.cuisine-libre.org/cacasse-culottee,https://www.cuisine-libre.org/local/cache-gd2/40/33f6665a1c522d970b83e5f0ca3fe2.jpg?1644796604,alemzo,,Durée totale :1 h 20,Non végétarien,16,20 min,1 h,PT1H20M,Mijoté,"Sans œuf, Sans lactose",5.00,16,4,1 kg de pommes de terre | 4 tranches de lardou saucisses de porc | 2 oignons | 4 c. à soupe de saindoux | 2 c. à soupe de farine | 1 branche de thym | 2 feuilles de laurier | 2 gousses d’ail | sel et poivre
soupes-et-potees,Soupe de nouilles au bœuf,https://www.cuisine-libre.org/soupe-de-nouilles-au-boeuf,https://www.cuisine-libre.org/local/cache-gd2/9b/afd530a4d9fd74dfa1a2e6e6768bf5.jpg?1762023554,Ustensile de chef,,Durée totale :1 h,Non végétarien,,15 min,45 min,PT1H,Bouilli,Sans œuf,,,4,300 g de bœuf émincé | 200 g de nouilles blanches | 2 gousses d’ail hachées | 2 c. à soupe d’huile végétale | 1 c. à café de cumin | 1 c. à café de paprika ou piment doux | 1 c. à soupe de concentré de tomate (ou purée de tomate) | 2 c. à soupe de sauce soja | 1 L d’eau chaude | persil frais haché | sel et poivre
soupes-et-potees,Soupe à l’ancienne,https://www.cuisine-libre.org/soupe-a-l-ancienne,https://www.cuisine-libre.org/local/cache-gd2/5b/99926f9d7a9228f0ca88a9583772e5.jpg?1644804593,safia,,Durée totale :40 min,Non végétarien,6,10 min,30 min,PT40M,Bouilli,Sans œuf,5.00,6,4,"125 g de lardons | 1 poireau | 4 pommes de terre | 20 g de beurre | 1 bouillon de cube (légumes ou poule) | 1 branche (ou 1 c. à soupe) de thym | poivre, sel"
soupes-et-potees,Caldeirada,https://www.cuisine-libre.org/caldeirada,https://www.cuisine-libre.org/local/cache-gd2/8d/98a4cb3a37808c0130b7da61acbe50.jpg?1644804771,prentafleur,,Durée totale :1 h 40,Non végétarien,9,30 min,1 h,PT1H40M,Mijoté,"Sans viande, Sans œuf, Sans lactose",5.00,9,8,"1,5 kg de filets de poisson bien épais | 300 g de fruits de mer | 600 g de calamars | 1,5 kg de pommes de terre | 500 g de tomates | 500 g d’oignons | 2 gousses d’ail | 1 poivron vert | 1 petit bouquet de coriandre | 2 feuilles de laurier | 6 c. à soupe d’huile d’olive | gros sel, poivre | pain dur coupé en tranches"
soupes-et-potees,Soupe de légumes au speck alsacien,https://www.cuisine-libre.org/soupe-de-legumes-au-speck-alsacien,https://www.cuisine-libre.org/local/cache-gd2/1f/b26b4ea9c687a2b8e4b1fd0bdb84d7.jpg?1644794656,CoMiAs,,Durée totale :1 h 55,Non végétarien,17,10 min,1 h 45,PT1H55M,Bouilli,"Sans œuf, Sans lactose",5.00,17,5,"1 échalote | 1 gros oignon | 1 blanc de poireau | 1 courgette (pas trop grosse) | 2 carottes | 2 belles pomme de terre | 100 g d’haricots verts | 2 gros navet | 150 g de speck alsacien[*] | 50 g de speck gras fumé | 1 litre d’eau | 10 cl de Pinot blanc d’Alsace, du Haut Rhin de préférence | sel, poivre"
soupes-et-potees,Poêlée de poivrons,https://www.cuisine-libre.org/poelee-de-poivrons,https://www.cuisine-libre.org/local/cache-gd2/b5/d537f64052edb5b733b2b54375b965.jpg?1644794699,Mon AMAP,,Durée totale :55 min,Végétalien (vegan),170,10 min,45 min,PT55M,Mijoté,"Sans viande, Sans œuf, Sans lactose, Sans gluten",5.00,170,,"4 poivrons de couleurs différentes | 2 gousses d’ail | huile d’olive | sel, poivre"
soupes-et-potees,Poulet massala,https://www.cuisine-libre.org/poulet-massala,https://www.cuisine-libre.org/local/cache-gd2/a1/b5ba94ed536d75689dfaddbbe42e96.jpg?1644794884,Licence Géographie,,Durée totale :45 min,Non végétarien,1,20 min,25 min,PT45M,Mijoté,"Sans œuf, Sans gluten",5.00,1,2,2 blancs de poulet | huile d’olive | ½ oignon | 1 gousse d’ail | ½ pomme | ⅓ curry doux en poudre | ⅔ garam massala en poudre | ½ boîte de pulpe de tomate | ½ cube de bouillon de poule dégraissé | eau | 1 poignée d’amandes effilées | ½ poignée de raisins secs | ½ bâton de cannelle | thym | laurier | poivre | sel | crème fraîche allégée (ou non)
soupes-et-potees,Pintade chapon au cidre et raisins,https://www.cuisine-libre.org/pintade-chapon-au-cidre-et-raisins,https://www.cuisine-libre.org/local/cache-gd2/00/665303da52843f82571ed03f8c8a3e.jpg?1644794978,paddy,,Durée totale :1 h 35,Non végétarien,5,15 min,1 h 20,PT1H35M,Four,"Sans œuf, Sans gluten",5.00,5,10,2 pintades chapon | 50 g de beurre | 12 noix | 25 cl de cidre brut | 25 cl de bouillon de volaille | 5 cl de calvados | 60 cl de crème fraîche fleurette | sel | poivre | 100 g de raisins secs de Corinthe
soupes-et-potees,Soupe à la mique,https://www.cuisine-libre.org/soupe-a-la-mique,https://www.cuisine-libre.org/local/cache-gd2/12/c417337c3ea2a439daca9fd4da4ba7.jpg?1644794504,Yves Huot-Marchand,,Durée totale :2 h 55,Non végétarien,2,25 min,2 h 30,PT2H55M,Bouilli,"Sans œuf, Sans lactose",5.00,2,6,"1 chou vert frisé | 5 carottes | 2 navets | 2 poireaux | 1 branche de céleri | 1 oignon | 1 bouquet garni | 2,5 litres d’eau | 330 g de lard de poitrine salé | Pour la mique : | 150 g de farine de maïs | 150 g de farine de froment | saindoux ou graisse d’oie | sel et poivre"
soupes-et-potees,Azinat au chou,https://www.cuisine-libre.org/azinat-au-chou,https://www.cuisine-libre.org/local/cache-gd2/fc/443db7f81d1014bc8e5d95834698e7.jpg?1644794504,,,Durée totale :2 h 40,Non végétarien,2,20 min,2 h 20,PT2H40M,Bouilli,,5.00,2,8,"1 gros chou pommé | 4 belles carottes | 2 gros oignons | graisse d’oie ou de canard | 4 morceaux de «coustellous» (travers de porc salés) | 2 saucissons de couenne | ½ fond de jambon de pays | ½ saucisse de foie sèche (facultatif) | 1 feuille de laurier | poivre | 2,5 litres d’eau | 750 g de pommes de terre fermes | 4 cuisses (ou 8 manchons) de confit de canard ou d’oie | 1rouzolle | pain rassis pour la soupe | 150 g de cantal rassis et râpé (vieux Bamalou ou Bethmale)"
soupes-et-potees,Lentilles à la dijonnaise,https://www.cuisine-libre.org/lentilles-a-la-dijonnaise,https://www.cuisine-libre.org/local/cache-gd2/68/f8f4a1a1ccbe910f68d0614961533d.jpg?1644795622,Romy,Facile !,Durée totale :40 min,Non végétarien,37,10 min,30 min,PT40M,Mijoté,Sans œuf,5.00,37,4,"500 g de lentilles blondes | 200 g de poitrine fumée | 4 carottes | 3 oignons | 10 clous de girofle | 10 g de beurre | 1 bouquet garni | 2 c. soupe de moutarde forte de Dijon | sel, poivre"
soupes-et-potees,Courgettes au curry,https://www.cuisine-libre.org/courgettes-au-curry,https://www.cuisine-libre.org/local/cache-gd2/4f/1053e8593c26423f7eae954ba35b90.jpg?1644795055,paddy,,Durée totale :15 min,Végétalien (vegan),13,15 min,,PT15M,,"Sans viande, Sans œuf, Sans lactose, Sans gluten",5.00,13,4,2 courgettes | 1 à 2 c. à café de curry | sel | poivre | huile d’olive
soupes-et-potees,Haricots de Lima à la tomate,https://www.cuisine-libre.org/spanish-lima-beans,https://www.cuisine-libre.org/local/cache-gd2/9d/27a0616c16f7517d9955ee1f2d9bcc.jpg?1646499140,Metropolitan Cookbook,,Durée totale :9 h,Végétalien (vegan),,15 min,1 h 30,PT9H45M,,"Sans viande, Sans œuf, Sans lactose, Sans gluten",,,4,"1 tasse de haricots de Lima[*]secs | 2 oignons moyens, hachés | ¼ tasse d’huile | 1 livre (450 g) de tomates | 1 feuille de laurier | ½ c. à café de sel | quelques grains de poivre | 1 c. à café de sucre"
soupes-et-potees,Curry sec de romanesco et pommes de terre au  (...),https://www.cuisine-libre.org/curry-sec-de-romanesco-et-pommes-de-terre-au,https://www.cuisine-libre.org/local/cache-gd2/e3/f06b118a62d8f00fef6dce92f8dc4d.jpg?1644795615,Paniers d’Erquy,,Durée totale :45 min,Végétarien,,15 min,30 min,PT45M,Mijoté,"Sans viande, Sans œuf, Sans gluten",,,6,1 cs de ghee (beurre clarifié) | 1 oignon haché | 1 cc graines de cumin | 1 cs de gingembre râpé finement | 3 gousses d’ail râpées | 2 cc rases de curcuma | 1 chou romanesco détaillé en fleurettes | 500 g de pommes de terre à chair ferme | 1 cc garam masala | 1/2 bouquet de coriandre ciselée | sel
pates-pilafs-et-risottos,Mamaliga (polenta roumaine),https://www.cuisine-libre.org/mamaliga-polenta-roumaine,https://www.cuisine-libre.org/local/cache-gd2/a8/3eb3e40901b66058a439a7bd06540d.jpg?1644794497,,,Durée totale :35 min,Végétarien,2,5 min,30 min,PT35M,Bouilli,"Sans viande, Sans œuf",5.00,2,,2 tasses de semoule (ou farine tamisée) de maïs | 4 à 5 tasses d’eau | sel | beurre
soupes-et-potees,Tajine de dinde aux dattes,https://www.cuisine-libre.org/tajine-de-dinde-aux-dattes,https://www.cuisine-libre.org/local/cache-gd2/5d/79fa03d5ea78dd31b4ec2a35acf0cc.jpg?1644794534,Ja6,,Durée totale :1 h,Non végétarien,2,15 min,45 min,PT1H,Mijoté,"Sans œuf, Sans lactose, Sans gluten",5.00,2,8,1 kg de sauté de dinde | 800 g de patates douces (ou pommes de terre) | 250 g de dattes | 2 oignons | 20 g de pistaches | 2 cuillères à soupe d’huile d’olive | cumin
pates-pilafs-et-risottos,Nouilles chinoises au poulet,https://www.cuisine-libre.org/nouilles-chinoises-au-poulet,https://www.cuisine-libre.org/local/cache-gd2/cf/48449c2298b3ede894909d16a3c949.jpg?1644797893,Bibliotheque RiomCo,,Durée totale :30 min,Non végétarien,8,15 min,15 min,PT30M,Bouilli,"Sans œuf, Sans lactose",5.00,8,2,200 g de blancs de poulet | 200 g de nouilles chinoises | 2 c. à soupe de sauce soja | 1 c. à soupe de sauce nuoc nam | 1 citron vert pressé | 1 gousse d’ail | 1 c. à café de sucre | beurre ou huile | Pour servir | coriandre fraîche | graines de sésame
pates-pilafs-et-risottos,Risotto à la tomate fraiche et poivron jaune,https://www.cuisine-libre.org/risotto-a-la-tomate-fraiche-et-poivron-jaune,https://www.cuisine-libre.org/local/cache-gd2/4a/95d016acb032fd3e4b1274cca0da00.jpg?1644802408,gaelle,,Durée totale :30 min,Végétarien,1,10 min,20 min,PT30M,Mijoté,"Sans viande, Sans œuf, Sans gluten",5.00,1,3,1 oignon | 300 g de riz arborio | 400 g de tomates fraîches | 200 g de poivron jaune | 1 plant de basilic | 600 ml d’eau | 1 cube de bouillon de légume | 1 c a s d huile d’olive | copeaux de parmesan
pates-pilafs-et-risottos,Nouilles soba aux poireaux,https://www.cuisine-libre.org/nouilles-soba-aux-poireaux,https://www.cuisine-libre.org/local/cache-gd2/be/9fd9cf0e639209dff7b51a16c7f44c.jpg?1644794492,Pépin,,Durée totale :30 min,Végétalien (vegan),6,30 min,,PT30M,Bouilli,"Sans viande, Sans œuf, Sans lactose, Sans gluten",5.00,6,2,100 g de nouilles de soba | 2 petits poireaux (ou 1 de taille ordinaire) | ½ c. à café de 4 épices | ¼ c. à café de gingembre en poudre | 1 c. à soupe de sauce soja (peu salée si possible) | 1 c. à soupe d’huile de sésame | graines de sésame noir ou blond | huile de pépins de raisin
pates-pilafs-et-risottos,Mazza frissa,https://www.cuisine-libre.org/mazza-frissa,https://www.cuisine-libre.org/local/cache-gd2/c0/95aa231003c76d47fa6bf52c6aa073.jpg?1644794348,,,Durée totale :10 min,Végétarien,,2 min,8 min,PT10M,Bouilli,"Sans viande, Sans œuf",,,4,500 g de crème de lait (de brebis) légèrement aigre | 50 à 75 g de semoule de blé dur extra fine | ¼ de verre d’eau | 1 pincée de sel
pates-pilafs-et-risottos,Boulgour à la tomate,https://www.cuisine-libre.org/boulgour-a-la-tomate,https://www.cuisine-libre.org/local/cache-gd2/90/29e09f2a99855811c15b59eacadd5e.jpg?1644797955,,Facile !,Durée totale :30 min,Végétarien,,10 min,20 min,PT30M,Bouilli,"Sans viande, Sans œuf, Sans lactose",,,3,1 verre (150 g) de boulgour gros (No3 ou No4) | 2 verres[*]de bouillon de légumes | 2 belles tomates bien mûresou 1 conserve de tomates | 1 oignon | 1 gousse d’ail | 1 c. soupe d’huile d’olive | 1 pincée de sel | 1 pincée de poivre | 1 pincée de cumin | 1 pincée de cannelle
pates-pilafs-et-risottos,Risotto aux petits pois,https://www.cuisine-libre.org/risotto-aux-petits-pois,https://www.cuisine-libre.org/local/cache-gd2/39/cb780a7e44b73d65765d4c59337c5f.jpg?1644795441,SissiDB,,Durée totale :40 min,Végétarien,7,10 min,30 min,PT40M,Mijoté,"Sans viande, Sans œuf",5.00,7,4,"400 g de petits pois | 20 feuilles de basilic | 10 de feuilles de menthe | 1 gros oignon | 2 gousses d’ail | 1 trait de jus de citron | sel | poivre | 50 g de beurre | 150 g de riz rond pour risotto | 100 g de parmesan ou pecorino, de préférence fraîchement rapé"
pates-pilafs-et-risottos,Penne et saumon au pesto d’aneth,https://www.cuisine-libre.org/penne-et-saumon-au-pesto-d-aneth,https://www.cuisine-libre.org/local/cache-gd2/1d/09d4f583c6d887392fdeb4d5a1c7cc.jpg?1644794333,Romy,,Durée totale :25 min,Non végétarien,18,15 min,10 min,PT25M,Bouilli,"Sans viande, Sans lactose",5.00,18,2,250 g de penne rigate | 200 g de saumon frais (ou surgelé) | 20 g d’aneth fraîche | 10 cl d’huile d’olive | 1 gousse d’ail | sel aux herbes (Herbamare)
pates-pilafs-et-risottos,Risotto de fenouil au parmesan,https://www.cuisine-libre.org/risotto-de-fenouil-au-parmesan,https://www.cuisine-libre.org/local/cache-gd2/e7/583c350ac43ea05e6e9dee6163285f.jpg?1644794532,valivalou,,Durée totale :1 h 15,Végétarien,5,45 min,30 min,PT1H15M,Mijoté,"Sans viande, Sans œuf, Sans gluten",5.00,5,4,1 fenouil (ou 2 petits) finement émincé(s) | 30 g de beurre | 1 oignon finement émincé | 250 g de riz arborio ou carneroli | 200 ml de vin blanc | 500 ml de bouillon | 100 g de parmesan fraichement râpé | huile d’olive | persil | poivre | sel
pates-pilafs-et-risottos,Monstre de spaghetti noirs,https://www.cuisine-libre.org/monstre-de-spaghetti-noirs,https://www.cuisine-libre.org/local/cache-gd2/97/a1fa3f593d2a676976377e9a371e16.jpg?1644797254,Pastafari,Facile !,Durée totale :23 min,Non végétarien,3,15 min,8 min,PT23M,Bouilli,,5.00,3,4,400 g de spaghetti noirs à l’encre de seiche | sauce bolognaise | 8 olives noires dénoyautées | sel
pates-pilafs-et-risottos,Bannique indienne (Indian Bannock),https://www.cuisine-libre.org/bannique-indienne-indian-bannock,https://www.cuisine-libre.org/local/cache-gd2/93/af22ae3d425ec89e913a02be3b37c0.jpg?1675608250,Isabel Harris Metcalf,,,Végétarien,,?,,,Four,Sans viande,,,,1 tasse (227 ml) de semoule de maïs | 1 c. à café de sucre | 1 c. à café de sel | 1 pinte (570 ml) de lait bouillant | 2 œufs battus
pates-pilafs-et-risottos,Risotto aux asperges,https://www.cuisine-libre.org/risotto-aux-asperges,https://www.cuisine-libre.org/local/cache-gd2/f6/df3931522b2d763eba4eb397348abe.jpg?1644794949,Romy,,Durée totale :40 min,Végétarien,1,10 min,30 min,PT40M,Mijoté,"Sans viande, Sans œuf, Sans gluten",5.00,1,,250 g de riz arborio | 1 botte d’asperges vertes (ou violettes) plutôt fines | 1/2 oignon blanc | 15 cl de vin blanc (facultatif) | 1 l de bouillon de légumes chaud | 1 cuillère à soupe d’huile d’olive | 25 g de beurre | 50 g de parmesan râpé | poivre blanc
pates-pilafs-et-risottos,"Pâtes aux tomates et épinards, sauce moutarde",https://www.cuisine-libre.org/pates-aux-tomates-et-epinards-sauce-moutarde,https://www.cuisine-libre.org/local/cache-gd2/49/76b0d706b72009d00f6455ebcfdd9f.jpg?1644794332,Citron,,Durée totale :1 h,Végétarien,,20 min,40 min,PT1H,Bouilli,"Sans viande, Sans œuf",,,4,250 g de pâtes complètes | 500 g d’épinards frais | 4 tomates | 1 tofu | 2 cuillères à soupe de moutarde épicée (type S*vora) | 1/2 brique de crème de soja | fromage râpé | huile d’olive
pates-pilafs-et-risottos,Risotto aux courgettes et champignons,https://www.cuisine-libre.org/risotto-aux-courgettes-et-champignons,https://www.cuisine-libre.org/local/cache-gd2/47/5716047ca665f7d453a9cb46b78f47.jpg?1644794454,Bacqué Jean-Luc,,Durée totale :50 min,Végétarien,35,15 min,35 min,PT50M,Mijoté,"Sans viande, Sans œuf, Sans gluten",5.00,35,4,250 g de riz Arborio | 250 g champignons de Paris frais | 1 courgette | 1 oignon | 75 cl d’eau | 2 cubes de bouillon de volaille dégraissé | huile d’olive | sel | poivre
pates-pilafs-et-risottos,Risotto au poireau et saumon fumé,https://www.cuisine-libre.org/risotto-au-poireau-et-saumon-fume,https://www.cuisine-libre.org/local/cache-gd2/6e/368baaec84242021b0d9f4c16627f9.jpg?1644794496,,,Durée totale :50 min,Non végétarien,65,10 min,40 min,PT50M,Mijoté,"Sans viande, Sans œuf, Sans lactose, Sans gluten",4.94,65,4,500 g de poireaux | 5 c. à soupe d’huile d’olive | 2 gousses d’ail | 500 g de riz rond arborio | 30 cl de vin blanc | 1 litre de fond de poisson | 250 g de saumon fumé
pates-pilafs-et-risottos,Dardar dede yemegi,https://www.cuisine-libre.org/dardar-dede-yemegi,https://www.cuisine-libre.org/local/cache-gd2/36/e60322a08027a9af0edf4ea43d92ba.jpg?1644794343,Ja6,,Durée totale :13 h,Végétalien (vegan),3,15 min,45 min,PT13H,,"Sans viande, Sans œuf, Sans lactose",5.00,3,4,"300 g de lentilles vertes | 3 beaux oignons | 200 g de boulghour | 1 cuillère à soupe rase de paprika | 15 cl d’huile d’olive | sel, poivre"
pates-pilafs-et-risottos,Banosh (bouillie de maïs),https://www.cuisine-libre.org/banosh-bouillie-de-mais,https://www.cuisine-libre.org/local/cache-gd2/33/50c3e0fa02d6a5c4254b22daf19513.jpg?1645494943,Gazda Banosh,,Durée totale :50 min,Non végétarien,,20 min,30 min,PT50M,Bouilli,Sans œuf,,,8,"800 ml de crème sure maison bien fraîche | 100 ml d’eau | 200 g de semoule de maïs finement moulue | 200 g de fromage de brebispolonynska bryndzasinon feta | 200 g de salo (couenne de porc)sinon poitrine fumée | 1 petite botte de ciboule | sel, poivre noir moulu"
pates-pilafs-et-risottos,Riz à la menthe poivrée,https://www.cuisine-libre.org/riz-a-la-menthe-poivree,https://www.cuisine-libre.org/local/cache-gd2/45/585ae43b01ff7fdedb6ec014bb00aa.jpg?1679240099,Myth Woodling,,Durée totale :30 min,Végétarien,,15 min,15 min,PT30M,Bouilli,"Sans viande, Sans œuf, Sans gluten",,,,2 c. à soupe de feuilles de menthe poivrée broyées bien tassées(ou 2 c. à café de menthe poivrée séchée écrasée dans un mortier avec 2 c. à soupe de persil frais broyé) | 2 tasses de riz cru | 4 tasses d’eau | ¼ c. à café de sel (au goût) | 2 c. à soupe de beurre | colorant alimentaire vert naturel (si souhaité)
pates-pilafs-et-risottos,Paëlla,https://www.cuisine-libre.org/paella,https://www.cuisine-libre.org/local/cache-gd2/ba/ae4a4a7bf2972e9d6bddb75349fc33.jpg?1644796251,Annie,,Durée totale :1 h 50,Non végétarien,,1 h 30,20 min,PT1H50M,Mijoté,"Sans œuf, Sans lactose, Sans gluten",,,8,"1 poulet | 1 kg de grosses moules d’Espagne | 500 g de blanc de seiche | 8 langoustines | 8 gambas | 3 oignons | 2 gousses d’ail | 200 g de gros haricots verts | 2 poivrons verts | 1 poivron rouge | 4 tomates | 200 g de petits pois écossés | 1 verre d’huile d’olive | 2 g de safran | 300 g de riz à paëlla (bomba) | sel, poivre | 1 grosse boîte de pois chiches"
pates-pilafs-et-risottos,Riz au potiron japonais (Kabocha Gohan),https://www.cuisine-libre.org/riz-au-potiron-japonais-kabocha-gohan,https://www.cuisine-libre.org/local/cache-gd2/e1/9c80745769c89f725ea9d6f5c7c0e7.jpg?1644795499,,Facile !,Durée totale :40 min,Végétalien (vegan),,15 min,25 min,PT40M,Bouilli,"Sans viande, Sans œuf, Sans lactose, Sans gluten",,,6,2 tasses (env. 400 g) de courge kabocha (ou autre potiron) | 2 tasses de riz blanc japonais à grains courts | 2 tasses de bouillon dashi végé | 1 c. soupe de saké ou mirin | 1 c. soupe de sauce soja | 4 gouttes d’huile de sésame (optionnel) | gomasio (sel de sésame)
pates-pilafs-et-risottos,Risotto aux deux champignons,https://www.cuisine-libre.org/risotto-aux-deux-champignons,https://www.cuisine-libre.org/local/cache-gd2/f5/159a3a69127c375997595b1e671320.jpg?1644796437,AMAP de Plaisir,,Durée totale :10 min,Non végétarien,2,10 min,,PT10M,Mijoté,"Sans œuf, Sans gluten",5.00,2,,2 oignons | riz pour rizotto (1 verre par personne) | 1 verre de vin blanc sec | champignons séchés | champignons frais (tous les champignons conviennent) | parmesan râpé | beurre | 1 cube de bouillon de bœuf ou de poule
pates-pilafs-et-risottos,Pilaf express au chorizo,https://www.cuisine-libre.org/pilaf-express-au-chorizo,https://www.cuisine-libre.org/local/cache-gd2/a3/be9e371dd9e048f23dc833e760326a.jpg?1644796437,Gargantua,Facile !,Durée totale :45 min,Non végétarien,23,15 min,30 min,PT45M,Mijoté,"Sans œuf, Sans lactose, Sans gluten",4.83,23,50,4 kg de riz rond à paëlla ou à risotto | 2 kg de saucissons de chorizo doux[*] | 2 kg de carottes | 10 oignons | 10 cubes de bouillon déshydraté de volaille | eau chaude
pates-pilafs-et-risottos,Riz pilaf serbe,https://www.cuisine-libre.org/riz-pilaf-serbe,https://www.cuisine-libre.org/local/cache-gd2/d7/b45539b2d0a348b05ac3541cca9e58.jpg?1644794699,,,Durée totale :1 h,Végétalien (vegan),4,15 min,45 min,PT1H,Bouilli,"Sans viande, Sans œuf, Sans lactose, Sans gluten",5.00,4,4,"1 tasse (env. 250 g) de riz | 2 poivrons de couleurs différentes | 4 à 5 tomates | 1 gros oignon | 2 carottes | 2 à 3 gousses d’ail | 400 ml de bouillon de légumes | sel, poivre, paprika | ½ c. soupe de pâte de piment | ½ botte de persil frais"
pates-pilafs-et-risottos,Donburi d’aubergine fondante caramélisée,https://www.cuisine-libre.org/donburi-d-aubergine-fondante-caramelisee,https://www.cuisine-libre.org/local/cache-gd2/5c/84791326299262ad2525b96c4840b6.jpg?1644795335,Shoko,,,Végétarien,,?,,,,"Sans viande, Sans lactose, Sans gluten",,,2,2 bols de riz cuit à la japonaise | 2 œufs pochés | 1/2 à 1/3 d’aubergine (les françaises sont très grosses…) | 2 à 3 lamelles de gingembre frais | *2 cs sauce soja | *4 cs mirin ou saké avec 1 cc de sucre | fécule de pomme de terre
pates-pilafs-et-risottos,Quinotto aux épices douces,https://www.cuisine-libre.org/quinotto-aux-epices-douces,https://www.cuisine-libre.org/local/cache-gd2/4e/bbcdc11136b54b4eb3a311a9969598.jpg?1644794497,Aromarie,,,Végétalien (vegan),,?,,,Mijoté,"Sans viande, Sans œuf, Sans lactose, Sans gluten",,,,1 mug de quinoa | 2 mugs d’eau | 2 carottes | 1 panais | 1 bulbe de fenouil | 1 oignon haché | 2 gousses d’ail écrasées | 1 c. à soupe de mélange oriental | 1 c. à soupe d’huile d’olive | poivre au moulin | graines mélangées
pates-pilafs-et-risottos,Quinotto vert au gruyère fondant,https://www.cuisine-libre.org/quinotto-vert-au-gruyere-fondant,https://www.cuisine-libre.org/local/cache-gd2/c2/69c4200dc5d1423394b463283a7284.jpg?1644795736,Sofi63200,,Durée totale :40 min,Non végétarien,20,25 min,15 min,PT40M,Mijoté,"Sans viande, Sans œuf, Sans gluten",5.00,20,4,150 g de quinoa | 30 cl de bouillon de volaille | 1 oignon | 20 g de beurre | 100 g de gruyère | 100 g de mascarpone | 30 g de pignons de pin | 1 botte de basilic frais | 1/2 botte d’estragon | 1/2 botte de cerfeuil | sel fin | poivre du moulin
pates-pilafs-et-risottos,Skirlie (pilaf d’avoine),https://www.cuisine-libre.org/skirlie-pilaf-d-avoine,https://www.cuisine-libre.org/local/cache-gd2/fd/0c1d1293d3a942f703e50f57b03e86.jpg?1644797361,,Facile !,Durée totale :15 min,Végétarien,,15 min,,PT15M,,"Sans viande, Sans œuf",,,4,"175 g env. de flocons d’avoine | 1 oignon moyen, haché finement | 50 g de beurre, de saindoux ou de jus de rôti de bœuf | poivre noir fraichement moulu | sel"
pates-pilafs-et-risottos,Pasta alla carbonara,https://www.cuisine-libre.org/pasta-alla-carbonara,https://www.cuisine-libre.org/local/cache-gd2/6f/ffedc68a33cf8c535c4d541699653f.jpg?1644794491,Tamago,,Durée totale :20 min,Non végétarien,86,5 min,15 min,PT20M,Bouilli,,4.90,86,6,"600 g de pâtes italiennes sèches[*]longues : spaghetti, linguine, rigatoni, bucatini… | 6 jaunes d’œuf | 250 g de guanciale (joue de porc) ou pancetta arrotolata affumicata (lard de poitrine roulé et fumé) | 150 g de pecorino romano (ou parmesan) | poivre noir au moulin"
pates-pilafs-et-risottos,Orzotto aux cèpes et courgettes,https://www.cuisine-libre.org/orzotto-aux-cepes-et-courgettes,https://www.cuisine-libre.org/local/cache-gd2/0b/9a5e3e44898619e870477d7badf508.jpg?1644794789,Cristina Tiddia,,Durée totale :1 h,Végétalien (vegan),1,?,1 h,PT1H,,"Sans viande, Sans œuf, Sans lactose",5.00,1,4,250 g d’orge | 400 g de courgettes | 20 g de cèpes séchés | 1 gousse d’ail | 1 petit oignon | 1 petite carotte | 1 brin de persil | 2 c. d’huile | 1 litre env. de bouillon de légumes | 100 g de tomates cerises
pates-pilafs-et-risottos,"Orzo à la courge, champignons et grana padano",https://www.cuisine-libre.org/orzo-a-la-courge-champignons-et-grana-padano,https://www.cuisine-libre.org/local/cache-gd2/02/e9240cfea6c2c6ba87b1300e6dd8ba.jpg?1645753073,Grana Padano Lover,,Durée totale :30 min,Végétarien,1,10 min,20 min,PT30M,Mijoté,"Sans viande, Sans lactose",5.00,1,2,"2 gousses d’ail | 2 oignons jaunes | 1 petite courge butternut (env. 800 g entière) | huile d’olive | 150 g de pâtes orzo | 1 cube de bouillon de légumes | 500 ml d’eau chaude | 60 g de Grana Padano | 200 g de champignons (de Paris, pleurotes, des bois, etc.) | 20 g de noisettes | sauge | sel | poivre"
pates-pilafs-et-risottos,Eryngiis à la crème,https://www.cuisine-libre.org/eryngiis-a-la-creme,https://www.cuisine-libre.org/local/cache-gd2/b5/46bd87cd4e8aad036f767e26c5fba9.jpg?1644795697,Cédric,,Durée totale :20 min,Non végétarien,49,5 min,15 min,PT20M,Mijoté,"Sans viande, Sans œuf",5.00,49,2,"150 g de nouilles udon (ou spaghettis plats) | 3 eryngiis (soit 300 g env.) | 1 c.café de graisse de canard | 1 échalote | 10 cl de crème | 1 pointe de piment de Cayenne | sel, poivre"
pates-pilafs-et-risottos,Pappardelle à la roquette et au citron sur lit de  (...),https://www.cuisine-libre.org/pappardelle-a-la-roquette-et-au-citron-sur-lit-de-dinde,https://www.cuisine-libre.org/local/cache-gd2/d2/c919dc120784ec147f5b0fcaa1afad.jpg?1644803085,Nini,,Durée totale :48 min,Non végétarien,18,30 min,18 min,PT48M,Bouilli,Sans lactose,5.00,18,4,"4 escalopes de dinde | 240 g de pappardelles (ou pâtes de votre choix!) | 30 g de roquette | 40 g de pignons de pin | 2 cs de miel | 1 citron ( jus d’un citron + zeste d’une moitié) | 9 cs d’huile d’olive | Basilic frais | Grana padano | 1 poignée de fleur de sel de Guérande | Sel, poivre."
pates-pilafs-et-risottos,Riz & réduction d’ail d’ours,https://www.cuisine-libre.org/riz-reduction-d-ail-d-ours,https://www.cuisine-libre.org/local/cache-gd2/3f/4f19a7a32bec59ca0505c4745fe5bd.jpg?1644795955,Fred Radeff,,Durée totale :25 min,Végétalien (vegan),,10 min,15 min,PT25M,Bouilli,"Sans viande, Sans œuf, Sans lactose, Sans gluten",,,2,"100 g riz bio à grain rond (j’avais du Markal) | 2 cs huile de tournesol bio moldave de contrebande | une poignée d’ail d’ours lavé | sel, poivre | un piment rouge turc séché"
pates-pilafs-et-risottos,Risotto au fenouil,https://www.cuisine-libre.org/risotto-au-fenouil,https://www.cuisine-libre.org/local/cache-gd2/79/4c02c4df66ffd6c3fa68f34b2dca81.jpg?1644794533,Alexanne,,Durée totale :1 h 10,Végétalien (vegan),16,45 min,25 min,PT1H10M,Mijoté,"Sans viande, Sans œuf, Sans lactose, Sans gluten",5.00,16,3,200 g de riz rond (Arborio ou Carnaroli) | 1 gros oignon | 75 cl de bouillon | 10 cl de vin blanc | 1 fenouil | huile d’olive
pates-pilafs-et-risottos,Spaghetti aux boulettes de viande,https://www.cuisine-libre.org/spaghetti-aux-boulettes-de-viande,https://www.cuisine-libre.org/local/cache-gd2/71/a98672f50bf07f3f26a8d08e2cf2bc.jpg?1644794348,Pastafari,,Durée totale :1 h 30,Non végétarien,4,30 min,1 h,PT1H30M,Bouilli,,5.00,4,4,"400 g de spaghetti | Pour les boulettes : | 400 g de viande de bœuf hachée | 50 ml de lait | 1 œuf | 25 g de parmesan | 25 g de chapelure | 2 gousses d’ail | 1 oignon | 1 c. à soupe de persil haché | huile d’olive | sel, poivre | Pour la sauce : | 2 gousses d’ail | 1 oignon | 2 c. à soupe de concentré de tomate | 2 feuilles de laurier | 1 c. à soupe d’origan séché | 1 grosse boîte de tomates pelée au jus"
pates-pilafs-et-risottos,Riz aux saucisses chinoises,https://www.cuisine-libre.org/riz-aux-saucisses-chinoises,https://www.cuisine-libre.org/local/cache-gd2/a9/54196f8bbd0f192774ac51b29d1f2c.jpg?1644794948,Romy,Facile !,Durée totale :25 min,Non végétarien,1,5 min,20 min,PT25M,Bouilli,"Sans œuf, Sans lactose, Sans gluten",5.00,1,2,"1 verre de riz thaïlandais | 2,5 verre d’eau | 2 saucisses chinoises Lap Cheong[*] | oignon frit séché (facultatif) | vert d’oignon haché (facultatif)"
pates-pilafs-et-risottos,Nouilles aux cacahuètes,https://www.cuisine-libre.org/nouilles-aux-cacahuetes,https://www.cuisine-libre.org/local/cache-gd2/b3/26158c9c1598cde927e59a933eaa7d.jpg?1644797893,Romy,,Durée totale :30 min,Non végétarien,12,15 min,15 min,PT30M,Mijoté,"Sans œuf, Sans lactose",4.67,12,3,250 g de nouilles udon (sinon spaghettis plats) | 100 g de viande de porc | 50 g de cacahuètes | 1 oignon | 3 gousses d’ail | 1 morceau de gingembre | 1 c. à soupe de sucre en poudre | 3 c. à soupe de sauce soja | sel et poivre
pates-pilafs-et-risottos,Soba complètes à la bretonne,https://www.cuisine-libre.org/soba-completes-a-la-bretonne,https://www.cuisine-libre.org/local/cache-gd2/f9/114f2e830fc224c91940cc0086a683.jpg?1644857622,Pépin,,Durée totale :20 min,Non végétarien,7,5 min,15 min,PT20M,Bouilli,,5.00,7,3,3 portions de nouilles soba[*] | 3 œufs | 150 g de jambon blanc | emmental râpé | poivre
pates-pilafs-et-risottos,Riz aux lentilles (mujaddara),https://www.cuisine-libre.org/riz-aux-lentilles-mujaddara,https://www.cuisine-libre.org/local/cache-gd2/78/5329e9cb9a1183d71f51af91c682df.jpg?1644794341,,,Durée totale :40 min,Végétalien (vegan),7,10 min,30 min,PT40M,,"Sans viande, Sans œuf, Sans lactose, Sans gluten",5.00,7,4,"300 g de lentilles vertes ou brunes | 300 g de riz basmati | 400 g d’oignon | 1 verre d’huile d’olive | épices (facultatif) : cumin, cannelle, curcuma… | 350 ml d’eau"
pates-pilafs-et-risottos,Riz furikake au saumon,https://www.cuisine-libre.org/riz-furikake-au-saumon,https://www.cuisine-libre.org/local/cache-gd2/25/d1f5a3f895a280fff43fa45de6cfcf.jpg?1644799668,Romy,,Durée totale :20 min,Non végétarien,,5 min,15 min,PT20M,,"Sans viande, Sans œuf, Sans lactose, Sans gluten",,,2,"2 pavés (240 g) de saumon | 1 tasse de riz rond japonais | 1,5 tasse d’eau ou de bouillon dashi | 1 pincée de spiruline | 1 c. à café de furikake"
pates-pilafs-et-risottos,Spaghetti à la moelle et à la sauge,https://www.cuisine-libre.org/spaghetti-a-la-moelle-et-a-la-sauge,https://www.cuisine-libre.org/local/cache-gd2/46/7067b611822a921bf3d56d4f6d48bc.jpg?1644794295,Ja6,,Durée totale :30 min,Non végétarien,1,15 min,15 min,PT30M,Four,,5.00,1,,300 g de spaghetti | 2 cuillères à soupe d’huile d’olive | 50 g de beurre | 2 feuilles de sauge fraîche | 1 cuillère à soupe de parmesan - râpé | 4 os à moelle | 2 noix de beurre | Sel & poivre
pates-pilafs-et-risottos,Chou au riz,https://www.cuisine-libre.org/chou-au-riz,https://www.cuisine-libre.org/local/cache-gd2/b0/2e5453af5ab4fd18562923ab693aeb.jpg?1650798788,Jadjay,,Durée totale :1 h 30,Non végétarien,,20 min,1 h,PT1H30M,,"Sans œuf, Sans lactose, Sans gluten",,,1,"½ chou (blanc de préférence) | 2 poireaux éventuellement | 2 oignons | 25 cl d’huile d’olive (meilleur)ou 50 g de beurre | riz (quantité en fonction de l’eau) | sel, poivre | herbes de Provence, ciboulette ou autre, selon vos goûts | viande éventuellement : lardons ou émincé de poulet (évitez le bœuf) sinon fond de veauou équivalents végétaux | 50 cl de Viognier (vin blanc)"
pates-pilafs-et-risottos,Riz aux calmars,https://www.cuisine-libre.org/riz-aux-calmars,https://www.cuisine-libre.org/local/cache-gd2/6c/90fe73d28f589fa2349e121df41381.jpg?1679239430,,,Durée totale :40 min,Non végétarien,,10 min,30 min,PT40M,,"Sans viande, Sans œuf, Sans lactose, Sans gluten",,,,1 Kg de calmars | 1 oignon finement haché | 3 tomates ou 1 tasse de chair de tomates | 1 tasse de riz | 3 tasses d’eau chaude | ½ tasse d’huile | sel
pates-pilafs-et-risottos,Risotto aux crevettes,https://www.cuisine-libre.org/risotto-aux-crevettes,https://www.cuisine-libre.org/local/cache-gd2/da/09da51e4dfb1414083f040060e882b.jpg?1644795130,Ninia48,,Durée totale :38 min,Non végétarien,27,20 min,18 min,PT38M,Mijoté,"Sans viande, Sans œuf, Sans gluten",5.00,27,3,"200 g de riz Arborio ou Carnaroli | 150 à 200 g de crevettes roses cuites | 1 oignon gris | huile d’olive | bouillon de volaille | 3 cuillères à soupe de crème fraîche épaisse | sel, poivre | zestes de citron ou quelques grains de poivre Timut du Népal[*] | 2 brins de persil frais"
pates-pilafs-et-risottos,Tagliatelles tout-carotte,https://www.cuisine-libre.org/tagliatelles-tout-carotte,https://www.cuisine-libre.org/local/cache-gd2/44/eac76637eb587aed9e372ac68e09c3.jpg?1644794248,AMAP de Plaisir,,Durée totale :1 h,Végétarien,2,20 min,40 min,PT1H,Vapeur,"Sans viande, Sans œuf, Sans gluten",5.00,2,4,"1 botte de carottes nouvelles avec leurs fanes | 100 g de nouilles de riz | 100 g de noisettes décortiquées | 100 g de parmesan râpé | 6 cuillères à café d’huile d’olive | sel, poivre"
pates-pilafs-et-risottos,Pâtes aux tellines,https://www.cuisine-libre.org/pates-aux-tellines,https://www.cuisine-libre.org/local/cache-gd2/22/f2108e7616f115fd38c240a658de89.jpg?1644797891,robert,,Durée totale :2 h,Non végétarien,10,1 h,1 h,PT2H,Bouilli,Sans viande,5.00,10,4,"300 g de tellines | 500 g de spaghettis | 5-6 tomates mûres (ou une boîte de tomates pelées) | 1 gousse d’ail | persil haché | sel, poivre | huile d’olive"
pates-pilafs-et-risottos,Nouilles au corned-beef,https://www.cuisine-libre.org/nouilles-au-corned-beef,https://www.cuisine-libre.org/local/cache-gd2/5f/11a2854754afe439a89154047006a7.jpg?1644795764,Asr,Facile !,Durée totale :10 min,Non végétarien,28,3 min,7 min,PT10M,Mijoté,Sans lactose,5.00,28,4,"1 boite de corned-beef | 1 petite boite de concentré (ou de coulis) de tomates | 1 oignon | 1 verre de vin blanc | 500 g de pâtes (spaghettis…) | 1 cuillère de gras (huile d’olive, beurre…)"
pates-pilafs-et-risottos,"Polenta au kale, sauce tomate et haricots (...)",https://www.cuisine-libre.org/polenta-au-kale-sauce-tomate-et-haricots-rouges,https://www.cuisine-libre.org/local/cache-gd2/2f/83ea83c75c6caf2acd7e101179f0e9.jpg?1644794497,La Table Verte,,Durée totale :30 min,Végétalien (vegan),,15 min,15 min,PT30M,,"Sans viande, Sans œuf, Sans lactose, Sans gluten",,,,"2 CC d’huile de coco | ½ CC d’origan séché | ¼ CC de piment en poudre ou en flocons | 1 petit oignon jaune | 1 gousse d’ail | 1 boite de tomates concassées de 400 g (ou l’équivalent en tomates fraiches) | 1 CC de sucre de canne | 1 poignée de haricots rouges cuits (maisons ou en boite) | 100 g de kale | 120 g de polenta instantanée | sel, poivre"
pates-pilafs-et-risottos,Bouillie de sarrasin,https://www.cuisine-libre.org/bouillie-de-sarrasin,https://www.cuisine-libre.org/local/cache-gd2/7d/ead94710303bdd2ea1d5d41b9b70da.jpg?1644794261,Wikimanche,,Durée totale :15 min,Végétarien,,5 min,10 min,PT15M,Bouilli,"Sans viande, Sans œuf",,,12,2 litres de lait entier | 1 litre d’eau | 1 livre de farine de sarrasin | 50 g de farine de blé | 1 pincée de sel
pates-pilafs-et-risottos,Tagliatelles de courgettes à la bolognaise,https://www.cuisine-libre.org/tagliatelles-de-courgettes-a-la-bolognaise,https://www.cuisine-libre.org/local/cache-gd2/c6/e83dbc2d74b65dc45939659187d5dd.jpg?1644794493,,,Durée totale :55 min,Non végétarien,37,10 min,45 min,PT55M,Mijoté,"Sans œuf, Sans gluten",5.00,37,2,"3 petites courgettes | 500 g de bœuf haché | 2 tomates | 1 carotte | 1 oignon | 2 gousses d’ail | 1 petite boîte de concentré de tomate | 1 cube de bouillon de légumes | thym séché | sel, poivre | 1 c.soupe d’huile d’olive | parmesan fraîchement râpé"
pates-pilafs-et-risottos,Boulghour aux champignons,https://www.cuisine-libre.org/boulghour-aux-champignons,https://www.cuisine-libre.org/local/cache-gd2/96/1adcd4e49591d2a424faaf3e4b967a.jpg?1644800141,Ja6,,Durée totale :35 min,Végétalien (vegan),,15 min,20 min,PT35M,Bouilli,"Sans viande, Sans œuf, Sans lactose",,,5,300 g de boulghour | 200 g de champignons | 1 gros oignon | 1 grosse tomate | 1 poivron vert | 2 bottes d’oignons nouveaux | 1 bouquet de basilic | 775 cl d’eau | 60 g de beurre | Sel & poivre
pates-pilafs-et-risottos,Risotto aux champignons,https://www.cuisine-libre.org/risotto-aux-champignons,https://www.cuisine-libre.org/local/cache-gd2/e1/63ee9f029bd04bb184b0ae0837f098.jpg?1644794688,Siméon,,Durée totale :20 min,Végétalien (vegan),2,5 min,15 min,PT20M,,"Sans viande, Sans œuf, Sans lactose, Sans gluten",5.00,2,4,"2 verres de riz rond | 200 g champignons de Paris | 1 oignon moyen | 1/2 verre de vin blanc | 3 à 4 verres d’eau | 3 cuillères à soupe d’huile d’olive | sel, poivre"
pates-pilafs-et-risottos,Poulpes aux macarona,https://www.cuisine-libre.org/poulpes-aux-macarona,https://www.cuisine-libre.org/local/cache-gd2/94/a7135765fc3be3e8316919468acf93.jpg?1644796904,Ja6,,Durée totale :1 h 20,Non végétarien,2,30 min,50 min,PT1H20M,Bouilli,Sans viande,5.00,2,6,1 kg de poulpe | 10 cl de vin blanc | 20 oignons | 3 gousses d’ail | 600 g de concassée de tomates | 1 bâton de cannelle | 15 grains de poivre noir | 16 cl d’huile d’olive | 1/2 botte de persil | 500 g de «macaronia» coupés grecs | Sel & poivre blanc moulu
pates-pilafs-et-risottos,Tagliatelles de carottes au cumin et aux  (...),https://www.cuisine-libre.org/tagliatelles-de-carottes-au-cumin-et-aux,https://www.cuisine-libre.org/local/cache-gd2/44/eac76637eb587aed9e372ac68e09c3.jpg?1644794248,martensite,,Durée totale :50 min,Végétalien (vegan),1,20 min,30 min,PT50M,Mijoté,"Sans viande, Sans œuf, Sans lactose, Sans gluten",5.00,1,4,5 à 8 carottes | 1 poignée de raisins secs | 1 ou 2 gousses d’ail | graines de cumin | coriandre fraiche
pates-pilafs-et-risottos,Matar pulao,https://www.cuisine-libre.org/matar-pulao,https://www.cuisine-libre.org/local/cache-gd2/69/8a5fb14e08d4bc9fa8e8d7f6fc4736.jpg?1644797660,,,,Végétarien,1,?,,,Bouilli,"Sans viande, Sans œuf, Sans gluten",5.00,1,,1 tasse rase de riz basmati | ¾ tasse de petits pois de préférence frais | ½ tasse d’oignons finement coupés | 2 à 3 c. à soupe d’huile végétale ou de beurre clarifié (ghee) | 2 à 2½ tasses d’eau pour cuisiner dans une casserole | sel à votre convenance | Épices entières | 1 c. à café de graines de cumin | un petit morceau de cannelle | 1 cardamome noire | 1 ou 2 cardamomes vertes | 2 à 3 clous de girofle | 2 branches de macis | 1 feuille de laurier de taille moyenne
pates-pilafs-et-risottos,Riz aux noix de cajou,https://www.cuisine-libre.org/riz-aux-noix-de-cajou,https://www.cuisine-libre.org/local/cache-gd2/12/daa389fd04f43439baa843d83e4507.jpg?1644796003,,,Durée totale :30 min,Végétarien,,10 min,20 min,PT30M,Bouilli,"Sans viande, Sans œuf, Sans gluten",,,2,1 tasse de riz basmati et/ou pishori | 2 tasses d’eau | 100 g de noix de cajou | 100 g de raisins secs | 1 oignon | ghee (beurre clarifié) | 1 pincée de sel
pates-pilafs-et-risottos,Risotto aux Saint-Jacques,https://www.cuisine-libre.org/risotto-aux-saint-jacques,https://www.cuisine-libre.org/local/cache-gd2/5d/c986ae1f92ae6710f69e77a6ed21cb.jpg?1644797831,Loloinfo,,Durée totale :40 min,Non végétarien,19,15 min,20 min,PT40M,Mijoté,"Sans viande, Sans œuf, Sans gluten",5.00,19,6,400 g de riz rond blanc à risotto (Arborio) | 2 petit oignons | 2 carottes | 2 poireaux | 500 g de noix de Saint-Jacques | 16 petites noix de Saint-Jacques avec leur corail | 20 cl de vin blanc | 20 cl de crème fraiche à 30% | 50 g de beurre très froid | 2 cubes de bouillon de volaille | 100 g de parmesan | 5 cl Huile d’olive
pates-pilafs-et-risottos,Tagliatelles aux noix de Saint-Jacques,https://www.cuisine-libre.org/tagliatelles-aux-noix-de-saint-jacques,https://www.cuisine-libre.org/local/cache-gd2/2b/541948ce1125ba62ff7ba5aa4b149b.jpg?1644794492,,,Durée totale :45 min,Non végétarien,21,30 min,15 min,PT45M,Bouilli,"Sans viande, Sans œuf",5.00,21,4,"400 g de tagliatelles fraîches | 1 poireau | 50 g de beurre | 180 g de noix de Saint-Jacques | 6 cuillères à soupe de vin blanc sec (facultatif) | 4 brindilles d’aneth | sel, poivre au moulin"
pates-pilafs-et-risottos,"Orecchiette sauce au thon, citron et câpres",https://www.cuisine-libre.org/orecchiette-sauce-au-thon-citron-et-capres,https://www.cuisine-libre.org/local/cache-gd2/71/cea7d2acd479afedd8e1d8042e0cd0.jpg?1644797892,Ja6,,,Non végétarien,,?,,,,Sans viande,,,4,500 g d’orecchiette | 30 g de beurre | 1 gousse d’ail | 1 oignon - finement haché | 425 g de thon au naturel (en boite) - égoutté | 2 cuillère à soupe de jus de citron | 25 cl de crème fraîche liquide | 2 cuillères à soupe de persil plat - haché | 1 cuillère à soupe de câpres - égouttées | 1 pincée de poivre de Cayenne - facultativement…
pates-pilafs-et-risottos,Orzotto d’asperges au chèvre,https://www.cuisine-libre.org/orzotto-d-asperges-au-chevre,https://www.cuisine-libre.org/local/cache-gd2/3d/5224ab4737ef4fc10cb8dbb1479935.jpg?1644794791,Chiara Gavioli,,Durée totale :40 min,Végétarien,,?,40 min,PT40M,Mijoté,"Sans viande, Sans œuf",,,2,140 g d’orge décortiqué ou perlé | 1 gros bouquet d’asperges | 1 oignon de printemps | 1 morceau de chèvre frais vieilli | bouillon | vin blanc | 1 c. à café de fécule de pomme de terre | basilic frais | huile d’olive extra vierge | sel et poivre
pates-pilafs-et-risottos,Riz rouge au mouron blanc,https://www.cuisine-libre.org/riz-rouge-au-mouron-blanc,https://www.cuisine-libre.org/local/cache-gd2/b6/0fd2ad62260a40c5c970d1febfd896.jpg?1707127238,Le Goût des Plantes,,,Végétalien (vegan),,?,,,,"Sans viande, Sans œuf, Sans lactose, Sans gluten",,,4,"150 g de riz | 4 bonnes poignées de mouron blanc | 1 betterave rouge | sel, poivre, glutamate de sodium[*]"
pates-pilafs-et-risottos,Coquillettes au jambon,https://www.cuisine-libre.org/coquillettes-au-jambon,https://www.cuisine-libre.org/local/cache-gd2/3b/5c1446dfcc2454a6b27be2c873f4de.jpg?1644797253,,Facile !,Durée totale :10 min,Non végétarien,,5 min,5 min,PT10M,Bouilli,,,0,4,400 g de coquillettes (ou autres petites pâtes courtes) | 200 g (ou 4 tranches) de jambon blanc cuit à l’os | 50 g de fromage râpé (facultatif) | 50 g de beurre | sel | poivre
pates-pilafs-et-risottos,Linguine aux anchois et aux câpres,https://www.cuisine-libre.org/linguine-aux-anchois-et-aux-capres,https://www.cuisine-libre.org/local/cache-gd2/65/71b190fee0ee978c61817e8b30e4b8.jpg?1644797892,Ja6,,,Non végétarien,2,?,,,Bouilli,"Sans viande, Sans lactose",5.00,2,4,500 g de linguine | 2 cuillères à soupe d’huile d’olive | 2 gousse d’ail - écrasées | 2 tomates mûres - pelées puis hachées | 3 cuillères à soupe de câpres | 75 g d’olive noires - finement hachées | 50 g d’olives vertes - finement hachées | 7 cl de vin blanc sec | 3 cuillères à soupe de persil ou de basilic - frais haché | 90 g d’anchois en boite - égoutté puis haché
pates-pilafs-et-risottos,Soba aux shiitakes et oignons frais,https://www.cuisine-libre.org/nouilles-soba-aux-shiitakes-et-oignons-frais,https://www.cuisine-libre.org/local/cache-gd2/87/08faefeca70a1fd655aed625ec80e6.jpg?1644794493,Romy,,Durée totale :20 min,Non végétarien,3,10 min,10 min,PT20M,Bouilli,"Sans viande, Sans œuf, Sans lactose, Sans gluten",5.00,3,3,250 g de nouilles soba | 300 g de shiitake frais | 2 negi (ciboule)ou oignons nouveaux | 2 c. café de graines de sésame | Sauce | 2 gousses d’ail | 1 morceau de gingembre frais | 3 c. soupe de sauce soja tamari | 2 c. soupe de nuoc-mâm | 1 c. soupe de jus de citron vert | 1 c. soupe d’huile de sésame
pates-pilafs-et-risottos,Riz basmati,https://www.cuisine-libre.org/riz-basmati-louis,https://www.cuisine-libre.org/local/cache-gd2/ed/a66231e5e9501b009d95c7c0207077.jpg?1644794957,Louis Tarpin,,Durée totale :25 min,Végétalien (vegan),3,5 min,15 min,PT25M,Bouilli,"Sans viande, Sans œuf, Sans lactose, Sans gluten",5.00,3,1,1 petit verre[*]de riz basmati | 1 petit verre et demi d’eau | 1 pincée de sel | ½ bâton de cannelle | ½ anis étoilé | 3 clous de girofle | 5 à 6 gousses de cardamome | 15 à 20 graines de coriandre | huile végétale neutre
pates-pilafs-et-risottos,Risotto alla milanese,https://www.cuisine-libre.org/risotto-alla-milanese,https://www.cuisine-libre.org/local/cache-gd2/4d/ffe4a2f6d3b1bfd819de572db7dac1.jpg?1644794545,Ja6,,,Non végétarien,1,?,,,Mijoté,"Sans œuf, Sans gluten",5.00,1,6,500 g de riz rond arborio ou carnaroli voire vialone nano | 4 tablettes de bouillon de volaille | 13 cl de vin c sec | 2 oignons | 40 + (80 g de beurre ou 3 cuillères à soupe de crème) fraîche | 1 pincée de safran en filaments : ± 6 pistils | 100 g de parmesan fraîchement râpé | Sel
pates-pilafs-et-risottos,« Carbonara » automnale aux poireaux,https://www.cuisine-libre.org/carbonara-automnale-aux-poireaux,https://www.cuisine-libre.org/local/cache-gd2/0f/7214cfdd9b357292e93a9419aaeba2.jpg?1762000994,Open_Sus,,Durée totale :30 min,Végétarien,,10 min,20 min,PT30M,Bouilli,Sans viande,,,6,"500 g de pâtes | 400 mL de crème fraiche | 500 g de poireaux (1 poireau de belle taille) | [Optionnel] 200 g de lard ou de lardons | 2-5 échalotes | poivre, sel | huile d’olive | parmesan"
pates-pilafs-et-risottos,Pâtes de mais à la saucisse épicée,https://www.cuisine-libre.org/pates-au-mais-et-saucisse-epicee,https://www.cuisine-libre.org/local/cache-gd2/c2/071642e527fd256cf04e6cc071b2e5.jpg?1644804375,Cerisebleue,,,Non végétarien,,?,,,,Sans gluten,,,2,tagliatelles de mais | 1 poivron | 1 grosse saucisse épicée à l’italienne | ½ oignon rouge | 2 gousses d’ail | thym frais | 1 boîte de tomates concassées
pates-pilafs-et-risottos,Riz aux fruits de mer à la tomate,https://www.cuisine-libre.org/riz-aux-fruits-de-mer-a-la-tomate,https://www.cuisine-libre.org/local/cache-gd2/25/a947ec2ccf90b0724a594609ff357b.jpg?1644802053,,Facile !,Durée totale :30 min,Non végétarien,,15 min,15 min,PT30M,,"Sans viande, Sans œuf, Sans gluten",,,4,"400 g de fruits de mers divers (surgelés) : moules, coquillages, calamar… | 200 g de sauce tomate | 1 oignon haché | 1 gousse d’ail écrasée | 2 verres de riz | huile d’olive | persil frais | poivre"
pates-pilafs-et-risottos,Pâtes au citron,https://www.cuisine-libre.org/pates-au-citron,https://www.cuisine-libre.org/local/cache-gd2/be/6086f3f47c5df5629239348f70700b.jpg?1644794513,aude_v,Facile !,Durée totale :30 min,Végétarien,,10 min,20 min,PT30M,Bouilli,"Sans viande, Sans œuf",,,,"4 citrons (zestes + 1 jus) | 20 cl de crème fraîche | 20 g de beurre | 100 g de parmesan ou fromage à pâte dure italien (grana padano, pecorino) | thym | pâtes torsadées fusilli ou coquillettes"
enfournez,Tian de Caromb,https://www.cuisine-libre.org/tian-de-caromb,https://www.cuisine-libre.org/local/cache-gd2/77/0dfbf0c5ee7af7215665a1aac0aec6.jpg?1644794342,Produits du terroir,,Durée totale :11 h,Non végétarien,2,30 min,3 h 10,PT11H40M,Four,"Sans œuf, Sans lactose, Sans gluten",5.00,2,,"un train de côtes de porc, de carré de porc pris dans l’échine ou de côtes secondes | en quantité égale, des haricots secs de Caromb sinon des cavaillonnais[*] | des oignons | du petit salé | de la graisse d’oie ou de canard | un bouquet de sauge | de l’huile d’olive | du sel et du poivre"
pates-pilafs-et-risottos,Pilaf de riz brun aux pignons grillés,https://www.cuisine-libre.org/pilaf-de-riz-brun-aux-pignons-grilles,https://www.cuisine-libre.org/local/cache-gd2/88/b07183561bcdad62b2aaa43dea58f1.jpg?1644799176,La Coupe des Fées,,Durée totale :55 min,Végétalien (vegan),1,10 min,45 min,PT55M,Mijoté,"Sans viande, Sans œuf, Sans lactose, Sans gluten",5.00,1,,"1,5 tasse de riz brun long grain | 3 tasses de bouillon de légumes (ou d’eau) | 1 oignon moyen émincé | 2 c. à soupe d’huile d’olive | ½ c. à café de cumin en graines | poivre noir, au goût | ¼ de tasse de pignons de pin | 1 c. à soupe de persil émincé"
pates-pilafs-et-risottos,Gnocchi aux noisettes,https://www.cuisine-libre.org/gnocchis-aux-noisettes,https://www.cuisine-libre.org/local/cache-gd2/25/1a76c3f201d62c0c636d26740555c3.jpg?1644795784,Psychopathes Associés,,,Non végétarien,2,?,,,Bouilli,,5.00,2,,gnocchis | huile de noisette | une dizaine de noisettes | parmesan rapé | basilic en feuille | 100 g de lardons fumés
enfournez,Betteraves rôties à l’estragon,https://www.cuisine-libre.org/betteraves-roties-a-l-estragon,https://www.cuisine-libre.org/local/cache-gd2/2f/3e1c8b319658cced67f0731eb4bf67.jpg?1644795473,Romy,,Durée totale :1 h 05,Végétalien (vegan),46,25 min,40 min,PT1H5M,Four,"Sans viande, Sans œuf, Sans lactose, Sans gluten",4.89,46,4,"4 à 5 betteraves rouges crues | 1 botte d’oignons blancs | 4 c. soupe d’huile d’olive extra vierge | ½ citron pressé | 1 c. soupe de jus de pommes | ½ botte d’estragon | sel, poivre"
enfournez,Patates douces rôties au miel,https://www.cuisine-libre.org/patates-douces-roties-au-miel,https://www.cuisine-libre.org/local/cache-gd2/5f/3d983609da86c7ce72d54da47ebf92.jpg?1644794531,USDA,,Durée totale :55 min,Végétarien,2,15 min,40 min,PT55M,Four,"Sans viande, Sans œuf, Sans lactose, Sans gluten",5.00,2,9,2 lb (1 kg) de patates douces | 2 c. à soupe d’huile d’olive | 2 c. à soupe de miel | 1 c. à café de cannelle | 1 c. à café de piment
enfournez,Tian de haricots de Beaumes de Venise,https://www.cuisine-libre.org/tian-de-haricots-de-beaumes-de-venise,https://www.cuisine-libre.org/local/cache-gd2/cf/ad62f6bc27abe9617acbdff0ad8228.jpg?1644794349,Produits du terroir,,Durée totale :12 h,Non végétarien,3,?,,PT12H,Four,"Sans œuf, Sans lactose, Sans gluten",5.00,3,,1 kg de porc frais | 300 g de haricots cavaillonnais en grain | gousses d’ail | 2 oignons | 3 tomates | feuilles de sauge | huile d’olive | sel et poivre
enfournez,Gratin de chou à l’italienne,https://www.cuisine-libre.org/gratin-de-chou-a-l-italienne,https://www.cuisine-libre.org/local/cache-gd2/83/2d717b5093f6182e58c60dfe86ef15.jpg?1644794502,,,Durée totale :55 min,Non végétarien,,15 min,40 min,PT55M,Four,"Sans œuf, Sans gluten",,,4,"1 chou frisé de Milan | 400 g env. de tomates concassées | 400 g de viande hachée | ½ citron pressé | 5 graines de cumin | 50 g de fromage râpé mozzarella | 1 feuille de laurier | sel, poivre"
enfournez,Œufs cocotte aux épinards,https://www.cuisine-libre.org/oeufs-cocotte-aux-epinards,https://www.cuisine-libre.org/local/cache-gd2/ee/8ff09bf3442d95404c96d9738f2d08.jpg?1644794507,Tamago,Facile !,Durée totale :25 min,Non végétarien,27,10 min,15 min,PT25M,Four,"Sans viande, Sans gluten",5.00,27,4,"4 œufs | 300 g d’épinards frais (ou une petite boîte) | 2 tranches de jambon blanc | 4 c. à café de crème fraîche | 4 c. à café de parmesan râpé | sel, poivre et paprika"
enfournez,Gratin de chou-fleur,https://www.cuisine-libre.org/gratin-de-chou-fleur,https://www.cuisine-libre.org/local/cache-gd2/c8/6938c3f0bfb0061a42007acba5a171.jpg?1644794261,Romy,,Durée totale :40 min,Végétarien,54,10 min,30 min,PT40M,Four,"Sans viande, Sans œuf, Sans gluten",5.00,54,4,"1 gros chou-fleur (env. 800 g) | 4 pommes de terre (facultatif) | 25 cl de crème soja (ou de béchamel) | 60 g de fromage râpé (comté, gouda ou parmesan) | muscade râpée (facultatif) | sel, poivre"
enfournez,Pommes d’or à la coque,https://www.cuisine-libre.org/pommes-d-or-a-la-coque,https://www.cuisine-libre.org/local/cache-gd2/ce/6370fd1641ab512e5c130c275755cd.jpg?1644802747,Blogbio,,Durée totale :35 min,Végétarien,1,15 min,20 min,PT35M,Four,"Sans viande, Sans gluten",5.00,1,4,4 petites pommes d’or | 4 œufs extra-frais et bio | 30 g de fromage de chèvre frais
enfournez,Cocottes saumonées aux poireaux,https://www.cuisine-libre.org/cocottes-saumonees-aux-poireaux,https://www.cuisine-libre.org/local/cache-gd2/f3/2472db587eb11f1839219ef89967e6.jpg?1644795556,Romy,,Durée totale :45 min,Non végétarien,24,25 min,20 min,PT45M,Four,Sans viande,5.00,24,9,6 poireaux | 300 g de saumon fumé | 2 œufs | 25 cl de crème soja | 1/2 citron pressé | 1 c. à café de sauce nuoc nam | 1 c. à soupe d’aneth ciselé | 1 pincée de muscade | 1 pincée de poivre | 60 g de parmesan râpé
enfournez,Courge spaghetti au Comté,https://www.cuisine-libre.org/courge-spaghetti-au-comte,https://www.cuisine-libre.org/local/cache-gd2/25/376c52fc6ae10b3db1545be54e6c0a.jpg?1644795459,Mon AMAP,,Durée totale :1 h 20,Végétarien,25,20 min,1 h,PT1H20M,Four,"Sans viande, Sans œuf, Sans gluten",5.00,25,4,courge spaghetti d’environ 1kg | 200 g de comté | 2 c. à soupe de cognac | 15 cl de crème liquide | sel et poivre
enfournez,Saumon à la crème aux câpres et artichauts,https://www.cuisine-libre.org/saumon-a-la-creme-aux-capres-et-artichauts,https://www.cuisine-libre.org/local/cache-gd2/9a/272be1478125b30c9650af047f56e4.jpg?1644795708,Licence Géographie,,Durée totale :30 min,Non végétarien,1,5 min,25 min,PT30M,Four,"Sans viande, Sans œuf, Sans gluten",5.00,1,2,"2 pavés de saumon | ⅓ petite boîte de cœurs d’artichaut | ⅓ c. à soupe de câpres | ⅓ oignon émincé | 10 cl de crème liquide | 3,5 cl de vin blanc sec | sel, poivre"
enfournez,Courge butternut rôtie au pesto de pistaches,https://www.cuisine-libre.org/courge-butternut-rotie-au-pesto-de-pistaches,https://www.cuisine-libre.org/local/cache-gd2/aa/c5ed1e1f84ead541c3d7272c01c535.jpg?1644795270,ben77,,Durée totale :1 h,Végétarien,1,15 min,45 min,PT1H,Four,"Sans viande, Sans œuf, Sans gluten",5.00,1,4,1 courge butternut coupée en quatre dans la hauteur | 4 c. à café d’huile d’olive | sel de mer et poivre noir | 100 g de graines de grenade | Pour le pesto | 100 g de pistaches décortiquées | 70 g de parmesan | huile d’olive | 1 petit bouquet de coriandre | 1 petit bouquet de persil plat | 1 petit bouquet d’aneth | 1 citron pressé
enfournez,Artichauts à la romaine (Carciofi alla romana),https://www.cuisine-libre.org/artichauts-a-la-romaine-carciofi-alla-romana,https://www.cuisine-libre.org/local/cache-gd2/33/c2b5e0cf81538b195803a5b4ce5523.jpg?1644794246,Ja6,,Durée totale :1 h,Végétalien (vegan),,?,1 h,PT1H,Four,"Sans viande, Sans œuf, Sans lactose",,,4,8 artichauts | 1 citron | menthe fraîche hachée | 1 gousse d’ail - hachée | 50 g de chapelure | Sel & Poivre | 1 cuillère à soupe d’huile d’olive
enfournez,Œufs mollets florentine,https://www.cuisine-libre.org/oeufs-mollets-florentine,https://www.cuisine-libre.org/local/cache-gd2/cc/e80e304bfb3c714da00e31a8926e29.jpg?1644794504,Romy,,Durée totale :40 min,Végétarien,105,20 min,20 min,PT40M,Four,"Sans viande, Sans lactose, Sans gluten",4.53,105,4,"1 kg d’épinards frais, en branches | 4 œufs frais | 25 cl de crème soja liquide | 60 g de parmesan râpé"
enfournez,Œufs cocotte en patidou,https://www.cuisine-libre.org/oeufs-cocotte-en-patidou,https://www.cuisine-libre.org/local/cache-gd2/e3/3ae4ce93c2e61b7e8df01fef03e817.jpg?1644795797,valivalou,,Durée totale :1 h 45,Végétarien,3,1 h,45 min,PT1H45M,Four,"Sans viande, Sans lactose, Sans gluten",5.00,3,2,"2 patidoux | 2 œufs | 300 g de feuilles de blettes | 2 gousses d’ail | 20 cl de crème fraiche | 100 g de fromage râpé (emmental, comté, mozza, parmesan, brebis… selon le goût) | sel, poivre, piment d’espelette | huile d’olive"
enfournez,Rouelle de porc aux pommes de terre,https://www.cuisine-libre.org/rouelle-de-porc-aux-pommes-de-terre,https://www.cuisine-libre.org/local/cache-gd2/8e/14caca9612c44457cd0e54d5c1854c.jpg?1644794955,Romy,,Durée totale :2 h 20,Non végétarien,42,20 min,2 h,PT2H20M,Four,"Sans œuf, Sans lactose",5.00,42,6,"1 belle rouelle de porc de 1,2 kilo | 12 pommes de terre moyennes | 12 gousses d’ail | 3 brins de thym | 3 brins de persil | 5 cl d’eau ou plus | huile | sel, poivre"
enfournez,Pomme d’or farcies,https://www.cuisine-libre.org/pomme-d-or-farcies,https://www.cuisine-libre.org/local/cache-gd2/29/9ee28fcba05447a10fe9e15a0d163d.jpg?1644802748,Jacqueline Desbrosses,,Durée totale :1 h,Non végétarien,,15 min,45 min,PT1H,Vapeur,"Sans œuf, Sans lactose, Sans gluten",,,6,6 courgettes «pomme d’or» | 500 g de hachis à tomates | ail | persil | sel
enfournez,Gratin basque de chou,https://www.cuisine-libre.org/gratin-basque-de-chou,https://www.cuisine-libre.org/local/cache-gd2/ee/d3693e43b8dbf43fb0532cfa5ebbb7.jpg?1644796607,Ja6,,Durée totale :45 min,Non végétarien,1,15 min,30 min,PT45M,Four,"Sans œuf, Sans lactose, Sans gluten",5.00,1,5,"1 petit chou blanc | 1 oignons | 200 g de restes de viande : pot-au-feu, ragoût ou volaille | 1 cuillère à soupe de graisse d’oie | 3 cuillères de purée de tomates | purée de piments | 3 cuillères à soupe de chapelure | huile d’olive | sel & poivre"
enfournez,Endives « Surprise »,https://www.cuisine-libre.org/endives-surprise,https://www.cuisine-libre.org/local/cache-gd2/ad/751ecf1b8d7ab111ca28603cf1efb8.jpg?1644796812,Ja6,,Durée totale :40 min,Non végétarien,,20 min,20 min,PT40M,Four,"Sans œuf, Sans gluten",,,4,4 endives | 8 fines tranches de Raclette | 16 tranches de poitrine fumée | 1 cuillère à soupe de raisins secs de Corinthe | 75 g de lardons | Sel & Poivre
enfournez,Lanttulaatikko (gratin de rutabaga),https://www.cuisine-libre.org/lanttulaatikko-gratin-de-rutabaga,https://www.cuisine-libre.org/local/cache-gd2/d6/26a29c340f553f71a348b629832525.jpg?1677362954,,,Durée totale :2 h 20,Végétarien,,20 min,2 h,PT2H20M,Four,Sans viande,,,8,1 kg se rutabaga | 2 dl de crème liquide | 1 dl de chapelure | 2 œufs battus | ¾ dl de mélasse ou de miel | 1 c. à café gingembre fraîchement râpé | ¼ c. à café noix de muscade | ¼ c. à café piment de la Jamaïque | 1 c. à café sel | Pour gratiner | chapelure | beurre
enfournez,Dés de poulet aux panais et carottes,https://www.cuisine-libre.org/des-de-poulet-aux-panais-et-carottes,https://www.cuisine-libre.org/local/cache-gd2/33/32eb67800409adca4782b5ea40b7fa.jpg?1644799654,Le Goût des Plantes,,Durée totale :55 min,Non végétarien,,15 min,40 min,PT55M,Four,"Sans œuf, Sans lactose, Sans gluten",,,2,2 panais | 2 carottes | 250 g de poulet
enfournez,Gratin fumé de blettes au topinambour,https://www.cuisine-libre.org/gratin-fume-de-blettes-au-topinambour,https://www.cuisine-libre.org/local/cache-gd2/b5/e2f4638a1e910762d946726add5dd6.jpg?1644794542,Le Goût des Plantes,,,Végétarien,,?,,,Four,"Sans viande, Sans œuf",,,3,"500 g de topinambours | 2 petites blettes | 200 g de tempeh fumé | 60 g de noix | 25 cl de crème | 125 g de fromage rapé | sel, poivre"
enfournez,Gratin de courge butternut au lait de coco,https://www.cuisine-libre.org/gratin-de-courge-butternut-au-lait-de-coco,https://www.cuisine-libre.org/local/cache-gd2/47/d6bb70f0d78a8aea4de77cafd5114a.jpg?1644795453,Bregalad,,Durée totale :35 min,Végétarien,1,10 min,25 min,PT35M,Four,"Sans viande, Sans œuf, Sans gluten",5.00,1,2,½ courge butternut | 25 cl de lait de coco | 2 cs de crème fraiche liquide | 30 g d’emmenthal ou gruyère râpé
enfournez,Saumon en papillote végétale,https://www.cuisine-libre.org/saumon-en-papillote-vegetale,https://www.cuisine-libre.org/local/cache-gd2/dc/07d01376e171653aa63fd55e68acc8.jpg?1682186243,Pat Croker,,,Non végétarien,,?,,,Grill,"Sans viande, Sans œuf, Sans lactose, Sans gluten",,,4,"4 gros filets de saumon sauvage | 1¼ tasse de pesto au basilic ou d’orties | 4 feuilles d’angélique, sauvages ou cultivées, trempées dans l’eau, sinon des feuilles de vigne, de betterave ou de laitue"
enfournez,Gratin de quinoa aux blettes et à la feta,https://www.cuisine-libre.org/gratin-de-quinoa-aux-blettes-et-a-la-feta,https://www.cuisine-libre.org/local/cache-gd2/31/f93e1f99f2c392b6b773edb2ef5402.jpg?1644794461,Romy,,Durée totale :55 min,Végétarien,24,15 min,40 min,PT55M,Four,"Sans œuf, Sans gluten",4.88,24,4,1 botte de blettes (env. 500 g) | 200 g de quinoa sec | 200 g de feta | 1 oignon | 1 c. soupe de graines de tournesol | 1 c. soupe d’amandes effilées | 1 c. soupe de raisins secs blonds | 1 c. soupe de graisse de canard | 1 c. soupe de parmesan râpé | 1 c. café de cumin
enfournez,Bar en papillote d’endives,https://www.cuisine-libre.org/bar-en-papillote-d-endives,https://www.cuisine-libre.org/local/cache-gd2/df/8a6844daf97fa014eecf0ee8fc9f18.jpg?1644795508,Ja6,,,Non végétarien,,?,,,Four,"Sans viande, Sans œuf, Sans gluten",,,4,4 filets de bar de 50 à 180 g | 800 g d’endives | 2 cuillères à soupe de crème fraîche | 15 g de beurre | Sel & Poivre
enfournez,Brandade de morue parmentière,https://www.cuisine-libre.org/brandade-de-morue-parmentiere,https://www.cuisine-libre.org/local/cache-gd2/de/8f6260cf407b6cde4a6207148bbad7.jpg?1644797141,,,Durée totale :1 j,Non végétarien,4,15 min,40 min,PT1DH55M,Bouilli,"Sans viande, Sans œuf, Sans gluten",5.00,4,4,400 g de filets de morue séchée | 6 grosses pommes de terre | 6 belles gousses d’ail | 1 bouquet de persil | 20 cl de lait | beurre | poivre blanc
enfournez,"Courge cornue farcie au riz sauvage, noisettes (...)",https://www.cuisine-libre.org/courge-cornue-farcie-au-riz-sauvage-noisettes-et-canneberge,https://www.cuisine-libre.org/local/cache-gd2/5b/4267db586d7e0989c78be480fc56b4.jpg?1644807004,,,Durée totale :1 h 50,Végétarien,,20 min,1 h 30,PT1H50M,Four,"Sans viande, Sans œuf, Sans gluten",,,6,"7 tasses d’eau | 2 tasses de riz sauvage | 3 petites courges cornuesacorn squash, coupées en deux et épépinées (280 à 340 g) | 2 c. à soupe de beurre | 2 tasse d’oignons finement hachés | 2 c. à café de feuilles de sauge séchées | 1 citron pressé | ½ tasse de canneberges séchées | ¼ tasse de noisettes (ou amandes) émondées et concassées | ¼ tasse de persil frais haché | sel, poivre"
enfournez,Courgette farcie aux légumes,https://www.cuisine-libre.org/courgette-farcie-aux-legumes,https://www.cuisine-libre.org/local/cache-gd2/0a/808983956e0d94d389bab93abca838.jpg?1644801177,Ja6,,Durée totale :40 min,Végétarien,3,20 min,20 min,PT40M,Four,"Sans viande, Sans œuf, Sans lactose",5.00,3,4,4 courgettes | 250 g de tomates | 2 carottes | 100 g de champignons de Paris | 1 gousse d’ail | 5 branches de persil | 2 cuillères à soupe d’huile | 1 verre de vin blanc sec | 4 cuillères à soupe de chapelure | Sel & poivre
enfournez,Maquereaux grillés surprise,https://www.cuisine-libre.org/maquereaux-grilles-surprise,https://www.cuisine-libre.org/local/cache-gd2/f9/8fe41c764153fc5971ef51cbb97cfe.jpg?1644795705,lacuisineetmoi,,Durée totale :20 min,Non végétarien,2,10 min,10 min,PT20M,Vapeur,Sans œuf,5.00,2,4,3 boites de filets de maquereaux grillés à la mexicaine | 2 tomates green zebra | 1 tomate cœur de bœuf | 1 tomate jaune | 12 radis rose | 4 tranches de gros chorizo | 1 botte d’oignons nouveaux | 1 petit bocal de tomates confites | 1 branche de romarin | 1 cuillère à soupe de jus d’orange | 1 pincée de piment
enfournez,Filets de poisson blanc aux orties,https://www.cuisine-libre.org/filets-de-poisson-blanc-aux-orties,https://www.cuisine-libre.org/local/cache-gd2/c1/aa52cb671b6e9fd257c7953e5fa589.jpg?1644797142,ploutregor,,,Non végétarien,,?,,,Vapeur,"Sans viande, Sans œuf, Sans lactose, Sans gluten",,,1,1 filet de poisson assez épais | 2 grosses poignées d’orties | zestes de citron | algues séchées | sel & poivre | gingembre en poudre | riz basmati | jeunes carottes
enfournez,Pintade aux pêches de vigne,https://www.cuisine-libre.org/pintade-aux-peches-de-vignes,https://www.cuisine-libre.org/local/cache-gd2/f5/939d44a7483271df9e950a1c912640.jpg?1644796893,Ja6,,,Non végétarien,1,?,,,Four,"Sans œuf, Sans gluten",5.00,1,,2 pintades | 6 pêches de vigne | 100 g de beurre | 2 gousses d’ail | thym | Sel & Poivre
enfournez,Gratin de céleri à l’italienne,https://www.cuisine-libre.org/gratin-de-celeri-a-l-italienne,https://www.cuisine-libre.org/local/cache-gd2/68/e40a4c34b41b1bf30b335eedd506e6.jpg?1644794511,,,Durée totale :40 min,Végétarien,4,15 min,25 min,PT40M,Four,"Sans viande, Sans œuf",5.00,4,4,1 céleri-rave | 2 verres de riz (facultatif) | 12 cerneaux de noix | 6 tomates | 1 citron | parmesan râpé ou chapelure | huile d’olive | sel
enfournez,Tartiflette picarde,https://www.cuisine-libre.org/tartiflette-picarde,https://www.cuisine-libre.org/local/cache-gd2/a0/552dfa653dce0af326876a47986315.jpg?1644794466,paddy,,Durée totale :30 min,Non végétarien,33,10 min,20 min,PT30M,Four,"Sans œuf, Sans gluten",5.00,33,8,500 g de poireaux | 500 g d’endives | 150 de lardons fumés | 1 maroilles | sel | poivre
enfournez,Cardiflette,https://www.cuisine-libre.org/cardiflette,https://www.cuisine-libre.org/local/cache-gd2/93/a6718cfd132628517ea69ae6f4f564.jpg?1644794467,,,Durée totale :40 min,Non végétarien,1,15 min,25 min,PT40M,Four,"Sans œuf, Sans gluten",5.00,1,4,500 g de cardons cuits égouttés | 200 g de lardons | 1 oignon | 1/2 reblochon | 20 cl de crème fraîche
enfournez,Soufflés au saumon,https://www.cuisine-libre.org/souffles-au-saumon,https://www.cuisine-libre.org/local/cache-gd2/5f/8c9113c90053ee0bb306bb741f1dd8.jpg?1644795557,corinnedhéléne,,Durée totale :35 min,Non végétarien,7,15 min,20 min,PT35M,Four,Sans viande,5.00,7,4,"50 g de beurre | 270 g saumon fumé | 4 œufs | 25 cl de crème fraîche | 1 c. soupe rase de farine | 1 pincé de noix de muscade | sel, poivre | 150 g gruyère râpé"
enfournez,Cardons farcis (dolma khorchef),https://www.cuisine-libre.org/cardons-farcis-dolma-khorchef,https://www.cuisine-libre.org/local/cache-gd2/16/6a9e3532e4b563471b3ba5b34f0245.jpg?1644797945,Abla,,Durée totale :1 h 30,Non végétarien,,30 min,1 h,PT1H30M,Bouilli,"Sans lactose, Sans gluten",,,6,1 kg de cardons (khorchef) bien fermes | 500 g d’épaule de mouton | 250 g de viande hachée | 1 bonne poignée de pois chiche trempés la veille | 1 petite tasse de riz | ½ botte de persil | 1 jaune d’œuf | 2 oignons | 2 citrons | huile | cannelle : 2 bâtons et 1 pincée | poivre noir | sel
enfournez,Poisson en papillote au lait de coco,https://www.cuisine-libre.org/poisson-en-papillote-au-lait-de-coco,https://www.cuisine-libre.org/local/cache-gd2/fd/65b9bc54814fdddcfa9330c21750cd.jpg?1644796559,gasd,,Durée totale :25 min,Non végétarien,4,15 min,10 min,PT25M,Four,"Sans viande, Sans œuf, Sans lactose, Sans gluten",5.00,4,1,1 filet de poisson blanc (env. 100 g) | 1 filet d’huile d’olive | aneth et coriandre fraîches | fleur de sel | poivre au moulin | baies rouges | 1 petit verre de lait de coco
enfournez,Kåldolmar (chou farci suédois),https://www.cuisine-libre.org/kaldolmar-chou-farci-suedois,https://www.cuisine-libre.org/local/cache-gd2/17/b17394dca4744c00e1f05f8266b280.jpg?1644795337,,,Durée totale :2 h,Non végétarien,1,1 h,1 h,PT2H,Four,,5.00,1,10,"1 grosse tête de chou blanc de bonne taille, pour prélever env. 15 feuilles de chou | Pour la farce | 1 kg de viande de porc hachée (ou mélangée avec moitié de bœuf) | 3 tasses (4,5 dl) de riz rond cuit | 1 dl de chapelure (facultatif) | 2 tasses (3 dl) de lait | 2 œufs battus | 2 oignons jaunes finement hachés | sel, poivre noir | Pour la sauce | 1 litre de bouillon de bœuf ou de fond de veau | 1 dl de sirop d’agave ou miel liquide léger | 3 c. soupe de crème | 1 bonne pincée de 4 épices | sel, poivre"
enfournez,Gratin de pommes de terre et potiron,https://www.cuisine-libre.org/gratin-de-pommes-de-terre-et-potiron,https://www.cuisine-libre.org/local/cache-gd2/b8/957efdd320ee835ada2f4b61ddd3f5.jpg?1712184217,FC,,Durée totale :1 h 10,Végétarien,,20 min,50 min,PT1H10M,Four,"Sans viande, Sans gluten",,,4,400 g de pommes de terre à chair ferme | 300 g de potiron | 2 œufs | 1 branche de thym | 1 filet d’huile d’olive | 50 g de parmesan râpé | 8 cl de lait entier | 20 g de truffe noire (facultatif) | sel | poivre du moulin
enfournez,Gratin au chou-fleur et brocoli,https://www.cuisine-libre.org/gratin-au-chou-fleur-et-brocoli,https://www.cuisine-libre.org/local/cache-gd2/c5/c615d1b970ff04ed348a11df6f43ec.jpg?1644794267,Legumezmoi,,Durée totale :40 min,Végétarien,1,15 min,25 min,PT40M,Four,"Sans viande, Sans œuf, Sans gluten",5.00,1,4,500 g de pommes de terre | 250 g de chou-fleur | 250 g de brocoli | 125 g d’emmental râpé (ou autre fromage de votre choix) | 40 cl de crème liquide | 1 pincée de sel et de poivre
enfournez,Courge spaghetti aux lardons et à la crème,https://www.cuisine-libre.org/courge-spaghetti-aux-lardons-et-a-la-creme,https://www.cuisine-libre.org/local/cache-gd2/b8/8e47085e83c5d072891d37c3abbe8b.jpg?1706353014,valivalou,,Durée totale :2 h,Non végétarien,3,1 h,1 h,PT2H,Bouilli,"Sans œuf, Sans gluten",5.00,3,6,2 kg de courges spaghetti | 1 oignon | 2 échalotes | 2 gousses d’ail | 200 g de lardons | 1 briquette (20 cl) de crème fraîche | 20 cl de vin blanc | 100 g de parmesan | piment d’Espelette
enfournez,Parmentier de chou-fleur,https://www.cuisine-libre.org/parmentier-de-chou-fleur,https://www.cuisine-libre.org/local/cache-gd2/7c/02243a1dc19c2364e77d71ba294efe.jpg?1644794699,ines cuisine simple,,Durée totale :1 h 05,Non végétarien,17,45 min,20 min,PT1H5M,Four,Sans œuf,5.00,17,4,"500 g de chou-fleur | 250 g de viande hachée | 50 g de fromage râpé | 25 cl de sauce béchamel | 20 g de beurre | 1 oignon | sel, poivre noir"
enfournez,Mont d’Or chaud,https://www.cuisine-libre.org/mont-d-or-chaud,https://www.cuisine-libre.org/local/cache-gd2/65/d992436d62485a40f5d7a7a32ce027.jpg?1644794231,Colibri,,Durée totale :35 min,Végétarien,,5 min,30 min,PT35M,Four,"Sans viande, Sans œuf, Sans gluten",,,3,1 vacherin Mont d’Or (env. 600g) | 2 gousses d’ail | vin blanc sec du Jura | 5 pommes de terre
enfournez,Travers de bœuf braisés au miel,https://www.cuisine-libre.org/travers-de-boeuf-braises-au-miel,https://www.cuisine-libre.org/local/cache-gd2/3d/54d7cdcc6365e6ef91b53618a7b605.jpg?1644795046,Matt Kantor,,Durée totale :15 h,Non végétarien,1,20 min,3 h 20,PT15H40M,Four,"Sans œuf, Sans gluten",5.00,1,2,"1 lb (450 g) de côtes de bœuf, coupées en travers, avec leurs os | 2 gousses d’ail écrasées | 1 petit oignon blanc, haché | ¼ tasse (65 ml) de miel | 2 étoiles de badiane | sel, au besoin | 4 tasses (260 ml) d’eau (environ) | 1 jus de citron | ¼ lb (112 g) de beurre | ciboulette hachée"
enfournez,Patates douces en papillote,https://www.cuisine-libre.org/patates-douces-en-papillote,https://www.cuisine-libre.org/local/cache-gd2/66/e31d11d9e31071c06b43ebca874275.jpg?1644794536,Gargantua,Facile !,Durée totale :50 min,Végétalien (vegan),26,10 min,40 min,PT50M,Four,"Sans viande, Sans œuf, Sans lactose, Sans gluten",5.00,26,10,10 patates douces
enfournez,Oignons farcis au quinoa et aux herbes,https://www.cuisine-libre.org/oignons-farcis-au-quinoa-et-aux-herbes,https://www.cuisine-libre.org/local/cache-gd2/4f/ecff6569873dd05e0716e63b27dcc4.jpg?1707679195,,,Durée totale :1 h 30,Végétarien,,40 min,50 min,PT1H30M,Four,"Sans viande, Sans œuf, Sans gluten",,,6,"12 oignons moyens | 300 g de quinoa rouge, blanc et noir en mélange | 2 gousses d’ail | 3 brins de basilic | 2 brins de romarin | 60 g de beurre | 6 c. à soupe de chapelure | sel | poivre du moulin"
enfournez,Carré d’agneau aux haricots tarbais et carottes (...),https://www.cuisine-libre.org/carre-d-agneau-aux-haricots-tarbais,https://www.cuisine-libre.org/local/cache-gd2/77/5af00fe3e1cdb0ff2f74a7fec415cf.jpg?1644795307,Haricot Tarbais,,Durée totale :2 h,Non végétarien,1,30 min,1 h 30,PT2H,Four,"Sans œuf, Sans gluten",5.00,1,6,"750 g de haricots tarbais cuits au naturel (ou 700 g secs) | 1 carré d’agneau des Pyrénées Label Rouge (12 côtes environ) | 4 carottes jaunes | 100 g de champignons de Paris | 50 g d’échalotes | ½ litre de crème fraîche | 1 litre de bouillon d’agneau (ou de volaille) | sel, poivre, huile d’olive"
enfournez,Courgettes farcies ricotta reblochon,https://www.cuisine-libre.org/courgettes-farcies-ricotta-reblochon,https://www.cuisine-libre.org/local/cache-gd2/a6/f8f81873482cce47bae9b359ea0b7f.jpg?1644796992,valivalou,,Durée totale :1 h 05,Végétarien,3,30 min,35 min,PT1H5M,Four,"Sans viande, Sans œuf",5.00,3,2,"2 courgettes moyennes | 250 g de ricotta | 1/2 reblochon | sel, poivre | tabasco | muscade"
enfournez,Petit gratin de pâtisson et pomme de terre,https://www.cuisine-libre.org/petit-gratin-de-patisson-et-pomme-de-terre,https://www.cuisine-libre.org/local/cache-gd2/e7/5416b5f01337c7d86a5cdd92103010.jpg?1644797007,Romy,,Durée totale :45 min,Végétarien,28,15 min,30 min,PT45M,Four,"Sans viande, Sans œuf",4.93,28,2,250 g de pâtisson | 200 g de pommes de terre | 20 g de parmesan râpé | sel et poivre au moulin
enfournez,Tourte de pommes de terre au Reblochon,https://www.cuisine-libre.org/tourte-de-pommes-de-terre-au-reblochon,https://www.cuisine-libre.org/local/cache-gd2/5b/dc53238aba4b0031446dd7534b6534.jpg?1644794347,Anonyme,,Durée totale :1 h 50,Végétarien,27,20 min,1 h 30,PT1H50M,Four,Sans viande,5.00,27,6,2 ronds (env. 450 g) de pâte feuilletée | 800 g de pommes de terre | 1 reblochon | 3 œufs | 20 cl de crème épaisse | poivre
enfournez,Gratin à la citrouille,https://www.cuisine-libre.org/gratin-a-la-citrouille,https://www.cuisine-libre.org/local/cache-gd2/b0/df16db3cfa969b88aee97a6cc5dcd6.jpg?1644799894,,,Durée totale :1 h 20,Végétarien,30,20 min,1 h,PT1H20M,Four,"Sans viande, Sans gluten",5.00,30,4,500 g de citrouille | 400 g de pommes de terre | 1 gros oignon | 4 gousses d’ail | 1 c. à soupe d’huile d’olive | 1 branche de thym | sel et poivre | 1 œuf | 20 cl de crème soja | 1 c. à café de curry en poudre | 60 g de fromage râpé
enfournez,Moussaka à la viande,https://www.cuisine-libre.org/moussaka,https://www.cuisine-libre.org/local/cache-gd2/f2/70566356810ccb282bd0c844cf9ab4.jpg?1644795334,John,,Durée totale :1 h 45,Non végétarien,11,1 h,45 min,PT1H45M,Four,,5.00,11,6,"4-6 aubergines | 2 oignons | 3 gousses d’ail | 500 g de viande hachée de mouton maigre (ou bœuf) | 3 pommes de terre | 2 boîtes de dés de tomates | 1 boîte de concentré de tomates | 1 cuillère à soupe de persil haché | huile d’olive | sel et poivre | 5 cl d’eau | 1 cube de bouillon | cannelle | Pour la sauce : | 30 g de beurre | 30 g de farine | 50 cl de lait | sel, poivre, muscade | 2 œufs | 100 g de gruyère râpé"
enfournez,Lasagne aux poireaux et champignons,https://www.cuisine-libre.org/lasagne-aux-poireaux-et-champignons,https://www.cuisine-libre.org/local/cache-gd2/9b/067effa702f9f96b8fc626dbba3faa.jpg?1644795066,Helyse,,Durée totale :1 h,Végétarien,7,40 min,20 min,PT1H,Four,"Sans viande, Sans œuf",5.00,7,,plaques de lasagne | 3 boules de mozzarella | 1 blanc de poireau | 1 échalote | 15 champignons frais | 10 noix | 20 cl de crème fraiche | 1/2 verre de vin blanc | bouillon de légumes
enfournez,Quinotto vert au gruyère fondant,https://www.cuisine-libre.org/quinotto-vert-au-gruyere-fondant,https://www.cuisine-libre.org/local/cache-gd2/c2/69c4200dc5d1423394b463283a7284.jpg?1644795736,Sofi63200,,Durée totale :40 min,Non végétarien,20,25 min,15 min,PT40M,Mijoté,"Sans viande, Sans œuf, Sans gluten",5.00,20,4,150 g de quinoa | 30 cl de bouillon de volaille | 1 oignon | 20 g de beurre | 100 g de gruyère | 100 g de mascarpone | 30 g de pignons de pin | 1 botte de basilic frais | 1/2 botte d’estragon | 1/2 botte de cerfeuil | sel fin | poivre du moulin
enfournez,Pommes de terre au camembert et aux pommes,https://www.cuisine-libre.org/pommes-de-terre-au-camembert-et-aux-pommes,https://www.cuisine-libre.org/local/cache-gd2/60/60028cf84a98013abdd2bef5b63223.jpg?1644794504,haileyhannah,,Durée totale :1 h,Végétarien,14,30 min,30 min,PT1H,Bouilli,"Sans viande, Sans œuf, Sans gluten",5.00,14,4,"1 kg de pommes de terre | 1 kg de pommes Jonagold | 2 camemberts à l’ancienne, pas trop fermes | 1 pot de crème fraîche | 1 pincée de cannelle | 3 cl de cavados"
enfournez,Gratin savoyard aux navets,https://www.cuisine-libre.org/gratin-savoyard-aux-navets,https://www.cuisine-libre.org/local/cache-gd2/45/b0438b022f1882293b3c85990326fe.jpg?1644794486,Romy,,Durée totale :1 h 50,Non végétarien,26,20 min,1 h 30,PT1H50M,Four,"Sans œuf, Sans gluten",5.00,26,6,"800 g de pommes de terre | 800 g de navets | 1 gousse d’ail | 100 g de crème fraîche | 100 g de lardons | 100 g de beaufort râpé | noix de muscade râpée | sel, poivre"
enfournez,Patate douce rôtie au chèvre,https://www.cuisine-libre.org/patate-douce-rotie-au-chevre,https://www.cuisine-libre.org/local/cache-gd2/63/6141d16fb9cb213e83a920ab856023.jpg?1644794535,,,Durée totale :50 min,Végétarien,5,10 min,40 min,PT50M,Four,"Sans viande, Sans œuf, Sans gluten",5.00,5,2,1 patate douce | 1 filet d’huile d’olive | sel | 1 c. à café de graines de cumin | poivre du moulin | 80 g de chèvre frais (ou feta) | 2 c. à soupe de grains de grenade | 2 brins de coriandre fraîche
enfournez,Tartiflette aux topinambours,https://www.cuisine-libre.org/tartiflette-aux-topinambours,https://www.cuisine-libre.org/local/cache-gd2/24/3732431e098391e8ff04b97f46e4f2.jpg?1644794288,Paniers d’Erquy,,Durée totale :1 h 20,Non végétarien,,20 min,1 h,PT1H20M,Four,"Sans œuf, Sans gluten",,,6,1 kg de topinambours | 250 g de lardons | 1 à 2 oignons (selon la grosseur) | 1/2 reblochon | 20 cl de crème fraîche
enfournez,Cuissot de chevreau mariné au miel et épices,https://www.cuisine-libre.org/cuissot-de-chevreau-marine-au-miel-et-epices,https://www.cuisine-libre.org/local/cache-gd2/b1/c713376d18fc1610caa73f1069c07c.jpg?1644794222,paddy,,Durée totale :13 h,Non végétarien,16,15 min,1 h 30,PT13H45M,Four,"Sans œuf, Sans lactose, Sans gluten",5.00,16,6,1 cuissot de chevreau | 5 à 6 c. à soupe de miel | 5 à 6 c. à soupe de jus de citron | 1 à 2 c. à café de sauce soja | 1 morceau de racine de gingembre frais râpé | 4 gousses d’ail écrasé | poivre
enfournez,Gigot de 7 heures,https://www.cuisine-libre.org/gigot-de-7-heures,https://www.cuisine-libre.org/local/cache-gd2/dd/1037ca0b503a3fa7648dddee3d9015.jpg?1644795220,John,,Durée totale :8 h,Non végétarien,1,1 h 30,7 h,PT8H30M,Four,"Sans œuf, Sans lactose, Sans gluten",5.00,1,6,"1 gros gigot d’agneau de 2,5 à 3 kg | 300 g de lard gras | 10 cl d’huile | 300 g de couenne | 3 carottes | 1 tête et 6 gousses d’ail | 500 g de petits oignons | 1 ou 2 feuilles de laurier | 3 branches de thym | 10 cl de cognac | 2 c. à soupe de concentré de tomate | 50 cl d’eau | 2 c. à café de fond de veau en poudre | un peu de vin blanc sec"
enfournez,Papillotes aux châtaignes et potimarron à  (...),https://www.cuisine-libre.org/papillotes-surprise-aux-chataignes-parfum-d-erable,https://www.cuisine-libre.org/local/cache-gd2/b1/f80683c932fd9fa1f0a8a149324ace.jpg?1644801785,,,Durée totale :40 min,Végétalien (vegan),1,20 min,20 min,PT40M,,"Sans viande, Sans œuf, Sans lactose, Sans gluten",5.00,1,6,300 g de châtaignes cuites et pelées | 300 g de potimarron | 250 g de tofu nature | 18 pruneaux | 6 c. à s. d’huile d’olive | 6 c. à s. de sirop d’érable | sel | poivre
enfournez,Dauphinois de chou-rave,https://www.cuisine-libre.org/dauphinois-de-chou-rave,https://www.cuisine-libre.org/local/cache-gd2/ac/dc6356c5016cc4f399d8e8286cb1f1.jpg?1644794229,Romy,,Durée totale :1 h 20,Végétarien,80,20 min,1 h,PT1H20M,Four,"Sans viande, Sans œuf",5.00,80,4,"1 gros chou-rave d’environ 800 g | 2 pommes de terre à chair ferme | 50 cl de lait | 1 gousse d’ail | sel, poivre"
enfournez,Cœurs de palmier roulés au jambon,https://www.cuisine-libre.org/coeurs-de-palmier-au-jambon,https://www.cuisine-libre.org/local/cache-gd2/4a/1642e8301754b09424b5c33f04a322.jpg?1644797054,sansonnettes,,Durée totale :30 min,Non végétarien,6,10 min,20 min,PT30M,Four,"Sans œuf, Sans lactose, Sans gluten",5.00,6,4,1 grosse boîte de cœurs de palmier | 4 tranches de jambon blanc | 25 cl de crème fraîche liquide | 2 cuillères à café de concentré de tomate | fromage râpé | poivre
enfournez,Lasagne courgettes aubergines mozza,https://www.cuisine-libre.org/lasagnes-courgettes-aubergines-mozza,https://www.cuisine-libre.org/local/cache-gd2/b7/561cbe0c7641f6472d250419733ec7.jpg?1644798021,valivalou,,Durée totale :1 h 10,Végétarien,12,30 min,40 min,PT1H10M,Four,"Sans viande, Sans œuf",5.00,12,6,"2 courgettes | 2 aubergines | 4 boules de mozza tranchées finement | pâte à lasagne | coulis de tomate | huile d’olive | sel, poivre, herbes de Provence"
enfournez,"Sarmale, choux farcis à la roumaine",https://www.cuisine-libre.org/sarmale-choux-farcis-a-la-roumaine,https://www.cuisine-libre.org/local/cache-gd2/34/dac54310daf8eddad52e594897fed5.jpg?1644794462,Txo min,,Durée totale :2 h 45,Non végétarien,1,45 min,2 h,PT2H45M,Four,"Sans œuf, Sans gluten",5.00,1,6,"1 chou blanc | 1,5 kg de choucroute crue | 300 g de poitrine de porc fumée en tranches | 1 kg de porc haché | 150 g de riz rond | 2 oignons | 3 c. à soupe de de sarriette | 1 c. à café de poivre en grains | sel, poivre moulu | huile | crème aigre | "
enfournez,Aubergines à la parmesane,https://www.cuisine-libre.org/aubergines-a-la-parmesane,https://www.cuisine-libre.org/local/cache-gd2/4d/3d7b44634494d0ee24b0e6bec804ed.jpg?1644794544,valivalou,,Durée totale :1 h 15,Végétarien,5,30 min,45 min,PT1H15M,Four,"Sans viande, Sans œuf, Sans gluten",5.00,5,6,"3 aubergines | coulis de tomates | 1 boule de mozzarella finement tranchée | 50 g de parmesan râpé | 1 gousse d’ail hachée | origan | huile d’olive | sel, poivre"
enfournez,"Topinambours rôtis à l’ail, citron et persil",https://www.cuisine-libre.org/topinambours-rotis-a-l-ail-citron-et-persil,https://www.cuisine-libre.org/local/cache-gd2/8a/f1ef67c96facda10bf0466bbb5e39e.jpg?1644794953,Romy,,Durée totale :1 h 15,Végétarien,30,15 min,1 h,PT1H15M,Four,"Sans viande, Sans œuf, Sans lactose, Sans gluten",5.00,30,4,500 g de pommes de terre nouvelles | 500 g de topinambours | 4 gousses d’ail écrasées | 5 cl d’huile d’olive | 1 jus de citron | 1 c. café de miel | 1/2 botte de persil
enfournez,Poulet miel feta,https://www.cuisine-libre.org/poulet-miel-feta,https://www.cuisine-libre.org/local/cache-gd2/4c/5e7100b83c049203fa39c9bb282493.jpg?1644794462,Berga Mote,,Durée totale :55 min,Non végétarien,20,10 min,15 min,PT55M,Four,"Sans œuf, Sans gluten",5.00,20,2,"2 blancs de poulet | 100 g de feta | 1 cuillère à soupe de miel | jus de citron | huile d’olive | herbes de Provence | sel, poivre"
enfournez,Patates en braises et sauce ciboulette,https://www.cuisine-libre.org/patates-en-braises-et-sauce-ciboulette,https://www.cuisine-libre.org/local/cache-gd2/f1/95307c4b34630ee89874e549febac1.jpg?1644794769,Gargantua,,Durée totale :1 h 20,Végétarien,15,20 min,1 h,PT1H20M,Four,"Sans viande, Sans œuf, Sans gluten",5.00,15,100,"25 kg de grosses pommes de terre farineuses (type Samba, Binje, BF 15) | 10 kg de fromage blanc | 250 cl de crème fraîche ou crème sure | sel, poivre | 10 bottes de ciboulette (ou autres fines herbes mélangées)"
enfournez,Cannellonis aux haricots verts et ricotta,https://www.cuisine-libre.org/cannellonis-aux-haricots-verts-et-ricotta,https://www.cuisine-libre.org/local/cache-gd2/98/a9788b3fc2caedc3b35a6074811312.jpg?1644801803,Aromarie,,Durée totale :35 min,Végétarien,,20 min,15 min,PT35M,Four,"Sans viande, Sans œuf",,,3,6 plaques de lasagnes fraîches | 500 g de coulis de tomates | 400 g de haricots verts fins | 100 g de parmesan râpé frais | 3 c. à soupe de ricotta | 2 c. à soupe de crème fraîche épaisse légère ou végétale | 1 c. à soupe de basilic | 1 c à café de mélange italien | sel et poivre du moulin
enfournez,Tomates au four,https://www.cuisine-libre.org/tomates-au-four,https://www.cuisine-libre.org/local/cache-gd2/f1/f6d9bd28ffa198ff6a29dcacefb1cd.jpg?1644874779,Annie,,Durée totale :45 min,Végétarien,,15 min,30 min,PT45M,Four,"Sans viande, Sans œuf, Sans gluten",,,4,"1 kg de tomates | sel, poivre | herbes de Provence | 4 gousses d’ail | 100 g de fromage râpé | moutarde à l’ancienne"
enfournez,Saumon sur lit de fenouil,https://www.cuisine-libre.org/saumon-sur-son-lit-de-fenouil,https://www.cuisine-libre.org/local/cache-gd2/0a/34c72b1b1c2c7c536e749c470e89ae.jpg?1644794489,Romy,,Durée totale :55 min,Non végétarien,48,25 min,30 min,PT55M,Four,"Sans viande, Sans œuf, Sans lactose, Sans gluten",5.00,48,,4 pavés de saumon | 3 fenouils | 2 citrons | 1 oignon | 1 carotte | sel de Guérande | 1 c.soupe d’aneth ciselé | poivre | graines de coriandre | baies roses
enfournez,Butternut rôtie aux graines de sésame,https://www.cuisine-libre.org/butternut-rotie-aux-graines-de-sesame,https://www.cuisine-libre.org/local/cache-gd2/63/5cd81cc97cfd44b0fc514c71493cf6.jpg?1644795269,Mon AMAP,,Durée totale :30 min,Végétalien (vegan),2,15 min,15 min,PT30M,Four,"Sans viande, Sans œuf, Sans lactose, Sans gluten",5.00,2,,"1 courge butternut | 2 c. à soupe d’huile d’olive | 2 c. à soupe de graines de sésame | 2 c. à soupe de vinaigre balsamique | sel, poivre"
enfournez,Gratin de rutabaga et patates au cheddar,https://www.cuisine-libre.org/gratin-de-rutabaga-et-patates-au-cheddar,https://www.cuisine-libre.org/local/cache-gd2/f7/5c40cdba16b93e0d51da4bb9158d2f.jpg?1644795067,SamA.,,Durée totale :1 h 40,Végétarien,13,20 min,1 h 20,PT1H40M,Four,"Sans viande, Sans œuf, Sans gluten",4.85,13,6,"660 g de rutabaga | 530 g de pommes de terre | 90 g de cheddar râpé | 50 g de parmesan râpé | 20 cl de crème fraîche liquide | sel, poivre du moulin"
enfournez,Gratin à l’aubergine,https://www.cuisine-libre.org/gratin-a-l-aubergine,https://www.cuisine-libre.org/local/cache-gd2/87/3a494db74c57e668a5093d4a8dc614.jpg?1644795335,Romy,,Durée totale :1 h 15,Végétarien,32,30 min,45 min,PT1H15M,Four,"Sans viande, Sans gluten",4.94,32,6,"3 aubergines | 4 pommes de terre | 1 bûche de chèvre | 1 petite tomate | 6 olives noires | fromage râpé | 4 gousses d’ail écrasées | 2 œufs | 1 c.soupe d’huile d’olive | sel, poivre"
enfournez,Endives roulées au jambon (chicons au gratin),https://www.cuisine-libre.org/endives-roulees-au-jambon,https://www.cuisine-libre.org/local/cache-gd2/47/fd463281eb75b5261a239365bd0b7a.jpg?1644796812,Romy,Facile !,Durée totale :40 min,Non végétarien,56,10 min,30 min,PT40M,Four,Sans œuf,4.96,56,4,6 endives | 4 tranches de jambon blanc supérieur | 20 cl de sauce béchamel | 50 g de fromage râpé
enfournez,Butternut rôtie aux épices,https://www.cuisine-libre.org/butternut-rotie-aux-epices,https://www.cuisine-libre.org/local/cache-gd2/94/8aa50bfb1cde1694af535584c7b4f0.jpg?1644795269,,,Durée totale :25 min,Végétarien,56,5 min,20 min,PT25M,Four,"Sans viande, Sans œuf",5.00,56,2,1 petite courge doubeurre (butternut) | 2 noisettes de beurre | 2 c. café de cassonade (sucre brun de canne) | 1 c. café de quatre-épices | ½ c. café de piment doux (paprika ou Cayenne) | 1 gousse d’ail écrasée | poivre noir au moulin | fleur de sel
enfournez,Hachis Parmentier de pintade,https://www.cuisine-libre.org/hachis-parmentier-de-pintade,https://www.cuisine-libre.org/local/cache-gd2/09/f8a80f2421ab35bd06fd6ead243b69.jpg?1644794501,Ja6,,Durée totale :45 min,Non végétarien,,15 min,30 min,PT45M,Four,Sans œuf,,,4,Pour la purée | 1 kg de pommes de terre : type Charlotte | 100 g de beurre | 10 cl de crème fraîche fleurette | sel et poivre | Pour le hachis | 2 cuisses de pintade | 100 g de poitrine de porc fumée - coupée en gros morceaux | 2 oignons - finement hachés | 1 gousse d’ail - épluchée et pilée | 2 brindilles de thym frais | 150 g de beurre | 2 feuilles de pâte à brick
enfournez,Courge rôtie au bleu,https://www.cuisine-libre.org/courge-rotie-au-bleu,https://www.cuisine-libre.org/local/cache-gd2/30/ca7ceecf3f8f8a43bab03ff568bdf6.jpg?1644794810,,,Durée totale :1 h,Végétarien,,20 min,40 min,PT1H,Four,"Sans viande, Sans œuf, Sans gluten",,,4,1 kg potiron bleu de Hongrie | 4 gousses d’ail | 3 à 4 c. à soupe d’huile de pépins de raisin ou d’avocat | 1 c. à café de gros sel | poivre au moulin | ¼ c. à café de cannelle | 3 branches de thym | 4 feuilles de sauge | 1 poignée de noix | 90 g de fromage danois frais | 1 poignée de fromage bleu danois
enfournez,Gratin de celeri rave et champignons,https://www.cuisine-libre.org/gratin-de-celeri-rave-et-champignons,https://www.cuisine-libre.org/local/cache-gd2/04/572350465ac15199fc9a1ac2c146cd.jpg?1644794885,solenn,,Durée totale :1 h 20,Végétarien,2,40 min,40 min,PT1H20M,Four,"Sans viande, Sans œuf, Sans gluten",5.00,2,6,"1 boule de celeri | 500 g de champignons | 1 litre de lait | 1 feuille de laurier | 1 gousse d’ail | 20 cl de crème fraîche | 20 g de beurre | 100 g de fromage râpé | sel, poivre"
enfournez,Porc aux pommes et baies de sorbier,https://www.cuisine-libre.org/porc-aux-pommes-et-baies-de-sorbier,https://www.cuisine-libre.org/local/cache-gd2/dc/dd4890d0a4688c1ba3693f08322859.jpg?1667568448,,,Durée totale :50 min,Non végétarien,,20 min,30 min,PT50M,Four,"Sans œuf, Sans lactose, Sans gluten",,,4,4 à 6 tranches de porc | 1 gousse d’ail | ½ tasse de baies de sorbier cueillies après les premières gelées | 2 ou 3 pommes pelées et tranchées | brandy ou cognac | miel | sel et poivre
enfournez,Escalopes de dinde en papillote,https://www.cuisine-libre.org/escalopes-de-dinde-en-papillote,https://www.cuisine-libre.org/local/cache-gd2/a2/61057e8efbe9d361404daefcabf9c1.jpg?1644796559,Ja6,,Durée totale :1 h 10,Non végétarien,3,15 min,25 min,PT1H10M,Vapeur,"Sans œuf, Sans lactose, Sans gluten",5.00,3,4,4 escalopes de dinde | 2 gousses d’ail | 1/2 bouquet de coriandre | 30 g de gingembre | 4 cuillères à soupe de Pineau de Charente | 15 pincées de cinq parfums (4 ou 5 épices) | 4 cuillères à café de sauce de soja | 2 cuillères à café de miel liquide | 4 cuillères à café de jus de citron
enfournez,Tian de Carpentras,https://www.cuisine-libre.org/tian-de-carpentras,https://www.cuisine-libre.org/local/cache-gd2/41/4d19a413c7b30f28d2e68d1f6b3f4e.jpg?1644797612,Produits du terroir,,Durée totale :1 j,Non végétarien,,?,,PT1DH,Four,"Sans viande, Sans lactose",,,,un filet de morue salée | des oignons | des œufs | des épinards | de la chapelure | des gousses d’ail | du thym | du laurier | de la farine | du poivre | de l’huile d’olive
enfournez,Poisson blanc vapeur au safran,https://www.cuisine-libre.org/poisson-blanc-vapeur-au-safran,https://www.cuisine-libre.org/local/cache-gd2/d5/ed42927d6b3d7408cc905463ba2954.jpg?1644797141,,Facile !,Durée totale :15 min,Non végétarien,3,5 min,10 min,PT15M,Vapeur,"Sans viande, Sans œuf, Sans lactose, Sans gluten",5.00,3,4,"675 g de filets de poisson blanc (merlan, lieu ou cabillaud) | 1 cuil. à café de cumin | 1 cuil. à café de curry | 1 cuil. à café de safran"
enfournez,Raclette bowl,https://www.cuisine-libre.org/raclette-bowl,https://www.cuisine-libre.org/local/cache-gd2/ad/4efcba832415194823d2893297ece8.jpg?1714339502,,,Durée totale :30 min,Non végétarien,,10 min,20 min,PT30M,,"Sans œuf, Sans gluten",,,1,3 pommes de terre moyennes (ou 4 petites) | 3 à 5 tranches de fromage à raclette nature ou parfumé | 3 tranches de dinde fumée | 1 gros cornichon | 1 c. à soupe de confit d’oignon
enfournez,Tian de courgettes aux asperges,https://www.cuisine-libre.org/tian-de-courgettes-aux-asperges,https://www.cuisine-libre.org/local/cache-gd2/95/f315306d4676b00dd7621f6fd0b819.jpg?1682288359,,,Durée totale :55 min,Végétarien,,15 min,40 min,PT55M,Four,Sans viande,,,,400 g d’asperges vertes de Lauris | 2 courgettes (env. 250 g) | 4 œufs | 50 g de farine | 20 g d’amandes effilées | 200 ml de crème fraîche liquide | 150 ml de lait écrémé | sel et poivre
enfournez,Gratins de brocoli à la ricotta et mozzarella,https://www.cuisine-libre.org/gratin-brocoli-ricotta-mozzarella,https://www.cuisine-libre.org/local/cache-gd2/8a/dd6b13b6c5c86739986245c7706501.jpg?1644794264,belfius,,Durée totale :30 min,Végétarien,11,15 min,15 min,PT30M,,"Sans viande, Sans gluten",5.00,11,4,2 brocolis | 250 g de ricotta | 125 g de mozzarella | 4 œufs | sel et poivre
enfournez,Moussaka de pommes de terre,https://www.cuisine-libre.org/moussaka-de-pommes-de-terre,https://www.cuisine-libre.org/local/cache-gd2/ce/f1050c510af78f9a7b617910156a80.jpg?1644797714,,,Durée totale :1 h 10,Végétalien (vegan),2,20 min,50 min,PT1H10M,Four,"Sans viande, Sans œuf, Sans lactose",5.00,2,,"1 kg de pommes de terre | 1 kg d’aubergines | 500 g (ou 7 c. soupe) de chair de tomates (pour la farce) | 2 tomates (pour couvrir) | 1 poivron charnu | 3 oignons | 5 gousses d’ail | 1 verre de chapelure | ½ verre d’aneth hachée | ½ verre de persil haché | ¾ verre d’eau (ou vin blanc) | huile d’olive | sel, poivre"
enfournez,"Poisson au four, sauce au beurre citronné",https://www.cuisine-libre.org/poisson-au-four-sauce-au-beurre-citronne,https://www.cuisine-libre.org/local/cache-gd2/d5/ed42927d6b3d7408cc905463ba2954.jpg?1644797141,louise,,Durée totale :50 min,Non végétarien,1,20 min,30 min,PT50M,Four,"Sans viande, Sans œuf, Sans gluten",5.00,1,4,"4 filets de poissons blanc surgelés | 1 oignon tranché | 4 rondelles de citron | 1 filet d’huile d’olive | sel, poivre | herbes de Provence | Pour la sauce | 30 g de beurre | 20 cl de crème fraîche | 1 c. à soupe de moutarde | 1 citron pressé | Pour accompagner | 400 g de riz"
enfournez,Courge spaghetti carbonara,https://www.cuisine-libre.org/courge-spaghetti-carbonara,https://www.cuisine-libre.org/local/cache-gd2/bb/2c5e663608b3406069c5ab1689f856.jpg?1644795460,Tamago,,Durée totale :35 min,Non végétarien,3,5 min,30 min,PT35M,Four,Sans gluten,5.00,3,4,1 courge spaghetti | 4 jaunes d’œuf | 150 g de lard de poitrine | 100 g de parmesan | poivre noir au moulin
enfournez,Agneau à la crème d’ail,https://www.cuisine-libre.org/agneau-a-la-creme-d-ail,https://www.cuisine-libre.org/local/cache-gd2/d6/b773d5a781d0f3515a36fd4567cb93.jpg?1644795221,Cédric,,Durée totale :2 h 20,Non végétarien,17,20 min,2 h,PT2H20M,Four,"Sans œuf, Sans gluten",4.76,17,6,"une belle épaule ou un beau gigot d’agneau | 8 branches de romarin | sel, poivre | 2 ou 3 tête d’ail | 12 pommes de terre | 250 g de mascarpone | huile d’olive"
enfournez,Gratin de blettes,https://www.cuisine-libre.org/gratin-de-blettes,https://www.cuisine-libre.org/local/cache-gd2/22/68940287b715c437a2f9644669b6c6.jpg?1644800549,,,Durée totale :1 h 20,Végétarien,17,20 min,1 h,PT1H20M,Four,"Sans viande, Sans œuf, Sans gluten",5.00,17,6,"1,5 kg de blettes | 60 g de crème fraîche | 25 cl de lait | 125 g de fromage râpé | sel, poivre"
enfournez,Rouelle de porc gratinée au fromage,https://www.cuisine-libre.org/rouelle-de-porc-gratinee-au-fromage,https://www.cuisine-libre.org/local/cache-gd2/7d/8f52826be493883db415aa33468a15.jpg?1644795738,Arlette,,Durée totale :2 h,Non végétarien,5,30 min,1 h 30,PT2H,Four,Sans œuf,5.00,5,6,"rouelle de porc de 1,2 kg environ | 80 g de beurre | 30 g de farine | 1/4 de litre de lait | 10 cl de crème fraîche | 3 cl de cognac | 3 c. à soupe de vin blanc sec | 100 g de fromage râpé | 1 pincée de poudre de thym | 3 oignons moyens | 1 pincée de poivre de Cayenne | sel et poivre"
enfournez,Tian de rougets,https://www.cuisine-libre.org/tian-de-rougets,https://www.cuisine-libre.org/local/cache-gd2/bf/aa95be2263df24515167788cfb866a.jpg?1644800142,Ja6,,,Non végétarien,,?,,,Four,"Sans viande, Sans œuf, Sans lactose, Sans gluten",,,,1 kg de rougets | 1 oignon | 2 tomates | 1 botte d’aneth | 2 c. à soupe d’huile d’oliveou 30 g de beurre | Sel & poivre
enfournez,Gratin dauphinois aux cèpes,https://www.cuisine-libre.org/gratin-dauphinois-aux-cepes,https://www.cuisine-libre.org/local/cache-gd2/46/bb6cbf715aeced243f8efa73cfa37d.jpg?1644794494,,,Durée totale :1 h 40,Végétarien,,40 min,1 h,PT1H40M,Four,"Sans viande, Sans œuf, Sans gluten",,,4,"250 de cèpes frais | 400 g de pommes de terre à chair ferme (type charlotte, belle-de-Fontenay) | 50 cl de crème épaisse | 100 g de beurre | 1/2 tête d’ail | 1 brin de thym | 1 feuille de laurier | 1 noix de muscade | Sel et poivre"
enfournez,Dauphinois de patate douce au peanut butter,https://www.cuisine-libre.org/dauphinois-de-patate-douce-au-peanut-butter,https://www.cuisine-libre.org/local/cache-gd2/97/a33d1ec93137c0f906d53e4795ffbc.jpg?1644794451,,,Durée totale :1 h 20,Végétarien,,20 min,1 h,PT1H20M,Four,"Sans viande, Sans œuf, Sans gluten",,,4,"1 kg de patates douces, lavées | 150 g de beurre de cacahuète croquant (crunchy peanut butter) | 1 tasse de crème double | 1 gousse d’ail, finement tranchée | 1 petit piment rouge, émincé (en option)"
enfournez,Rôti de porc aux 40 gousses d’ail,https://www.cuisine-libre.org/roti-de-porc-aux-40-gousses-d-ail,https://www.cuisine-libre.org/local/cache-gd2/58/9373125828c211b65e0525afcdc0aa.jpg?1644794308,Romy,,Durée totale :1 h 25,Non végétarien,37,20 min,50 min,PT1H25M,Four,"Sans œuf, Sans lactose, Sans gluten",5.00,37,6,1 rôti de porc maigre de 2 kg (coupé dans la longe désossée) | 40 gousses d’ail en chemise (non pelées) | 3 brins de thym frais(ou herbes de Provence) | sel et poivre noir | 1 filet d’huile d’olive | 1 petit verre d’eau
enfournez,"Gigot d’agneau en croûte de moutarde, herbes et  (...)",https://www.cuisine-libre.org/gigot-d-agneau-en-croute-de-moutarde-herbes-et-parmesan,https://www.cuisine-libre.org/local/cache-gd2/3a/b742edcf1c74b46262163f41c54dc2.jpg?1644794544,Phoen,,Durée totale :2 h 10,Non végétarien,19,15 min,1 h 55,PT2H10M,Four,Sans œuf,5.00,19,8,"1 gigot d’agneau | 40 g de parmesan à râper | 5 càs généreuse de moutarde fine et forte | 1 botte de persil plat | 15 brins de ciboulette, fraîche ou surgelée | 1 càs de coriandre fraîche ou séchée | 1 càs d’estragon | 20 g de chapelure ou de pain rassi réduit en poudre | 2 gousses d’ail"
enfournez,Sucrine gratinée au camembert,https://www.cuisine-libre.org/sucrine-gratinee-au-camembert,https://www.cuisine-libre.org/local/cache-gd2/a7/0de67268cb80b3122a0f3c2a7b5e85.jpg?1644797053,,,Durée totale :30 min,Végétarien,,10 min,20 min,PT30M,,"Sans viande, Sans œuf, Sans gluten",,,4,"4 sucrines | 1 camembert | huile d’olive | herbes de Provence | sel, poivre"
enfournez,Soufflé de pâtisson au fromage,https://www.cuisine-libre.org/souffle-de-patisson-au-fromage,https://www.cuisine-libre.org/local/cache-gd2/72/c1f4d82feff7c31c73368e0abbdde8.jpg?1645307980,Jacqueline Desbrosses,,Durée totale :1 h 20,Végétarien,,15 min,1 h 05,PT1H20M,Four,Sans viande,,,6,1 gros pâtisson ou 2 moyens | 25 g de beurre | 3 c. à soupe de farine | 30 cl de lait | 4 œufs | 1 tasse de fromage râpé | 2 c. à café de fécule de maïs | 1 bouquet de ciboulette | 1 pincée de poivre de Cayenne | sel
enfournez,Gratin de macaroni au brocoli et jambon,https://www.cuisine-libre.org/gratin-de-macaronis-au-brocoli-et-jambon,https://www.cuisine-libre.org/local/cache-gd2/55/6f113f156e689cb967c5a3f77b594b.jpg?1644794271,Romy,,Durée totale :40 min,Non végétarien,50,10 min,30 min,PT40M,Four,Sans œuf,4.84,50,4,"200 g de pâtes (penne ou macaroni) | 200 g d’épaule de jambon | 500 g de brocoli | 20 cl de sauce béchamel (ou crème de soja) | 60 g de parmesan rapé | sel, poivre"
enfournez,"Pâtisson farci au riz, lardons et parmesan",https://www.cuisine-libre.org/patisson-farci-au-riz-lardons-et-parmesan,https://www.cuisine-libre.org/local/cache-gd2/a7/b8e2280ec182dbc084e7bff2e60590.jpg?1644796421,valivalou,,Durée totale :1 h 40,Non végétarien,6,1 h,40 min,PT1H40M,Four,,5.00,6,,"1 pâtisson blanc | 50 g de riz 3 couleurs cuit | 50 g de lardons | 1 échalote | 1 gousse d’ail | 1 œuf | 50 g de parmesan rapé | persil | sel, piment d’espelette | huile d’olive"
enfournez,Dauphinois de potimarron,https://www.cuisine-libre.org/gratin-de-potimaron,https://www.cuisine-libre.org/local/cache-gd2/86/4c67a31966dea59d9111cc918d86ea.jpg?1675005552,Jean-François,,Durée totale :1 h 20,Végétarien,2,20 min,1 h,PT1H20M,Four,"Sans viande, Sans œuf",5.00,2,4,"potimarron de 1 kg (ou plus) | crème fraiche liquide (fleurette) | ail | beurre | sel, poivre"
enfournez,Œufs cocotte à l’andouille et au camembert,https://www.cuisine-libre.org/oeufs-cocotte-a-l-andouille-et-au-camembert,https://www.cuisine-libre.org/local/cache-gd2/67/8273298c5e85cfaab798592b78ca56.jpg?1644798372,Tamago,,Durée totale :20 min,Non végétarien,,10 min,10 min,PT20M,Four,Sans gluten,,,4,4 œufs | 4 tranches d’andouille bien fumée | 1/2 camembert au lait cru | 40 cl de crème fraîche | poivre
enfournez,Poisson sauce tarator,https://www.cuisine-libre.org/poisson-sauce-tarator,https://www.cuisine-libre.org/local/cache-gd2/bb/c428aba616d96f234a7e6aec664c68.jpg?1644795983,Radia,,Durée totale :55 min,Non végétarien,2,25 min,30 min,PT55M,Four,"Sans viande, Sans œuf, Sans lactose",5.00,2,6,"1 poisson de 1,5 kg (daurade ou mérou par exemple) | huile d’olive | sel et poivre | Pour la sauce | 100 g d’amandes émondées ou de pignons | 2 c. à soupe de mie de pain | 2 gousses d’ail | 2 citrons pressés | Pour servir | feuilles de laitue | fines rondelles de citron | olives noires | 1 poivron"
enfournez,Tartiflette,https://www.cuisine-libre.org/tartiflette,https://www.cuisine-libre.org/local/cache-gd2/e2/0f84ceea78735b379b43f0c599b804.jpg?1644794493,christophe,Facile !,Durée totale :1 h,Non végétarien,31,30 min,30 min,PT1H,Four,Sans œuf,5.00,31,6,10 pommes de terres moyennes à chair ferme | 1 reblochon | 200 g de lardons | 2 oignons | 20 cl de crème fraîche | 2 verres de vin blanc sec de Savoie (Apremont ou Chignin)
enfournez,Riz aux lentilles et patates douces rôties,https://www.cuisine-libre.org/riz-aux-lentilles-et-patates-douces-roties,https://www.cuisine-libre.org/local/cache-gd2/1c/c7ec81fbac6ac7180346f2b612a87c.jpg?1644794532,Romy,,Durée totale :25 min,Végétalien (vegan),3,5 min,20 min,PT25M,Four,"Sans viande, Sans œuf, Sans lactose, Sans gluten",5.00,3,3,1 verre de riz basmati | 1/2 verre de lentilles corail | 3 verres d’eau | 1 gousse de cardamome | 2 pistils de safran | 1 patate douce | 1 carotte (facultative) | 1 filet d’huile d’olive | graines de cumin | curcuma en poudre | piment doux
enfournez,Filet de porc au jambon forêt noire et cheddar (...),https://www.cuisine-libre.org/filet-de-porc-au-jambon-foret-noire-et-cheddar-vieilli,https://www.cuisine-libre.org/local/cache-gd2/32/72e0a34c68be273ed0be309dc9bf59.jpg?1644794309,Michael Carpentier,,,Non végétarien,,?,,,Grill,"Sans œuf, Sans gluten",,,,"Filet de porc | Cheddar vieilli de bonne qualité (non, Kraft ne fait pas la job!) | Prosciutto"
enfournez,Pain de bœuf à la camarguaise,https://www.cuisine-libre.org/pain-de-boeuf-a-la-camarguaise,https://www.cuisine-libre.org/local/cache-gd2/10/8053ba88ebe229aab7096dd99c4e9b.jpg?1644807000,Nanou,,Durée totale :1 h 50,Non végétarien,,20 min,1 h 30,PT1H50M,Four,"Sans œuf, Sans lactose, Sans gluten",,,4,500 g de viande hachée menue de bœuf camarguais | 200 g de lard fumé | 50 g d’anchois à l’huile | 1 grande barde de lard ou crépine | 2 c. à soupe d’huile d’olive | poivre du moulin | Pour servir : | 24 filets d’anchois | 100 g d’olives farcies
enfournez,Crumble de courgettes,https://www.cuisine-libre.org/crumble-de-courgettes-valivalou,https://www.cuisine-libre.org/local/cache-gd2/a6/f8f81873482cce47bae9b359ea0b7f.jpg?1644796992,valivalou,,Durée totale :1 h 45,Végétarien,2,1 h,45 min,PT1H45M,Four,"Sans viande, Sans œuf",5.00,2,4,"1 kg de courgettes | 2 gousses d ail | 1 citron | 2 c à café de graines de cumin | 1 c à café de coriandre en poudre | 4 c à soupe d huile d olive | 80 g farine | 40 g parmesan râpé | 50 g noisettes concassées | 60 g beurre demi sel | 40 g graines de courge | Sel, poivre"
enfournez,Pâtisson farci à la bolognaise,https://www.cuisine-libre.org/patisson-farci-a-la-bolognaise,https://www.cuisine-libre.org/local/cache-gd2/17/c1228667ce7933063e0c85648b0866.jpg?1644794956,Romy,,Durée totale :1 h,Non végétarien,21,20 min,40 min,PT1H,Four,"Sans œuf, Sans lactose",5.00,21,4,2 pâtissons | 2 steaks hachés | 2 carottes râpées | 2 tomates concassées | 1 gros oignon | 2 gousses d’ail | 1 c. soupe d’huile d’olive | 1 pincée de cinq parfums | 1 c. café d’origan | parmesan râpé
enfournez,Œufs cocottes aux fanes de betteraves,https://www.cuisine-libre.org/oeufs-cocottes-aux-fanes-de-betteraves,https://www.cuisine-libre.org/local/cache-gd2/61/fe4407291eda07bf3621a91b1df5ab.jpg?1644800094,valivalou,,Durée totale :40 min,Végétarien,5,30 min,10 min,PT40M,Four,"Sans viande, Sans gluten",5.00,5,6,"6 œufs | 1 bouquet de fanes de betteraves | 2 gousses d’ail | 1 échalotes | 1 brique de crème fraiche entière liquide | huile d’olive | sel, poivre"
enfournez,Parmentier au potimarron,https://www.cuisine-libre.org/hachis-parmentier-au-potimarron,https://www.cuisine-libre.org/local/cache-gd2/b2/7424e8c24267810a6ee535ce78f7b8.jpg?1644794691,Romy,,Durée totale :1 h,Non végétarien,19,20 min,40 min,PT1H,Four,Sans œuf,4.89,19,6,500 g de pommes de terre | 400 g de potimarron | 500 g de viande blanche cuite (restes de volaille ou de veau) | 2 oignons | 2 gousses d’ail | 1 botte de persil | sel et poivre | 60 g de fromage râpé
enfournez,Pommes de terre Hasselback arc-en-ciel,https://www.cuisine-libre.org/pommes-de-terre-arc-en-ciel,https://www.cuisine-libre.org/local/cache-gd2/7e/6fb4c1a519345a1918ee48c70c84fe.jpg?1650830209,,,Durée totale :1 h,Végétarien,,15 min,45 min,PT1H,Four,"Sans viande, Sans œuf, Sans gluten",,,4,"4 grosses pommes de terre à chair ferme, de formes oblongues et régulières | 1 tomate | 50 g de mimolette vielle | 1 petit poivron jaune | ½ courgette | 2 c. à soupe de fromage bleu à pâte bien persillée | 1 petit oignon rouge"
enfournez,Côte de veau rôtie et asperges vertes au  (...),https://www.cuisine-libre.org/cote-de-veau-rotie-et-asperges-vertes-au-parmesan,https://www.cuisine-libre.org/local/cache-gd2/84/24c80dac920990f5687aebee9ff66c.jpg?1644800189,Collective du Veau de la Pentecôte,,Durée totale :1 h 05,Non végétarien,1,45 min,20 min,PT1H5M,Four,Sans œuf,5.00,1,4,"4 côtes de veau premières de 320 gconserver les parures à part | 800 g d’asperges vertes | 60 g de parmesan râpé grossièrement | 120 g de beurre | 50 ml d’huile d’olive | 100 ml d’huile d’arachide | Garniture aromatique | 2 échalotes taillées grossièrement | 1/2 gousse d’ail taillée grossièrement | 20 g de tomates concentrées | 100 ml de vin blanc | 1 bouillon cube | sel, poivre | Crumble | 120 g (parmesan) parmigiano reggiano (parmesan) | 60 g de gruyère | 60 g de mie de pain sèche | 1/2 gousse d’ail | 5 feuilles de basilic | 2 feuilles de sauge | 30 g de pistaches | 30 g de pignons"
enfournez,Pommes de terre fourrées au panais,https://www.cuisine-libre.org/pommes-de-terre-fourrees-au-panais,https://www.cuisine-libre.org/local/cache-gd2/ab/c923bae8c67d0213fc44deefab2cd7.jpg?1644796935,Cédric,,Durée totale :1 h,Végétarien,9,15 min,45 min,PT1H,Four,"Sans viande, Sans œuf, Sans gluten",4.56,9,4,4 belles pommes de terre (Bintje) | 1 panais | 150 g de cerfeuil (ou persil) | 2 c. à soupe de crème aigre ou soja | sel aromatisé aux herbes
enfournez,Flétan au four au pesto,https://www.cuisine-libre.org/fletan-au-four-au-pesto,https://www.cuisine-libre.org/local/cache-gd2/99/37470f90ecb2658897b3cb031f5672.jpg?1644797140,Romy,Facile !,Durée totale :35 min,Non végétarien,12,5 min,30 min,PT35M,Four,"Sans viande, Sans œuf, Sans gluten",5.00,12,4,"400 g de filets de flétan (congelés) | 3 c.soupe de pesto | sel, poivre"
enfournez,Crumble de poireaux aux noix,https://www.cuisine-libre.org/crumble-de-poireaux-aux-noix,https://www.cuisine-libre.org/local/cache-gd2/3c/201bd1589a6ebeb31cf7e9d128f252.jpg?1644794448,AMAP de Plaisir,,Durée totale :50 min,Végétarien,8,15 min,35 min,PT50M,Four,"Sans viande, Sans œuf",5.00,8,,"4 blancs de poireaux | 2 c. à soupe de beurre | 1 gousse d’ail hachée | 1 échalote émincée | ½ c. à café de mélange de curry | ½ c. à café de piment de Jamaïque moulu | sel, poivre noir du moulin | Pour le crumble : | 80 g de noix moulues | 80 g de farine | 50 g de beurre | 30 g de parmesan frais râpé | 1 c. à café de fleur de sel | poivre noir"
enfournez,Gratin automnal de millet,https://www.cuisine-libre.org/gratin-automnal-de-millet,https://www.cuisine-libre.org/local/cache-gd2/a1/93f731e8ea6fd6fa5868846659fa84.jpg?1644794468,Alisa,,Durée totale :1 h,Végétarien,,20 min,40 min,PT1H,Bouilli,"Sans viande, Sans œuf, Sans gluten",,,1,50 g de millet | 150 g de tomates | 50 g d’oignons | 1 petite branche de céleri | 125 à 150 g de girolles ou de champignons de Paris | 50 g de feta (fromage de brebis grec) | huile | ail | persil
enfournez,Gigot islandais (hangikjöt),https://www.cuisine-libre.org/hangikjot,https://www.cuisine-libre.org/local/cache-gd2/b0/e6ecbd7836b7c044f5c0a3ab8eecd3.jpg?1644795307,,,Durée totale :2 h,Non végétarien,,?,1 h,PT2H,Bouilli,Sans œuf,,0,,1 hangikjöt[*] | 1 carotte | 1 oignon | Pour la béchamel | 50 g de beurre | 50 g de farine | 1 litre de lait | 1 cuillère à soupe de sucre | sel et poivre blanc | 1 pointe de muscade | Pour la garniture | 1 kg de pommes de terre | petits pois (conserve ou surgelé) | chou rouge mariné (rauðkál)
enfournez,Gratin de pommes de terre au merlan,https://www.cuisine-libre.org/gratin-de-pommes-de-terre-au-merlan,https://www.cuisine-libre.org/local/cache-gd2/0f/5ef7e8d24bae1fe8aa1e923b98223a.jpg?1644794229,,Facile !,Durée totale :50 min,Non végétarien,,15 min,35 min,PT50M,Four,"Sans viande, Sans œuf, Sans gluten",,,4,"6 belles pommes de terre | 4 filets de merlan | 20 cl de crème fraîche liquide | bouillon de poisson | 80 g fromage râpé | sel, poivre"
enfournez,Asperges à la savoyarde,https://www.cuisine-libre.org/asperges-a-la-savoyarde,https://www.cuisine-libre.org/local/cache-gd2/5c/673bd43780b3081234f0cf1f6ffc00.jpg?1644798185,Ja6,,,Non végétarien,,?,,,Four,Sans gluten,,,6,1 kg d’asperges | 3 tranches de jambon cru de montagne | 6 œufs | 40 g de beurre fondu | 75 g de parmesan râpé | 5 cuillères à soupe d’huile d’olive | Sel & Poivre
enfournez,Rôti de porc aux oignons,https://www.cuisine-libre.org/roti-de-porc-aux-oignons,https://www.cuisine-libre.org/local/cache-gd2/85/5b659bec96351be79cb1aeb90610df.jpg?1644794308,Romy,,Durée totale :1 h 15,Non végétarien,46,15 min,1 h,PT1H15M,Four,"Sans œuf, Sans lactose, Sans gluten",4.89,46,4,1 rôti de porc de 600 g | 3 gousses d’ail | 3 gros oignons | 8 pommes de terre moyennes | sel et poivre
enfournez,Courge spaghetti gratinée à la ratatouille,https://www.cuisine-libre.org/courge-spaghetti-gratinee-a-la-ratatouille,https://www.cuisine-libre.org/local/cache-gd2/b5/6606034e348da911a17563c0ff402f.jpg?1644795461,Le Goût des Plantes,,,Végétarien,,?,,,Four,"Sans viande, Sans œuf, Sans gluten",,,2,1 courge spaghetti | 150 g de fromage râpé | sauce ratatouille[*]
enfournez,Artichauts farcis au lard,https://www.cuisine-libre.org/artichauts-farcis-au-lard,https://www.cuisine-libre.org/local/cache-gd2/d6/61cbbd4c2f6dd81db3e05799012e11.jpg?1644794246,Ja6,,,Non végétarien,1,?,,,Four,"Sans œuf, Sans gluten",5.00,1,4,6 gros artichauts | 4 échalotes | 230 g de lard de poitrine fumé | 200 g de jambon cuit | 50 g de beurre | persil | Sel & Poivre
enfournez,Courge spaghetti bolognaise,https://www.cuisine-libre.org/courge-spaghetti-bolognaise,https://www.cuisine-libre.org/local/cache-gd2/7a/467da4b8b3a3acfeea0b1dd8110d5a.jpg?1706352320,Romy,,Durée totale :55 min,Non végétarien,36,15 min,40 min,PT55M,Mijoté,"Sans œuf, Sans lactose, Sans gluten",5.00,36,4,1 courge spaghetti | 1 carotte | 1 oignon | 1 gousse d’ail | 100 g de lardons | 100 g de bœuf haché | 250 g de pulpe de tomates | 1 cube de bouillon de légumes | 1 c. soupe d’huile d’olive | 1 pincée de cannelle | 1 c. café d’origan (ou thym) | sel aromatisé aux herbes | poivre au moulin | 60 g de parmesan
enfournez,Dinde de la mère Noël,https://www.cuisine-libre.org/dinde-de-la-mere-noel,https://www.cuisine-libre.org/local/cache-gd2/18/911eece840925c8a3979c706583e47.jpg?1644802101,Ja6,,Durée totale :2 h 20,Non végétarien,5,?,2 h,PT2H20M,Four,Sans œuf,5.00,5,8,"1 dinde de ± 3,5 kg | 150 g de gelée d’airelles,sinon de myrtilles[*] | 3 verres de bouillon de volaille | Pour la farce : | 200 g de pain rassis | 15 cl de crème fraîche liquide | 2 échalotes | 200 g de marrons cuits | 2 pommes golden | 1 cuillère à soupe d’huile d’olive | cognac | sel, poivre"
enfournez,Frites de rutabaga et carottes au citron,https://www.cuisine-libre.org/frites-de-rutabaga-et-carottes-au-citron,https://www.cuisine-libre.org/local/cache-gd2/db/aeb9785374716cfb2d7eacda119010.jpg?1644794497,,,Durée totale :40 min,Végétalien (vegan),1,20 min,20 min,PT40M,Four,"Sans viande, Sans œuf, Sans lactose, Sans gluten",5.00,1,6,2 rutabagas (env. 550 g) | 4 carottes (env. 450 g) | 1½ c. à soupe d’huile d’olive | 1 c. à soupe de cassonade | 1 citron pressé et zesté | ¼ c. à soupe d’herbes fraîches : ciboulette ou aneth | sel et poivre au goût
enfournez,Courge turban farcie au quinoa,https://www.cuisine-libre.org/courge-turban-farcie-au-quinoa,https://www.cuisine-libre.org/local/cache-gd2/9c/8b62f3ee0776c11bbb88b1e9064e98.jpg?1644802748,Les Gourmandes Astucieuses,,Durée totale :1 h 10,Végétalien (vegan),,20 min,50 min,PT1H10M,Four,"Sans viande, Sans œuf, Sans lactose, Sans gluten",,,,2 courges turban du jardin | 2 verts de poireaux | 4 radis d’hiver | 100 g de quinoa | 1 oignon | 4 gousses d’ail | 2 c. soupe moutarde | 1 filet d’huile d’olive | 1 pincée de sel
enfournez,Lasagne aux artichauts à la Floriana,https://www.cuisine-libre.org/lasagne-aux-artichauts-a-la-floriana,https://www.cuisine-libre.org/local/cache-gd2/ad/a164ad158298af27439799470b2871.jpg?1644794243,Fred Radeff,,Durée totale :1 h,Végétarien,,25 min,35 min,PT1H,Four,Sans viande,,,1,"200 g depâte fraîche faite maisonou achetée dans un bon traiteur italien si on a pas le temps de la faire | 4 à 6 petits artichauts[*] | 1,5 dl decrema di latte(crème épaisse italienne) ou de la crème épaisse | 2 cs deparmigiano(parmesan) râpé, moitié pour la farce, moitié pour le haut du plat | 1 csrobbiola(fromage italien), si vous en trouvez | 1 csfior di latte(mozarella), grossièrement râpée | sel, poivre"
enfournez,Cèpes farcis au cèpe,https://www.cuisine-libre.org/cepes-farcis-au-cepe,https://www.cuisine-libre.org/local/cache-gd2/83/89be08a34b1d1c7b379be976320555.jpg?1644801294,Ja6,,,Non végétarien,,?,,,Four,"Sans œuf, Sans lactose, Sans gluten",,,6,6 gros cèpes | 2 gousses d’ail | 2 cuillères à soupe de persil haché | 2 cuillères à soupe de citron | 40 g de lardons | 2 cuillères à soupe d’huile d’olive | sel & poivre | beurre
enfournez,Lasagne de légumes,https://www.cuisine-libre.org/lasagne-de-legumes,https://www.cuisine-libre.org/local/cache-gd2/26/29724727185e0824695eb4c82f2149.jpg?1644795067,légumescachés,,Durée totale :1 h 30,Végétarien,,30 min,1 h,PT1H30M,Four,Sans viande,,,4,"14 feuilles de lasagnes+2 de plus pour remplir les trous | 2 c. à soupe d’huile d’olive extra vierge | 1 tasse (140 g) d’oignon haché | 1 c. à soupe d’ail haché (3 gousses) | ⅛ c. à café de flocons de piment rouge écrasés, ou plus selon le goût | 2 courgettes moyennes, coupées en dés | 2 courges jaunes moyennes, coupées en dés | 1 bocal de 300 g de poivrons rouges confits, égouttés et coupés en dés | 1 boîte de 800 g de tomates broyées | 1 généreuse poignée de feuilles de basilic frais, hachées | 400 g de ricotta ou de fromage blanc | 2 gros œufs | 1 tasse (60 g) de parmesan râpé | 230 g de mozzarella à faible teneur en humidité, râpé | sel et poivre noir fraîchement moulu, selon le goût"
enfournez,Pommes d’or farcies aux girolles et châtaignes,https://www.cuisine-libre.org/pommes-d-or-farcies-aux-girolles-et-chataignes,https://www.cuisine-libre.org/local/cache-gd2/4a/8928f0e890a27e1fc186e1f52d8d97.jpg?1644799915,Polatouche,,Durée totale :1 h,Végétarien,1,20 min,40 min,PT1H,Four,"Sans viande, Sans œuf, Sans gluten",5.00,1,4,"4 courges pommes d’or | 100 g de petites girolles | 100 g de châtaignes crues | 15 g de beurre | 5 cl de crème liquide | 2 échalotes | 1 pincée d’épices : muscade, cumin ou curry | huile d’olive | vin blanc | sel et poivre"
enfournez,Chou-fleur rôti aux épices indiennes,https://www.cuisine-libre.org/chou-fleur-roti-aux-epices-indiennes,https://www.cuisine-libre.org/local/cache-gd2/45/753a38944b1d840097df66d19d1940.jpg?1644794263,,,Durée totale :1 h 45,Végétarien,20,15 min,1 h,PT1H45M,Four,"Sans viande, Sans œuf, Sans gluten",5.00,20,,1 tête de chou-fleur | Marinade | 4 c. soupe d’huile d’olive | 1 c. café de sel | ½ c. café de poivre | 1 c. café de piment de Cayenne | 1 c. café de curcuma | 1 c. café de cumin | 1 c. café de poudre Sambar | Sauce | 1 tasse de yaourt | 1 c. soupe d’aneth hachée | 1 c. soupe de menthe hachée | ½ c. café de cumin | ½ c. café de sel
enfournez,Porc à l’orange à l’anis étoilé,https://www.cuisine-libre.org/porc-a-l-orange-a-l-anis-etoile,https://www.cuisine-libre.org/local/cache-gd2/05/c286c48b719275935a95f1ccad2603.jpg?1644794307,Micky,,,Non végétarien,,?,,,Four,"Sans œuf, Sans gluten",,,,1 kg de longe de porc (ou rôti cotelette) | beurre ou margarine | 2 oranges (zeste et jus) | 2 oranges (suprêmes) | ½ citron | 2 étoiles d’anis (badiane) | 200 g de bouillon de volaille | 10 morceaux de sucre | 20 cl de porto rouge | 1 c. à soupe de fécule de maïs | un petit verre d’eau | sel et poivre
enfournez,Poivrons farcis à la saucisse,https://www.cuisine-libre.org/poivrons-farcis-a-la-saucisse,https://www.cuisine-libre.org/local/cache-gd2/e6/c5a9123b3e88e60b67b0edf27ec9d4.jpg?1644794697,Romy,,Durée totale :50 min,Non végétarien,17,20 min,30 min,PT50M,Four,"Sans œuf, Sans lactose, Sans gluten",5.00,17,4,"4 beaux poivrons, jaunes et rouges | 400 g de chair à saucisse | 350 g de riz cuit | 3 gros oignons, pelés et émincés | 2 échalotes, pelées et émincées | 4 gousses d’ail, pelées et émincées | 1 filet d’huile d’olive | herbes de Provence | sel, poivre"
enfournez,Lasagne aux épinards et à la ricotta (alla  (...),https://www.cuisine-libre.org/lasagne-epinards-ricotta-alla-fiorentina,https://www.cuisine-libre.org/local/cache-gd2/c6/4f623edc0b02648159d40c4e482bc2.jpg?1644794503,,,Durée totale :1 h,Végétarien,3,30 min,30 min,PT1H,Four,"Sans viande, Sans œuf",5.00,3,6,"10 plaques de lasagne sèches | 200 g de mozzarella | 40 g de parmesan râpé | Pour la garniture | 1 kg d’épinard fraisou 500 g d’épinards hachés en conserve ou surgelés | 500 g de ricotta | 1 gousse d’ail | 1 c. soupe d’huile d’olive | Pour la béchamel (facultative) | ½ litre de lait | 50 g de beurre | 1 c. à soupe de farine | sel, poivre"
enfournez,Lentilles aux carottes rôties sauce harissa,https://www.cuisine-libre.org/lentilles-aux-carottes-roties-sauce-harissa,https://www.cuisine-libre.org/local/cache-gd2/a6/83dbe9a61329735d1f379d0e8e46a8.jpg?1644794514,,,Durée totale :55 min,Végétarien,5,30 min,25 min,PT55M,Four,"Sans viande, Sans œuf, Sans gluten",5.00,5,4,"1½ tasse lentilles vertes du Puy | 1 c. soupe huile d’olive vierge extra | Carottes rôties | 600 g petites carottes, en bottes, avec leurs fanes | 1 c. soupe huile d’olive | sel, poivre | Sauce harissa | 1 poivron rouge grillé | 3 c. soupe huile d’olive | 1 petit oignon, haché finement | 2 gousses d’ail, tranchées | 1 petit piment rouge, épépiné et tranché | ¼ c. café poudre de cumin | ¼ c. café graines de coriandre | 2 c. soupe de jus de citron | Pour servir | ¼ tasse de yaourt grec"
enfournez,Gratin de fenouil,https://www.cuisine-libre.org/gratin-de-fenouil,https://www.cuisine-libre.org/local/cache-gd2/16/51ad56e3a2f1cd891645b2fb1f30e6.jpg?1644794534,Poussy71,,Durée totale :21 h,Végétarien,6,1 h,20 h,PT21H,Four,"Sans viande, Sans œuf, Sans gluten",5.00,6,6,"6 petits bulbes de fenouil | 2 c. à soupe d’huile d’olive | 1 petit oignon | 1 gousse d’ail | 30 cl de crème fraîche | 1 pincée de muscade râpée | sel, poivre"
enfournez,Poivrons rôtis aux olives & pignons,https://www.cuisine-libre.org/poivrons-au-four-en-lanieres,https://www.cuisine-libre.org/local/cache-gd2/90/e153960973d70e793b96186f7756ed.jpg?1644794701,Romy,,Durée totale :2 h,Végétalien (vegan),40,20 min,20 min,PT2H,Four,"Sans viande, Sans œuf, Sans lactose, Sans gluten",5.00,40,4,"1 poivron rouge | 1 poivron jaune ou orange | 1 poivron vert | 1 gros oignon | 2 gousses d’ail | 2 poignées d’olives vertes | 1 poignée de pignons de pin | 4 c. à soupe d’huile d’olive | sel, poivre"
enfournez,Soufflé de semoule au comté,https://www.cuisine-libre.org/souffle-de-semoule-au-comte,https://www.cuisine-libre.org/local/cache-gd2/a2/5dbd651efb23852144c2c6767d80dd.jpg?1644795737,Ja6,,Durée totale :45 min,Végétarien,,20 min,25 min,PT45M,Four,Sans viande,,,4,1 litre de lait | 100 g de semoule de blé fine | 2 œufs | 150 g de fromage râpé : Comté par ex. | Sel & poivre
enfournez,Lasagne au vin blanc,https://www.cuisine-libre.org/lasagnes-au-vin-blanc,https://www.cuisine-libre.org/local/cache-gd2/a7/d4048411e16624ea0aa61c77662509.jpg?1644794835,Arysuh,,Durée totale :1 h 30,Végétarien,21,30 min,1 h,PT1H30M,Four,"Sans viande, Sans œuf",5.00,21,6,"5 grosses tomates bien fermes | 400 g de mozzarella | plaques de lasagne | gruyère ou emmental râpé | sel, poivre | Pour la sauce | 400 ml de lait | 200 à 250 ml de vin blanc (sec et très goûteux de préférence) | 150 ml de crème | 60 g de farine | 30 g de beurre | parmesan à volonté"
enfournez,Gratin de brocoli au tofu,https://www.cuisine-libre.org/gratin-de-brocoli-au-tofu,https://www.cuisine-libre.org/local/cache-gd2/c8/6eff63cdc9b50726162d20c43a6118.jpg?1644794272,,,Durée totale :45 min,Végétarien,24,15 min,30 min,PT45M,Four,"Sans viande, Sans œuf, Sans gluten",4.75,24,4,1 kg de brocolis | 500 g de tofu nature | 1 citron pressé | 1 c. soupe moutarde | 3 c. soupe d’huile d’olive | 1 c. soupe de sauce soja | 50 g de fromage râpé (Emmental ou Comté)
enfournez,Lasagne de ravioles aux épinards et poisson,https://www.cuisine-libre.org/lasagne-de-ravioles-aux-epinards-et-poisson,https://www.cuisine-libre.org/local/cache-gd2/a2/53bec3b8985dd7b23b7a1131a34558.jpg?1644836217,Petite Tin,,Durée totale :50 min,Non végétarien,4,30 min,20 min,PT50M,Four,,5.00,4,3,4 plaques de ravioles | 200 g d’épinards surgelés | 3 cuillères à soupe de mascarpone | 1 filet de poisson (poisson blanc ou saumon) | fromage râpé | sel et poivre
enfournez,Tian au Morteau,https://www.cuisine-libre.org/tian-au-morteau,https://www.cuisine-libre.org/local/cache-gd2/e1/f2ac1aa32b759b75ff86eed3f3b529.jpg?1644799447,Ja6,,,Non végétarien,1,?,,,Four,"Sans œuf, Sans lactose, Sans gluten",5.00,1,6,3 saucisses de Morteau | 4 tomates | 3 oignons | 2 courgettes | 6 branches de thym frais | 1 gousse d’ail | 1 c. à soupe d’huile | Sel & poivre
enfournez,Gratin de cannellonis aux chicons,https://www.cuisine-libre.org/gratin-de-cannellonis-aux-chicons,https://www.cuisine-libre.org/local/cache-gd2/ad/4914bfce93c2245adbd19616bbaef6.jpg?1644794813,1belfius,,Durée totale :40 min,Végétarien,1,15 min,25 min,PT40M,Four,"Sans viande, Sans œuf",5.00,1,4,1 kg de chicons de pleine terre | 100 g de fromage à pâte persillée | 70 g de gruyère râpé | 4 c. à soupe de beurre | 5 dl de lait | 16 cannellonis | 3 c. à soupe de farine | noix de muscade râpée | sel et poivre
enfournez,Œuf cocotte,https://www.cuisine-libre.org/oeuf-cocotte,https://www.cuisine-libre.org/local/cache-gd2/9c/6d523743e37f3b1416ba689e50b9f5.jpg?1644794313,André,,Durée totale :20 min,Végétarien,84,10 min,10 min,PT20M,Four,"Sans viande, Sans gluten",5.00,84,2,"2 œufs | 2 noisettes de beurre | 2 cuillères de crème liquide | gruyère râpé | sel, poivre"
enfournez,Panais rôtis au fenouil,https://www.cuisine-libre.org/panais-rotis-au-fenouil,https://www.cuisine-libre.org/local/cache-gd2/64/cbce5ec895f399e3af1b79de500b6c.jpg?1644797866,,,Durée totale :30 min,Végétalien (vegan),,10 min,20 min,PT30M,Four,"Sans viande, Sans œuf, Sans lactose, Sans gluten",,,4,"750 ml (3 tasses) de panais pelés et coupés en 4 sur la longueur | 10 ml (2 c. à thé) d’huile d’olive | 22 ml (1 c. à soupe) de vinaigre balsamique blanc | graines de fenouil | sel, poivre"
enfournez,Lasagne au potimarron,https://www.cuisine-libre.org/lasagne-au-potimarron,https://www.cuisine-libre.org/local/cache-gd2/28/67e0786c6cfc0e6be6e616ed6a2b6b.jpg?1644802623,"Virginie, d’une Pincée de Gourmandise",,Durée totale :1 h,Non végétarien,,40 min,20 min,PT1H,Four,,,,6,500à 600g de chair de potimarron | 1 oignon | 250g de champignons frais | Huile de votre choix | 300g de steak haché | Sel et poivre | 500ml de lait | 50g de beurre | 50g de farine | Noix de muscade | 12 plaques de lasagne sans cuisson (le nombre de plaques de lasagne dépend de la taille de votre plat) | 2 boules de mozzarella | Parmesan ou fromage râpé de votre choix
enfournez,Lasagne aux cèpes et parme (Vincisgrassi (...),https://www.cuisine-libre.org/lasagne-aux-cepes-et-parme-vincisgrassi-aperto,https://www.cuisine-libre.org/local/cache-gd2/94/d1bd03ef75fa270fd9fee28bde69af.jpg?1644797176,Ja6,,Durée totale :1 h,Non végétarien,,20 min,30 min,PT1H,Four,,,,,500 g de de pâte fraîche aux œufs | Sel & poivre | 400 g de cèpes frais - émincés | 4 cuillères à soupe d’huile d’olive | 200 g de jambon de Parme - coupé en fines lanières | 200 g de crème fraîche | 3 cuillères à soupe de persil frais - haché | 50 g de parmesan frais - râpé | Huile de truffe blanche ou quelques copeaux de truffe blanche | Pour la sauce béchamel | 150 g de beurre doux | 50 g de farine : type 45 | 120 cl de litre de lait - préchauffé
enfournez,Courge spaghetti à la coque,https://www.cuisine-libre.org/courge-spaghetti-a-la-coque,https://www.cuisine-libre.org/local/cache-gd2/ff/b0acfaa9de19aca24f9b438f42f7b4.jpg?1644795460,Tamago,,Durée totale :55 min,Non végétarien,1,15 min,40 min,PT55M,Four,Sans gluten,2.00,1,2,½ courge spaghetti | sel poivre | 2-3 c. soupe de sauce tomate | 1-2 poignées d’épinards hachés | 1 poignée de champignons en dés | 2 tranches de jambon hachées | 2 fines tranches d’oignon rouge | 1 poignée de fromage cheddar râpé | 1 poignée d’oignons verts hachés | 2 œufs
enfournez,Courge poivrée rôtie aux pommes,https://www.cuisine-libre.org/courge-poivree-rotie-aux-pommes,https://www.cuisine-libre.org/local/cache-gd2/1e/1dde2666825c49626bd32bbcd2db06.jpg?1644794994,USDA,,Durée totale :1 h 30,Végétarien,,15 min,1 h 15,PT1H30M,Four,"Sans viande, Sans œuf, Sans gluten",,,4,2 petites courges poivrées | 3 tasses de pomme (hachée) | 2 c. à soupe de beurre (ou margarine) | ¼ tasse de sucre brun | noix de muscade | ½ c. à café de sel
enfournez,Cardons à la moelle,https://www.cuisine-libre.org/cardons-a-la-moelle,https://www.cuisine-libre.org/local/cache-gd2/4d/4b92cdf4d30667401601141a334f30.jpg?1644794292,,,Durée totale :1 h 40,Non végétarien,7,30 min,1 h 10,PT1H40M,Four,Sans œuf,5.00,7,4,"1,5 kg de cardons env. (préférez 2 petits cardons, plus tendres, à un gros) | 2 os à moelle | 1,5 L d’eau | 25 cl de lait | 40 g de beurre | 40 g de farine | 2 poignées de fromage râpé | sel, poivre"
enfournez,Aubergines Stendhal,https://www.cuisine-libre.org/aubergines-stendhal,https://www.cuisine-libre.org/local/cache-gd2/f4/3e9a9106ac2788bfc2ec45b9bb8ff4.jpg?1648417729,,,Durée totale :1 h 15,Végétarien,11,30 min,45 min,PT1H15M,Four,"Sans viande, Sans œuf, Sans gluten",5.00,11,4,"4 aubergines longues de 150 g chacune | 400 g de tomates | 200 g de beurre | 3/4 de litre d’eau | 1 tête d’ail entière | 4 feuilles de basilic frais | sel, poivre"
enfournez,Papillotes d’aubergine blanche à la feta,https://www.cuisine-libre.org/papillotes-d-aubergine-blanche-a-la-feta,https://www.cuisine-libre.org/local/cache-gd2/6c/7e927f512556229c4289b78dc3839e.jpg?1644801579,Mouchette,,Durée totale :50 min,Végétarien,45,10 min,30 min,PT50M,Vapeur,"Sans viande, Sans œuf, Sans gluten",4.84,45,2,1 belle aubergine blanche ronde (d’env. 400 g) | 100 g de feta | 1 oignon émincé | 1 gousse d’ail écrasée | 1 branche de basilic frais | sel aux herbes Herbamare | poivre 5 baies | paprika
enfournez,"Tian de polenta et pois chiches, sauce (...)",https://www.cuisine-libre.org/tian-de-polenta-et-pois-chiches-sauce-verte,https://www.cuisine-libre.org/local/cache-gd2/9d/bf08a429a55eb0161242c7c1cddc90.jpg?1644797935,Ja6,,,Végétarien,,?,,,Four,"Sans viande, Sans œuf",,,4,"260 g de pois chiches | 125 g de polenta instantanée | 25 cl d’eau | 25 cl de lait | 2 gros oignons | 2 gousses d’ail | 8 c. à soupe d’huile d’olive | 5 c. à soupe de chapelure | 1,5 c. à soupe de jus de citron | 4 tomates | 200 g de chèvre frais | 120 g d’olives noires dénoyautées | 1 poignée de sarriette | herbes de Provence | Sel & poivre | Pour la sauce verte | 1 yaourt de brebis par ex. | 2 c. à soupe d’huile d’olive | 1 grosse cuillère à soupe d’eau de cuisson des pois chiches | 1 oignon | 1 gousse d’ail | 1 c. à soupe de sarriette ou de persil haché"
enfournez,Gratin de potiron au bleu de Sassenage,https://www.cuisine-libre.org/gratin-de-potiron-au-bleu-de-sassenage,https://www.cuisine-libre.org/local/cache-gd2/21/54c6e7af9c2c7a35fe668054b5b27e.jpg?1644794810,Ja6,,Durée totale :1 h 20,Non végétarien,1,20 min,1 h,PT1H20M,Four,"Sans viande, Sans gluten",5.00,1,4,"1 tranche de potiron d’1 kg | 50 g de bleu de Sassenage | 1 œuf | 5 cuillères à soupe de crème épaisse | 30 cl de bouillon de volaille | 1 oignon | 2 gousses d’ail | 1 feuille de laurier | 1 brin de thym | 50 g de beurre | 2 cl d’huile d’olive | sel, poivre"
enfournez,Tartiflette au poulet épicé,https://www.cuisine-libre.org/tartiflette-au-poulet-epice,https://www.cuisine-libre.org/local/cache-gd2/94/fc39ecdd75c2d89664b45db9e49006.jpg?1644794474,dams86,,Durée totale :1 h 45,Non végétarien,,45 min,1 h,PT1H45M,Four,Sans œuf,,,6,1 kg pommes de terre | 1/2 reblochon | 1/2 bouteille vin blanc | 20 cl crème fraiche | 2 oignons | 200 g d’escalopes poulet | 200 g de lardons | 2 cuillères de curry | 2 cuillères d’épices italiennes
enfournez,Canette flambée,https://www.cuisine-libre.org/canette-flambee,https://www.cuisine-libre.org/local/cache-gd2/53/3e60fb91d22e3897c8dd9ae377722e.jpg?1644794833,,,Durée totale :2 h,Non végétarien,13,30 min,1 h 30,PT2H,Four,"Sans œuf, Sans gluten",5.00,13,8,"1 canette vidée, d’environ 1,5 kg | 3 c. à soupe de Porto | 3 c. à soupe de Cognac | 1 c. à soupe de crème fraîche | sel et poivre"
enfournez,Lasagne bolognaise,https://www.cuisine-libre.org/lasagne-bolognaise,https://www.cuisine-libre.org/local/cache-gd2/64/f5c566472828a1c657317fb0f65b23.jpg?1644799994,Ja6,Facile !,Durée totale :1 h 20,Non végétarien,3,20 min,50 min,PT1H20M,Four,,5.00,3,4,1 oignon | 1 cuillère à soupe d’huile d’olive | 250 g de bœuf haché | Herbes de Provence | 1 boite de pulpe de tomate : ± 400 g | 10 cl de bouillon de volaille dégraissé | 1 noix de beurre pour le plat | 50 cl de béchamel toute prête | 1 boite de plaques de lasagne | 50 g de fromage râpé : emmenthal ou parmesan | Sel & poivre
enfournez,Limande vapeur toute simple,https://www.cuisine-libre.org/limande-vapeur-toute-simple,https://www.cuisine-libre.org/local/cache-gd2/5f/19c2db7cd653bbe35a374c70f3b254.jpg?1644794962,Romy,Facile !,Durée totale :15 min,Non végétarien,20,10 min,5 min,PT15M,Vapeur,"Sans viande, Sans œuf, Sans lactose, Sans gluten",5.00,20,2,2 filets de limande sole (frais ou surgelés) | 1 citron (non traité) | 1 échalote | sel aromatisé aux herbes | poivre au moulin
enfournez,Poulet rôti aux légumes racines,https://www.cuisine-libre.org/poulet-roti-aux-legumes-racines,https://www.cuisine-libre.org/local/cache-gd2/07/bd7a6251f1dce38127315bf8b85c56.jpg?1644795075,AMAP Caudéran,,Durée totale :2 h,Non végétarien,,30 min,1 h 10,PT2H,Four,"Sans œuf, Sans lactose, Sans gluten",,,,"4 gros poireaux, coupés dans le sens de la longueur | 1 gros rutabaga (ou 3 petits), pelés et coupés en morceaux | 2 navets, pelés et coupés en morceaux de même taille que le rutabaga | 4 carottes, pelées et divisés en deux | 1 oignon blanc coupé en quatre | 16 petites pommes de terre à peau rouge | 3 gousses d’ail | 3 branches de thym | 4 c. soupe d’huile d’olive | sel, poivre"
enfournez,Dinde de Licques aux marrons,https://www.cuisine-libre.org/dinde-de-licques-aux-marrons,https://www.cuisine-libre.org/local/cache-gd2/8c/22891b01ae3e4aab3c88451b8b5388.jpg?1703748447,Yves Huot-Marchand,,Durée totale :3 h,Non végétarien,2,30 min,2 h 30,PT3H,Four,"Sans œuf, Sans lactose, Sans gluten",5.00,2,8,"1 dinde de Licques de 3,5 à 4 kg prête à cuire | 40 g de beurre | 150 g de lardons maigres | 2 oignons | 200 g de viande maigre de porc | 100 g de panne de porc | 1 grosse pomme acide à chair ferme | quatre-épices | 2 douzaines de gros marrons au naturel | 1 fine barde de lard | huile | sel et poivre"
enfournez,Parmentier à l’olive,https://www.cuisine-libre.org/parmentier-a-l-olive,https://www.cuisine-libre.org/local/cache-gd2/58/dd4d63b751936fe49e2c88c1ec3005.jpg?1644798985,Gros,,Durée totale :50 min,Végétarien,7,20 min,30 min,PT50M,Four,"Sans viande, Sans gluten",4.71,7,2,500 g de pommes de terre à purée (chair farineuse) | 60 g de parmesan | 1 œuf | 50 ml d’huile d’olive + un filet | 50 g de tapenade | du basilic frais
enfournez,Chou-rave farci au riz,https://www.cuisine-libre.org/chou-rave-farci-au-riz,https://www.cuisine-libre.org/local/cache-gd2/66/10cc4ecc6a6f42dbe09b910749c898.jpg?1644794348,,,Durée totale :45 min,Végétalien (vegan),,15 min,30 min,PT45M,Four,"Sans viande, Sans œuf, Sans lactose, Sans gluten",,,2,2 petits choux-raves | 30 g riz blanc | 1 tomate | 1 oignon | 1 gousse d’ail | ½ citron jaune | 2 brins de persil | 1 c. à café de marjolaine en poudre | 1½ c. à soupe d’huile d’olive | 1 pincée de sel | 1 pincée de poivre
enfournez,Saumon gratiné au mascarpone,https://www.cuisine-libre.org/saumon-gratine-au-mascarpone,https://www.cuisine-libre.org/local/cache-gd2/1c/d852de7f5d36d9c306891a67a98982.jpg?1644794490,belfius,,Durée totale :50 min,Non végétarien,9,35 min,15 min,PT50M,,"Sans viande, Sans gluten",5.00,9,4,4 steaks de saumon atlantique (surgelés) | 6 blancs de poireaux | 1 citron pressé | 250 g de mascarpone | 1 œuf | 1 dl de lait | 1 cuillerée à soupe de beurre | sel et poivre
enfournez,Parmentier de haricots tarbais au porc (...),https://www.cuisine-libre.org/parmentier-de-haricots-tarbais-au-porc-noir,https://www.cuisine-libre.org/local/cache-gd2/51/93a759d80a2767c877c33b9e14a368.jpg?1644794350,"Chef Xavier Spadiliero, Haricot Tarbais",,Durée totale :15 h,Non végétarien,,1 h 45,1 h 15,PT15H,,"Sans œuf, Sans gluten",,,4,"250 g de haricots tarbais | 400 g de carré de porc noir (soit 2 côtes de 200g) | 400 g de joue de porc noir | 150 g de carottes | 150 g d’oignons | 50 g de poireaux | 100 g de fenouil | 1 gousse d’ail | 1 bouquet garni | 1 cl de fond de veau | 100 g de beurre | huile d’olive | 0,8 cl de vin blanc | petits pois | noisettes grillées | raz el hanout | sel | poivre"
enfournez,Gratin de rutabaga au gouda,https://www.cuisine-libre.org/gratin-de-rutabaga-au-gouda,https://www.cuisine-libre.org/local/cache-gd2/53/b072cf416b8a756870172da563c734.jpg?1644795718,Paniers d’Erquy,,Durée totale :1 h 30,Végétarien,,30 min,1 h,PT1H30M,Four,"Sans viande, Sans œuf, Sans gluten",,,4,2 rutabagas | 3 carottes | 4 pomme de terre | crème fraiche liquide allégée | 2 cs parmesan | 100 g gouda rouge mi vieux | beurre pour le moule | sel et poivre
enfournez,Lasagne à la napolitaine,https://www.cuisine-libre.org/lasagne-a-la-napolitaine,https://www.cuisine-libre.org/local/cache-gd2/be/8c372987b1e1b348469ae088dd18fe.jpg?1644795498,cam.lafit,,Durée totale :1 h 05,Non végétarien,28,30 min,20 min,PT1H5M,Four,,5.00,28,5,1 paquet de feuilles de lasagne à l’œuf | 1 litre de coulis de tomates | 350 g de viande hachée | 100 g de rosette | 3 œufs durs | 350 g de mozzarella | 1/2 oignon | parmesan râpé
enfournez,Rôti de veau aux épices,https://www.cuisine-libre.org/roti-de-veau-aux-epices,https://www.cuisine-libre.org/local/cache-gd2/db/e7e5423abf7ecc6bcc5f3f232b4279.jpg?1644794888,Collective du Veau de la Pentecôte,,Durée totale :1 h,Non végétarien,,15 min,45 min,PT1H,Mijoté,Sans œuf,,,,"1 rôti de veau de 800 g environ | 1 oignon rouge | 1 gousse d’ail hachée | 1 citron non traité | 1 botte de coriandre | 1 cuillère à café de gingembre en poudre | 1/2 cuillère à café de cannelle en poudre | 1 cuillère à café de graines de cumin | 1 bouillon cube dilué dans 20 cl d’eau | 1 cuillère à soupe d’huile d’olive | sel, poivre du moulin | Pour accompagner : | 2 verres de semoule à couscous grain moyen | 1 cuillère à soupe d’amandes effilées | 1 cuillère à soupe de raisins blonds | 20 g de beurre"
enfournez,Terrine de cèpes et pommes de terre primeur,https://www.cuisine-libre.org/terrine-de-cepes-et-pommes-de-terre-primeur,https://www.cuisine-libre.org/local/cache-gd2/03/877af22938e1535531497378d67075.jpg?1644794502,Producteurs de Noirmoutier,,Durée totale :2 h 20,Non végétarien,31,20 min,2 h,PT2H20M,Four,"Sans viande, Sans œuf, Sans lactose, Sans gluten",5.00,31,4,"400 g de cèpes | 8 pommes de terre primeur de l’île de Noirmoutier | 2 gousses d’ail | 4 tiges de persil | 25 cl de bouillon de volaille | 2 c. à soupe d’huile d’olive | Sel, poivre"
enfournez,Gratin de chou rouge aux marrons et aux  (...),https://www.cuisine-libre.org/gratin-de-chou-rouge-aux-marrons-et-aux,https://www.cuisine-libre.org/local/cache-gd2/13/dc9b2d347e96ff1c43617bd90f2ea4.jpg?1644797444,Ja6,,Durée totale :1 h 45,Non végétarien,1,15 min,30 min,PT1H45M,Four,Sans œuf,5.00,1,6,"1 chou rouge | 3 tranches fines de jambon fumé | 6 tranches de lard de poitrine ½ sel | 1 boite de marrons entiers au naturel | 10 cl de vin blanc | 2 pommes Reinettes | 2 oignons doux | 1 citron | 100 g de beurre | chapelure | sel, poivre"
enfournez,Patidous rôtis à l’échalote,https://www.cuisine-libre.org/patidous-rotis-a-l-echalote,https://www.cuisine-libre.org/local/cache-gd2/8b/8ce44b977e78ec0a68ae03241a2745.jpg?1644795797,Olympe de Courge,,Durée totale :2 h 15,Végétalien (vegan),1,15 min,2 h,PT2H15M,Four,"Sans viande, Sans œuf, Sans lactose, Sans gluten",5.00,1,,2 courges patidou (ou env. 500 g de votre courge préférée) | 12 échalotes | 2 à 3 c. à soupe d’huile d’olive | sel marin | poivre au moulin
enfournez,Aubergines Imam Bayildi,https://www.cuisine-libre.org/aubergines-imam-bayildi,https://www.cuisine-libre.org/local/cache-gd2/b9/d985611f32ba2c33f3e050dfcc49f4.jpg?1644800141,Radia,,Durée totale :1 h 30,Végétalien (vegan),28,30 min,1 h,PT1H30M,Four,"Sans viande, Sans œuf, Sans lactose, Sans gluten",5.00,28,4,"2 belles aubergines longues | 2 grosses tomates | huile d’olive | 2 oignons | 2 gousses d’ail | 1 c. café d’origan séché | 1 feuille de laurier | 1 bâton de cannelle | 1 c. soupe de sucre | 2 c. soupe de jus de citron | sel, paprika | persil frais"
enfournez,Poulet rôti ludique,https://www.cuisine-libre.org/poulet-roti-ludique,https://www.cuisine-libre.org/local/cache-gd2/27/054eb51b7110c1a19fcf916a0ae633.jpg?1644800071,gasd,,Durée totale :3 h 15,Non végétarien,13,2 h,1 h 15,PT3H15M,Four,"Sans œuf, Sans gluten",4.85,13,4,"1 poulet | barde de lard | 2 brins d’estragon | 1/2 bouquet de persil | 1 brin de thym | 1 oignon | 1 gousse d’ail | 1 cuillère à soupe d’huile | 50 g de beurre | 1 verre de blanc | sel, poivre | une truffe"
enfournez,Parmentier savoyard,https://www.cuisine-libre.org/parmentier-savoyard,https://www.cuisine-libre.org/local/cache-gd2/05/7ea9e019652c7c9ef52ba8278924fa.jpg?1644795716,Mouchette,,Durée totale :1 h 30,Non végétarien,3,45 min,45 min,PT1H30M,Four,"Sans œuf, Sans gluten",5.00,3,6,"1 kg de pommes de terre | 500 g de bœuf haché | 1 saucisse de Savoie | 150 g d’oignons | 10 cl de lait | 20 cl de crème | 125 g de beurre | 100 g de beaufort | 2 tranches de pain sec | huile, sel"
enfournez,Filet mignon à l’ananas,https://www.cuisine-libre.org/filet-mignon-a-l-ananas,https://www.cuisine-libre.org/local/cache-gd2/be/4a483da7819c3de27febcc6862de54.jpg?1644794309,Signe-Déco,,Durée totale :45 min,Non végétarien,,10 min,35 min,PT45M,Four,"Sans œuf, Sans lactose, Sans gluten",,,4,1 filet mignon de porc d’env. 1 kg | 8 tranches d’ananas | 2 cs d’huile d’olive | 2 cc de cinq épices | quelques branches de thym | sel et poivre
enfournez,Poivrons farcis au maïs,https://www.cuisine-libre.org/poivrons-farcis-au-mais,https://www.cuisine-libre.org/local/cache-gd2/12/2d15b7d0e002664fa9174472918b53.jpg?1648767223,Isabel Harris Metcalf,,,Végétarien,,?,,,Four,"Sans viande, Sans lactose",,,6,"1 boîte de maïs | 1 c. à soupe de fromage râpé | 2 œufs | 6 poivrons verts | chapelure | sel, poivre, paprika"
enfournez,Camembert au génépi,https://www.cuisine-libre.org/camembert-au-genepi,https://www.cuisine-libre.org/local/cache-gd2/86/dfcf1724da0682948705f9cc70caba.jpg?1644794232,christophe,Facile !,Durée totale :15 min,Végétarien,7,5 min,10 min,PT15M,Four,"Sans viande, Sans œuf, Sans gluten",5.00,7,2,un camembert dans sa boîte en bois | 4 cl de génépi
enfournez,Poulet bergamote citron,https://www.cuisine-libre.org/poulet-bergamote-citron,https://www.cuisine-libre.org/local/cache-gd2/b3/4318303080984ceb5f9cc566604b53.jpg?1644794485,Herrade,,Durée totale :1 h 45,Non végétarien,23,15 min,1 h 30,PT1H45M,Four,Sans œuf,5.00,23,4,"1 poulet élevé en plein air, env. 1,5 kg | 3 bergamotes | 1 citron | huile d’olive | sel de Guérande"
enfournez,Panais rôtis au miel et soja,https://www.cuisine-libre.org/panais-rotis-au-miel-et-soja,https://www.cuisine-libre.org/local/cache-gd2/5a/41fa1990d94854ccacf75f3fb68b8b.jpg?1644794955,Romy,Facile !,Durée totale :55 min,Végétarien,42,30 min,25 min,PT55M,Four,"Sans viande, Sans œuf, Sans lactose",5.00,42,3,"600 g de panais | 3 c. soupe d’huile d’olive | 2 c. soupe de miel liquide | 2 c. à soupe de sauce soja | ½ citron | sel, poivre"
enfournez,Soufflé au giraumon,https://www.cuisine-libre.org/souffle-au-giraumon,https://www.cuisine-libre.org/local/cache-gd2/d4/209ccd69a6375b8b29d73d238001df.jpg?1644795740,Jacqueline Desbrosses,,Durée totale :1 h 10,Végétarien,,20 min,50 min,PT1H10M,Four,Sans viande,,,6,700 g de chair de giraumon | ¼ de litre de lait | 3 œufs | 2 c. à soupe de fine semoule de blé | 100 g de fromage râpé (facultatif) | sel | poivre | 1 pincée de noix de muscade
enfournez,Mâtouille,https://www.cuisine-libre.org/matouille,https://www.cuisine-libre.org/local/cache-gd2/74/07abc159db1e101da07abc6a43efe3.jpg?1644794504,Ja6,,Durée totale :1 h,Végétarien,1,20 min,40 min,PT1H,,"Sans viande, Sans œuf, Sans gluten",5.00,1,6,2 Kg de pommes de terre | 500 g de tomme de Savoie à 40% | 200 g de beurre | 1 oignon | 50 cl d’eau ou mieux : de roussette de Savoie | Sel & Poivre
enfournez,Poulet rôti aux épices et légumes racines,https://www.cuisine-libre.org/poulet-roti-aux-epices-et-legumes-racines,https://www.cuisine-libre.org/local/cache-gd2/ae/008aa66bd5a91cc692a76f0eaec842.jpg?1644794965,,,Durée totale :1 h,Non végétarien,4,15 min,45 min,PT1H,Four,"Sans œuf, Sans lactose, Sans gluten",5.00,4,4,"1 poulet fermier de 1,6 kg coupé en morceaux | 4 carottes | 4 panais | 1 petit potimarron | 1 c. soupe d’épices mélangées : cannelle, girofle, coriandre, muscade et poivre de la Jamaïque | 1 c. café de graines de coriandre | 3 c. soupe de miel | 3 c. soupe d’huile d’olive | sel"
enfournez,Patidou farci au veau et figues,https://www.cuisine-libre.org/patidou-farci-au-veau-et-figues,https://www.cuisine-libre.org/local/cache-gd2/92/1651abbe9d14521620742e1645fda4.jpg?1644794952,Romy,,Durée totale :1 h 50,Non végétarien,8,20 min,1 h 30,PT1H50M,Four,"Sans œuf, Sans lactose",5.00,8,2,2 petites courges patidou | 250 g de veau | 2 oignons | 2 gousses d’ail | 1 c. soupe d’huile d’olive | 1 c. soupe de cumin en poudre | 1 c. café de cannelle | 1 c. soupe de miel | 4 figues sèches | 1 poignée de raisins de Corinthe | 2 cuillères d’eau de fleur d’oranger
enfournez,Parmentier de canard aux navets,https://www.cuisine-libre.org/parmentier-de-canard-aux-navets,https://www.cuisine-libre.org/local/cache-gd2/d1/8e5ecf3a8a717c49ef0b0b950f8e36.jpg?1644794490,Romy,,Durée totale :1 h 05,Non végétarien,24,20 min,45 min,PT1H5M,Four,"Sans viande, Sans lactose",4.92,24,3,"2 cuisses (env. 360 g) de canard confites | 450 g de navets blancs | 400 g de pommes de terre bintje | 1 petite carotte | 1 petite branche de céleri | 2 échalotes | 1 tranche de pain sec | 1 tranche de pain d’épice | sel, poivre du moulin"
enfournez,Gratins de pommes de terre au saumon,https://www.cuisine-libre.org/gratins-de-pommes-de-terre-au-saumon,https://www.cuisine-libre.org/local/cache-gd2/7d/7b6c82da3e27dd55f86c15caf259a6.jpg?1644802436,pecorino,,Durée totale :1 h 20,Non végétarien,6,20 min,1 h,PT1H20M,Four,"Sans viande, Sans œuf, Sans gluten",5.00,6,4,1 kg de pommes de terre | 200 g de saumon fumé | 150 g de gruyère râpé | 20 cl de crème fraîche | 10 cl de lait | 15 g de beurre | poivre
enfournez,Tomates farcies maigres,https://www.cuisine-libre.org/tomates-farcies-maigres,https://www.cuisine-libre.org/local/cache-gd2/55/125508bbc92d21a68f31cc7d0aa0a6.jpg?1644797998,,,Durée totale :55 min,Végétalien (vegan),1,30 min,25 min,PT55M,,"Sans viande, Sans œuf, Sans lactose, Sans gluten",5.00,1,4,"8 tomates charnues | 3 poivrons charnus | 2 cuillerées de persil haché | 3 cuillerées de riz | sel, poivre"
enfournez,Poivrons farcis à la viande,https://www.cuisine-libre.org/poivrons-farcis-a-la-viande,https://www.cuisine-libre.org/local/cache-gd2/37/086023028d005e70e96bb2070f1899.jpg?1644797823,Yves Huot-Marchand,,Durée totale :1 h 40,Non végétarien,1,30 min,1 h 10,PT1H40M,Mijoté,"Sans lactose, Sans gluten",5.00,1,4,4 beaux poivrons | 4 oignons | 2 gousses d’ail | 1 bouquet de ciboulette | 5 tomates | 30 g de riz à grains longs | 1 cuillerée à soupe d’huile d’olive | 1 piment vert | 500 g de bifteck haché | 1 œuf | sel et poivre
enfournez,Purée de courge gratinée,https://www.cuisine-libre.org/puree-de-courge-gratinee,https://www.cuisine-libre.org/local/cache-gd2/04/61d307846c1161ebbd990cd918c884.jpg?1667653727,Bernard Blazin,,Durée totale :1 h 55,Végétarien,24,40 min,1 h 15,PT1H55M,Four,"Sans viande, Sans œuf, Sans gluten",5.00,24,4,une belle tranche de courge (citrouille ou potiron) d’environ 500 g | 8 pommes de terre moyennes | 35 cl de lait | 1 cuillère à soupe de beurre frais | 4 pincées de sel | 3 pincées de poivre | 100 g de gruyère râpé
enfournez,Dinde de Noël truffée,https://www.cuisine-libre.org/dinde-de-noel,https://www.cuisine-libre.org/local/cache-gd2/c8/96ade4dd3588db91a805f5f3355321.jpg?1644794298,Ja6,,Durée totale :4 h,Non végétarien,,40 min,3 h,PT4H,Four,Sans œuf,,,8,1 dinde de Bresse de ± 4 kg prête à rôtir | 350 g de foies blonds de volaille | 125 g de jambon de Bayonne | 75 g de cerneaux de noix | 75 g de mie de pain blanc | 25 g de persil plat ciselé | 3 échalotes | 1 truffe de 40 g | 50 cl de lait | 25 g de beurre | 2 c. à soupe de fine Champagne | 1/3 c. à café de cannelle en poudre | 4 pincées de clou de girofle en poudre | 4 pincées de cumin en poudre et de noix muscade | 4 pincées de Cayenne en poudre | Sel & Poivre
enfournez,Gratin de saumon aux courgettes,https://www.cuisine-libre.org/gratin-de-saumon-courgettes,https://www.cuisine-libre.org/local/cache-gd2/9a/272be1478125b30c9650af047f56e4.jpg?1644795708,thierry71,,Durée totale :40 min,Non végétarien,38,5 min,35 min,PT40M,Four,"Sans viande, Sans œuf",5.00,38,4,3 courgettes | 2 pavés de saumon | 1 c. à soupe d’huile d’olive | sauce béchamel | beurre
enfournez,Hachis Parmentier aux légumes,https://www.cuisine-libre.org/hachis-parmentier-aux-legumes,https://www.cuisine-libre.org/local/cache-gd2/5b/99926f9d7a9228f0ca88a9583772e5.jpg?1644804593,belfius,,Durée totale :1 h 45,Non végétarien,16,45 min,1 h,PT1H45M,Four,"Sans œuf, Sans gluten",5.00,16,4,500 g de hachis préparé porc et bœuf | 500 g de poireaux coupés (surgelés) | 2 poivrons rouges | 1 échalotes | 1 éclat d’ail | 4 c. à soupe de beurre | 2 c. à soupe de farine | 1 c. à soupe de chapelure | 3 dl de bouillon de bœuf (1 cube dissous dans 3 dl d’eau très chaude) | ¼ c. à café de paprika | noix muscade | sel et poivre | 800 g de pommes de terre | 2 c. à soupe de beurre | 2 dl de lait
enfournez,Parmentier de vitelottes au haddock,https://www.cuisine-libre.org/parmentier-de-vitelottes-au-haddock,https://www.cuisine-libre.org/local/cache-gd2/34/ae051c8701d0c02cf9f55f85309116.jpg?1644801310,,,Durée totale :50 min,Non végétarien,,20 min,30 min,PT50M,Four,"Sans œuf, Sans gluten",,,4,"700 g de pommes de terre vitelottes | 2 filets de haddock | 2 oignons violets | 1 bouquet de persil plat | 4 c. à soupe de crème épaisse | 50 cl de lait | 80 g de beurre | 1 brin de thym | 1 feuille de laurier | sel, poivre"
enfournez,Pâtissons rôtis au romarin,https://www.cuisine-libre.org/patissons-rotis-au-romarin,https://www.cuisine-libre.org/local/cache-gd2/0d/29072c0cf12605303fcba827eaa6af.jpg?1644796174,,,Durée totale :45 min,Végétalien (vegan),,15 min,30 min,PT45M,Four,"Sans viande, Sans œuf, Sans lactose, Sans gluten",,,4,"1 kg de pâtissons | 2 oignons | 1 gousse d’ail | 2 branches de romarin | huile d’olive, sel, poivre"
enfournez,Cabillaud béchamel au curry,https://www.cuisine-libre.org/cabillaud-sauce-blanche-au-curry,https://www.cuisine-libre.org/local/cache-gd2/fe/5db0a4a73055f01daeaf68608063df.jpg?1644797140,Mouchette,,Durée totale :40 min,Non végétarien,2,10 min,30 min,PT40M,Four,"Sans viande, Sans œuf",5.00,2,4,"4 filets de cabillaud (frais ou surgelés) | 50 g de beurre | 40 g de farine | 1/2 litre de lait | 2 c. à soupe de curry | sel, poivre"
enfournez,Cocottes au saumon,https://www.cuisine-libre.org/cocottes-au-saumon,https://www.cuisine-libre.org/local/cache-gd2/9a/272be1478125b30c9650af047f56e4.jpg?1644795708,pecorino,,Durée totale :40 min,Non végétarien,2,30 min,10 min,PT40M,Four,"Sans viande, Sans gluten",5.00,2,4,280 g de filet de saumon frais | 6 cuillerées à soupe d’épinards hachés | 4 gros œufs | 1 dl de crème fraîche | quelques branches d’aneth fraîches
enfournez,Soufflé au gruyère,https://www.cuisine-libre.org/souffle-au-gruyere,https://www.cuisine-libre.org/local/cache-gd2/e0/64598fc72edf16b8c5b314cb060573.jpg?1644797676,Pierre Tramonson,,Durée totale :1 h 10,Végétarien,30,25 min,45 min,PT1H10M,Four,Sans viande,5.00,30,3,"125 g de gruyère rapé | 100 g de farine | 50 cl de lait demi-écrémé | 80 g de beurre | 6 œufs | noix de muscade | sel, poivre"
enfournez,"Carré de veau, pointes d’asperges vertes",https://www.cuisine-libre.org/carre-de-veau-pointes-d-asperges-vertes,https://www.cuisine-libre.org/local/cache-gd2/82/cf8eebed607e03e53876e11a200b6e.jpg?1679148095,Collective du Veau de la Pentecôte,,Durée totale :1 h 30,Non végétarien,,15 min,1 h 15,PT1H30M,Four,"Sans œuf, Sans gluten",,,4,1 carré de 4 côtes premières de veau | 1 kg d’asperges vertes | 10 cl de crème fraîche épaisse | 10 cl de fond de veau | 10 cl de Vermouth blanc sec | 1 oignon | 1 pincée de noix de muscade
enfournez,Poivrons farcis au quinoa et haricots noirs,https://www.cuisine-libre.org/poivrons-farcis-au-quinoa-et-haricots-noirs,https://www.cuisine-libre.org/local/cache-gd2/5f/e66d97f4df3b7a5c9e53741a56e1d0.jpg?1644798333,,,Durée totale :1 h 10,Végétalien (vegan),,20 min,50 min,PT1H10M,Four,"Sans viande, Sans œuf, Sans lactose, Sans gluten",,,2,2 poivrons orange | ½ tasse de quinoa noir sec | 1 tasse de jus de carotte au gingembre[*] | 1 tasse de haricots noirs cuits | 1 pincée de sel de mer
enfournez,Roulades de jambon poireaux-mozzarella,https://www.cuisine-libre.org/roulades-de-jambon-poireaux-mozzarella,https://www.cuisine-libre.org/local/cache-gd2/91/71d404ce3132b7b0bf6ad89d5dc5a9.jpg?1644797338,pecorino,,Durée totale :55 min,Non végétarien,4,15 min,40 min,PT55M,Four,Sans œuf,5.00,4,4,"8 tranches de jambon cuit | 3 poireaux | 250 g de mozzarella | 3 c. soupe de beurre | 7 dl de lait | 70 g de fromage râpé | 4 c. soupe de farine | ⅓ c. café de noix muscade | sel, poivre"
enfournez,Parmentier au tofu,https://www.cuisine-libre.org/parmentier-au-tofu,https://www.cuisine-libre.org/local/cache-gd2/05/ee2f0f7b4523d1f162fdf856313a80.jpg?1644794332,,,Durée totale :1 h 40,Végétalien (vegan),,30 min,1 h 10,PT1H40M,Four,"Sans viande, Sans œuf, Sans lactose, Sans gluten",,0,4,200 g de tofu fumé | 15 cl de lait de soja | 6 grosses pommes de terre | 20 g de margarine végétale | 1 oignon jaune | 2 petites carottes | huile d’olive | sel | poivre
enfournez,Christophines à la martiniquaise,https://www.cuisine-libre.org/christophines-a-la-martiniquaise,https://www.cuisine-libre.org/local/cache-gd2/b0/8b6b03ef478617fdc8b5d9f31e2993.jpg?1644802746,Yves Huot-Marchand,,Durée totale :1 h 05,Non végétarien,,25 min,40 min,PT1H5M,Four,Sans œuf,,,4,4 belles christophines à peau verte | 4 grandes tranches de mie de pain | 20 cl de lait | 200 g de lard de poitrine fumé | 2 oignons | huile | 50 g de gruyère ou d’édam râpé | sel et poivre
enfournez,Porkkanalaatikko (gratin de carottes),https://www.cuisine-libre.org/porkkanalaatikko-gratin-de-carottes,https://www.cuisine-libre.org/local/cache-gd2/80/795454d332c10d8494000028280267.jpg?1677364181,,,Durée totale :1 h 40,Végétarien,,20 min,1 h 20,PT1H40M,Four,"Sans viande, Sans gluten",,,10,1 kg de carottes | 1 tasse de riz rond à porridge | 5 tasses (1 litre) de lait entier (ou de crème) | 3 œufs battus | 1 c. à soupe de cassonade brune ou miel ou mélasse | ½ c. à café de quatre-épices ou ¼ c. à café noix de muscade | 1 c. à café poivre blanc | 1 c. à café sel | Pour gratiner | chapelure ou poudre d’amandes | beurre
enfournez,Tartiflette calédonienne,https://www.cuisine-libre.org/tartiflette-caledonienne,https://www.cuisine-libre.org/local/cache-gd2/c2/934c1667fd535412a8ad29831f47eb.jpg?1644794288,,,Durée totale :55 min,Non végétarien,14,15 min,40 min,PT55M,Four,"Sans œuf, Sans gluten",5.00,14,6,5 ignames (mauves et blanches) | 5 patates douces | 1 reblochon | 200 g de lardons | 50 cl de lait de coco | 2 oignons
enfournez,Daurade royale au citron,https://www.cuisine-libre.org/daurade-au-citron,https://www.cuisine-libre.org/local/cache-gd2/37/5751d613e4d32f85998b86a4b1834a.jpg?1644797080,Romy,Facile !,Durée totale :50 min,Non végétarien,49,10 min,40 min,PT50M,Four,"Sans viande, Sans œuf, Sans lactose, Sans gluten",5.00,49,2,1 belle daurade royale écaillée et vidée | 1 citron non traité | 1 tomate | romarin ou thym frais | huile d’olive
enfournez,Truffade auvergnate,https://www.cuisine-libre.org/truffade-auvergnate,https://www.cuisine-libre.org/local/cache-gd2/af/0971dfb8dc6f19abe16f77c5592723.jpg?1644794347,Annie,,Durée totale :30 min,Non végétarien,2,15 min,15 min,PT30M,,"Sans œuf, Sans gluten",5.00,2,4,"600 g de pommes de terre | 300 g de tomme fraîche de cantal | 130 g de poitrine de porc fumée | sel, poivre | 3 gousses d’ail | 1 c. à soupe de saindoux ou de beurre"
enfournez,Courge butternut rôtie aux oignons,https://www.cuisine-libre.org/courge-butternut-rotie-aux-oignons,https://www.cuisine-libre.org/local/cache-gd2/c9/987148cbf60bfaf53d0a1cfae2cfeb.jpg?1644795634,,,Durée totale :50 min,Végétalien (vegan),9,20 min,30 min,PT50M,Four,"Sans viande, Sans œuf, Sans lactose, Sans gluten",5.00,9,,"1 courge butternut | 4 belles pommes de terre (facultatif) | 2 gros oignons rouges | huile d’olive | herbes aromatiques : thym, laurier, romarin | sel et poivre"
enfournez,Raclette,https://www.cuisine-libre.org/raclette,https://www.cuisine-libre.org/local/cache-gd2/fd/e86d484339cfeb9c5a62ef29b28f46.jpg?1644794289,Ja6,,,Non végétarien,,?,,,Grill,"Sans œuf, Sans gluten",,,6,"1/2 forme de fromage «à raclette» de ± 1,5 kg : Bagnes, Conches ou Orsières | 12 pommes de terre - cuites en «robe des champs» | 12 tranches de viande des grisons ou de jambon cru, coppa voire de filet mignon tranché fin et grillé… | cornichons conservés dans du vinaigre ou à la russe | petits oignons blancs au vinaigre | poivre noir - grossièrement concassé"
enfournez,Gratin de pennes aux courgettes et tomates,https://www.cuisine-libre.org/gratin-de-pennes-aux-courgettes-et-tomates,https://www.cuisine-libre.org/local/cache-gd2/5b/f6368cd5852ead77f6d100c04fe722.jpg?1644798752,kroencuisine,,Durée totale :55 min,Végétarien,8,30 min,25 min,PT55M,Four,Sans viande,5.00,8,4,400 g de pennes | 1 oignon | 2 courgettes | 4 grosses tomates | herbes de Provence | rondelles de chèvre | gruyère râpé | huile d’olive
enfournez,Gratin de laitues,https://www.cuisine-libre.org/gratin-de-laitues,https://www.cuisine-libre.org/local/cache-gd2/8d/aa2226e0fa5bd20728433e81469265.jpg?1645156131,,,Durée totale :1 h,Non végétarien,,20 min,40 min,PT1H,Four,"Sans œuf, Sans gluten",,,,"2 petites laitues par personne | 25 g de lard (ou tofu) fumé | 25 g de fromage rapé | beurre, sel, poivre"
enfournez,Poule farcie à la grecque,https://www.cuisine-libre.org/poule-farcie-a-la-grecque,https://www.cuisine-libre.org/local/cache-gd2/7f/01d68409256af0c4d70053c77e5c5c.jpg?1644797317,Ja6,,Durée totale :1 h 30,Non végétarien,,30 min,1 h,PT1H30M,Four,Sans œuf,,,4,"1 poule de 2 à 2,5 kg | 3 gousses d’ail | 1 carotte | 1 oignon | 1 pomme de terre | 1/2 poireau | 1 branche de céleri | 2 tomates | 5 cl de vin rouge | 4 cuillères à soupe d’huile d’olive | Sel | Pour la farce | 100 g de riz jaune | 500 g de châtaignes mondées – épluchées | 60 g de pignons de pin | 50 g de raisins secs noirs et fins | 5 oignons blancs frais | 1 branche d’origan | 1 pomme | 1 gousse d’ail | 5 cl de vin blanc | 4 cuillères à soupe d’huile d’olive | Sel | Pour la sauce | 1/2 citron | 2 cuillères à soupe de sucre semoule | 1 cuillère à café de fécule de mais"
enfournez,Gratin de bananes au jambon,https://www.cuisine-libre.org/gratin-de-bananes-au-jambon,https://www.cuisine-libre.org/local/cache-gd2/c3/a09021cf3c690c984c4f4b8abbeb6a.jpg?1644797054,cactux,,Durée totale :35 min,Non végétarien,18,10 min,25 min,PT35M,Four,"Sans œuf, Sans gluten",5.00,18,4,8 bananes plantain | 8 fines tranches de jambon blanc | 50 cl de crème fraîche | fromage râpé (emmental ou gruyère)
enfournez,Crevettes aux topinambours,https://www.cuisine-libre.org/crevettes-aux-topinambours,https://www.cuisine-libre.org/local/cache-gd2/0b/83b274a03cd1a7fcea8b45c7622453.jpg?1644794640,Paniers d’Erquy,,Durée totale :45 min,Non végétarien,,15 min,30 min,PT45M,Four,"Sans viande, Sans œuf",,,4,4 à 5 topinambours | 20 à 30 grosses crevettes roses cuites | 20 cl de crème fraîche | ciboulette | sel et poivre
enfournez,Arnabeet B’bashamel (gratin de chou-fleur à la  (...),https://www.cuisine-libre.org/arnabeet-b-bashamel-gratin-de-chou-fleur,https://www.cuisine-libre.org/local/cache-gd2/b9/d690d14f9327cef8be236d7625825e.jpg?1644794260,,,Durée totale :1 h,Non végétarien,,20 min,40 min,PT1H,,,,,,"20 onces (560 g) de chou-fleur surgelé | 1 pincée de cumin | ½ livre (250 g) de viande hachée | 1 oignon moyen, haché | 8 onces (220 g) de sauce tomate en conserve | sel | poivre | pincée de piment de la Jamaïque | 3 c. à soupe de beurre | 3 c. à soupe de farine tout usage | 1½ tasse de lait | 1 œuf légèrement battu"
enfournez,"Tian de courgettes, tomates et chèvre sur  (...)",https://www.cuisine-libre.org/tian-de-courgettes-tomates-et-chevre-sur-riz,https://www.cuisine-libre.org/local/cache-gd2/fc/93d270758a101866626a704ac93db4.jpg?1644794477,Mamico,,Durée totale :2 h,Végétarien,96,30 min,1 h 30,PT2H,Four,"Sans viande, Sans œuf, Sans gluten",4.76,96,6,"4 tomates | 3 courgettes | 2 bûchettes de chèvre | 4 parts de riz rond cuit | 2 oignons | 2 gousses d’ail | 3 cuil. à soupe d’huile d’olive | herbes de Provence | branches de thym frais | sel, poivre"
enfournez,Amandes de mer gratinées,https://www.cuisine-libre.org/amandes-de-mer-gratinees,https://www.cuisine-libre.org/local/cache-gd2/5d/759c661fffcb29b7ba2f272face303.jpg?1644797053,,,Durée totale :30 min,Non végétarien,,15 min,15 min,PT30M,Four,Sans œuf,,,4,24 amandes de mer | 200 g de lardons | 1 tranche de pain de mie | 1 oignon | lait | fromage râpé
enfournez,Gratin de carotte à la polente,https://www.cuisine-libre.org/gratin-de-carotte-a-la-polente,https://www.cuisine-libre.org/local/cache-gd2/d5/86f03c19b0b57e3eba44567a635c03.jpg?1644796959,AMAP Saint-Egrève,,Durée totale :45 min,Végétarien,25,10 min,35 min,PT45M,Vapeur,"Sans viande, Sans gluten",5.00,25,4,6 carottes | 50 g de fromage de chèvre frais | 2 c. à soupe de crème fraîche | 1 verre de polente | 3 verres de lait | 2 œufs
enfournez,Escalivade,https://www.cuisine-libre.org/escalivade,https://www.cuisine-libre.org/local/cache-gd2/86/50573f2b566bd27a7f853686cd2232.jpg?1644794702,Maguelonne,,Durée totale :1 h,Végétalien (vegan),3,20 min,40 min,PT1H,Four,"Sans viande, Sans œuf, Sans lactose, Sans gluten",5.00,3,3,"aubergines | courgettes | oignons rouges | poivrons (verts, rouges ou jaunes) | tomates | huile d’olive | thym, romarin | 1 citron | 1 verre d’eau"
enfournez,Gratin de ravioles du Dauphiné sur lit d’oignons (...),https://www.cuisine-libre.org/gratin-de-ravioles-du-dauphine-sur-lit-d-oignons-caramelises,https://www.cuisine-libre.org/local/cache-gd2/16/3e226f4dc8e1dc91835e173483955d.jpg?1644797053,Phoen,,Durée totale :30 min,Non végétarien,8,15 min,15 min,PT30M,Four,Sans viande,5.00,8,2,2 gros oignons blancs | 10 g de beurre demi-sel | 1 càs d’huile d’olive | 4 plaques de ravioles du Dauphiné | 3 cc de parmesan râpé | 2 poignées de gruyère râpé | sel fin
enfournez,Maquereaux farcis,https://www.cuisine-libre.org/maquereaux-farcis,https://www.cuisine-libre.org/local/cache-gd2/91/b13b180bc0b6d95f8b6bee331851f1.jpg?1648829445,corinne,,Durée totale :40 min,Non végétarien,10,20 min,20 min,PT40M,Four,"Sans viande, Sans œuf, Sans lactose, Sans gluten",5.00,10,4,"4 beaux maquereaux | 1 petite courgette | 1 petit oignon | 1 petite gousse d’ail | persil | citron non traité | sel, poivre | vin blanc (facultatif) | huile d’olive"
enfournez,Gratin de cardons aux lardons,https://www.cuisine-libre.org/gratin-de-cardons-aux-lardons,https://www.cuisine-libre.org/local/cache-gd2/27/b7d61d4e869185a3d68106c3c4043d.jpg?1644795612,,,Durée totale :2 h 20,Non végétarien,,20 min,2 h,PT2H20M,Four,Sans œuf,,,,"1 pied de cardon | 150 à 200 g de lardons | 1 citron pressé | beurre | farine | 50 cl de lait | gruyère râpé | sel, poivre"
enfournez,Tian d’Apt,https://www.cuisine-libre.org/tian-d-apt,https://www.cuisine-libre.org/local/cache-gd2/4c/fae9ae5800e03fa10b14ba6caf7b45.jpg?1644794503,Produits du terroir,,Durée totale :1 h 30,Végétalien (vegan),,20 min,1 h 10,PT1H30M,Four,"Sans viande, Sans œuf, Sans lactose, Sans gluten",,,,"1 kg de pommes de terre | oignons émincés | gousses d’ail | huile d’olive | quelques olives noires | 1 à 3 feuilles de laurier | 1 petit bouquet de thym | 1 bouillon (de volaille ou de veau) | sel, poivre"
enfournez,Dorade à l’oseille,https://www.cuisine-libre.org/dorade-a-l-oseille,https://www.cuisine-libre.org/local/cache-gd2/28/f52d11769c7b32333bca689b333cda.jpg?1644797080,Ja6,,Durée totale :45 min,Non végétarien,,15 min,30 min,PT45M,Four,"Sans viande, Sans œuf, Sans gluten",,,4,"1 daurade de 750 g (ou 4 de 300 g) | 500 g d’oseille | 25 cl de crème fraîche | 100 g de beurre | 1 pincée de sucre | sel, poivre"
enfournez,Patates douces hasselback,https://www.cuisine-libre.org/patates-douces-hasselback,https://www.cuisine-libre.org/local/cache-gd2/b6/4ceed8f380310b69d4851c72d45e25.jpg?1648723237,,,Durée totale :50 min,Végétarien,1,10 min,40 min,PT50M,Four,"Sans viande, Sans œuf, Sans gluten",5.00,1,4,"4 patates douces moyennes | 1 c. à soupe de beurre doux fondu | 1 c. à café d’huile d’olive | 1 c. à café de thym frais haché finement | 1 gousse d’ail finement râpée | ¼ de c. à café de sel casher | ¼ de c. à café de poivre noir fraîchement moulu | Pour servir | 6 c. à soupe de yaourt grec allégé | 1 oignon de printemps, parties blanches et vertes hachées"
enfournez,Banane à la raclette,https://www.cuisine-libre.org/banane-a-la-raclette,https://www.cuisine-libre.org/local/cache-gd2/61/a6fc32b26b5c4549a7c7046e496c34.jpg?1644794317,Maïeul,Facile !,Durée totale :2 min,Végétarien,36,1 min,1 min,PT2M,,"Sans viande, Sans œuf, Sans gluten",5.00,36,1,1 tranche de fromage à raclette | 1 banane jaune
enfournez,Hachis Parmentier,https://www.cuisine-libre.org/hachis-parmentier,https://www.cuisine-libre.org/local/cache-gd2/69/eb4335b50434fad2b36fb545496937.jpg?1644794960,Romy,,Durée totale :1 h,Non végétarien,112,20 min,40 min,PT1H,Four,"Sans œuf, Sans gluten",4.53,112,6,1 kg de pommes de terre | 20 cl de lait | beurre frais | 500 g de viande hachée (restes du pot-au-feu) | 1 oignon | 1 échalote | 2 gousses d’ail | 1 botte de persil | sel et poivre
enfournez,Pintade chapon au cidre et raisins,https://www.cuisine-libre.org/pintade-chapon-au-cidre-et-raisins,https://www.cuisine-libre.org/local/cache-gd2/00/665303da52843f82571ed03f8c8a3e.jpg?1644794978,paddy,,Durée totale :1 h 35,Non végétarien,5,15 min,1 h 20,PT1H35M,Four,"Sans œuf, Sans gluten",5.00,5,10,2 pintades chapon | 50 g de beurre | 12 noix | 25 cl de cidre brut | 25 cl de bouillon de volaille | 5 cl de calvados | 60 cl de crème fraîche fleurette | sel | poivre | 100 g de raisins secs de Corinthe
enfournez,Saumon et compotée de tomates cerises,https://www.cuisine-libre.org/saumon-et-compotee-de-tomates-cerises,https://www.cuisine-libre.org/local/cache-gd2/a0/717e3a49c2ab314e5cfde9600c8883.jpg?1644794490,Bernard Marcel,,Durée totale :40 min,Non végétarien,17,20 min,20 min,PT40M,Four,"Sans viande, Sans œuf, Sans lactose, Sans gluten",5.00,17,4,4 pavés de saumon | 250 grammes de tomates cerises | 1 c. à café de sucre en poudre | 2 oignons | 1 gousse d’ail | branches de romarin | huile d’olive | sel et poivre
enfournez,Dorades rôties au lard,https://www.cuisine-libre.org/dorades-roties-au-lard,https://www.cuisine-libre.org/local/cache-gd2/e8/5bb594d1cd6981a485af11a7116bf0.jpg?1644797080,Ja6,,Durée totale :30 min,Non végétarien,1,15 min,15 min,PT30M,Four,"Sans œuf, Sans lactose, Sans gluten",5.00,1,4,4 dorades «portion» | 2 tranches de lard fumé épaisses | 60 g de beurre | sauge | thym-citron
enfournez,Marrons à la limousine,https://www.cuisine-libre.org/marrons-a-la-limousine,https://www.cuisine-libre.org/local/cache-gd2/3b/5f270100a10970cde6749a72a25d6a.jpg?1649290157,Yves Huot-Marchand,,Durée totale :2 h 20,Végétarien,,20 min,2 h,PT2H20M,Four,"Sans viande, Sans œuf, Sans gluten",,,6,500 g de marrons | 3 grosses pommes de terre | 2 carottes | 3 belles tranches de céleri-rave | quelques feuilles de chou vert frisé | 80 g de beurre frais | sel et poivre au moulin
enfournez,Gratin de colin à la tomate et champignons,https://www.cuisine-libre.org/gratin-de-colin-a-la-tomate-et-champignons,https://www.cuisine-libre.org/local/cache-gd2/51/b3b1274e525646d4bba69db551477e.jpg?1644852234,Kywie,,Durée totale :40 min,Non végétarien,,15 min,25 min,PT40M,Four,"Sans viande, Sans œuf, Sans lactose, Sans gluten",,,3,"4 ou 5 filets de colin | 3 grosses tomates (cœur de bœuf de préférence) | 5 gros champignons de Paris | riz | basilic | sel, poivre"
enfournez,Tomates à la provençale,https://www.cuisine-libre.org/tomates-a-la-provencale,https://www.cuisine-libre.org/local/cache-gd2/88/4b055e2a7aa405178fb0bb392a4907.jpg?1644802749,Yves Huot-Marchand,,Durée totale :1 h 05,Végétalien (vegan),4,5 min,1 h,PT1H5M,Mijoté,"Sans viande, Sans œuf, Sans lactose, Sans gluten",5.00,4,2,4 belles tomates côtelées bien mûres | 2 petites gousses d’ail | 1 petit bouquet de cerfeuil | 4 feuilles de basilic | 2 c. à café d’huile d’olive | 1 c. à café de thym frais | 1 c. à café de sucre en poudre | sel et poivre
enfournez,Gratin de polenta au poireau et à la raclette,https://www.cuisine-libre.org/gratin-de-polenta-poireau-raclette,https://www.cuisine-libre.org/local/cache-gd2/e2/acf65c9a39f825d27ef6640e1cf237.jpg?1644798640,"Virginie, d’une Pincée de Gourmandise",,Durée totale :40 min,Non végétarien,,10 min,30 min,PT40M,Four,Sans œuf,,,3,400g de polenta toute prête | 120g de fromage à raclette | 75g de bacon en dés | 3 poireaux | 1 petite boîte de champignons en morceaux (soit 115g) | 20cl de crème fraîche | Sel et poivre
enfournez,Courge spaghetti farcie aux deux viandes,https://www.cuisine-libre.org/courge-spaghetti-farcie-aux-deux-viandes,https://www.cuisine-libre.org/local/cache-gd2/38/aca3fd1efab94b64a68731afa67091.jpg?1706353220,La Coupe des Fées,,Durée totale :50 min,Non végétarien,,20 min,30 min,PT50M,Four,"Sans œuf, Sans gluten",,,4,"1 courge spaghetti | 350 g de chair à saucisse | 150 g de restes de poulet | 100 g de fromage râpé | 2 gousses d’ail | 1 oignon | 2 c. à soupe de concentré de tomate | sel, poivre"
enfournez,Crumble de courgettes,https://www.cuisine-libre.org/crumble-de-courgettes,https://www.cuisine-libre.org/local/cache-gd2/0b/aa6a6c108b30c54fc23fa85debbe59.jpg?1644795056,glévarec,,Durée totale :45 min,Végétarien,16,20 min,25 min,PT45M,Four,"Sans viande, Sans œuf",5.00,16,5,"8 courgettes | 150 g de beurre | 6 cuill. à soupe d’huile d’olive | 3 cuill. à soupe de farine | 3 cuill. à soupe de chapelure | sel, poivre"
poele-et-grill,Poulet à la citronnelle,https://www.cuisine-libre.org/poulet-a-la-citronnelle,https://www.cuisine-libre.org/local/cache-gd2/9a/e7a28eb822f356e0c9ae3d6271aba9.jpg?1644799447,,,Durée totale :30 min,Non végétarien,1,5 min,25 min,PT30M,Sauté,"Sans œuf, Sans lactose",5.00,1,4,3 blancs de poulet | 2 c. à soupe de fécule de maïs | 1 c. à soupe d’huile d’arachide | 2 c. café de sel | Pour la sauce | 2 c. soupe de citronnelle hachée | 1 c. soupe de sauce de soja | ½ c. soupe de sauce de poisson | ½ c. soupe de sucre | 1 c. café de poudre de piment fort | 1 c. café d’ail haché | 2 piments rouges séchés | Pour servir | 40 cl de lait de coco | ½ oignon rouge coupé en dés | feuilles de basilic thaï
enfournez,Gratin dauphinois,https://www.cuisine-libre.org/gratin-dauphinois,https://www.cuisine-libre.org/local/cache-gd2/39/53b20b6e4e30925d7a517e43d5a465.jpg?1644794407,,,Durée totale :1 h 50,Végétarien,112,20 min,1 h 30,PT1H50M,Four,"Sans viande, Sans œuf",5.00,112,4,"1 kg pommes de terre jaunes à chair ferme[*] | 1 gousse d’ail | 50 cl de lait entier | 20 cl de crème fraîche (facultatif) | 1 grosse noix de beurre | sel, poivre"
poele-et-grill,Radis caramélisé à l’orientale,https://www.cuisine-libre.org/radis-caramelise-a-l-orientale,https://www.cuisine-libre.org/local/cache-gd2/8d/d93a2fb9dc31bdb7bde9913ee403fe.jpg?1644795741,erezzonico,,Durée totale :25 min,Végétarien,,15 min,10 min,PT25M,Sauté,"Sans viande, Sans œuf, Sans lactose, Sans gluten",,0,4,"1 gros radis | 1 oignon | 3 cs d’huile (d’olive, colza…) | 1 cs de cumin oriental (en poudre) | 1 cs de paprika doux | 1 à 2 cs de miel (ou sirop d’érable pour une version végane)"
poele-et-grill,Steak de chou-fleur au grana padano,https://www.cuisine-libre.org/steak-de-chou-fleur-au-grana-padano,https://www.cuisine-libre.org/local/cache-gd2/73/ab84ba4d233a52634daf13adec002e.jpg?1645749064,Grana Padano Lover,,Durée totale :1 h,Végétarien,1,1 h,,PT1H,Sauté,"Sans viande, Sans gluten",5.00,1,4,2 gros choux-fleurs | 1 petit oignon haché | 150 g de fromage grana padano râpé | 2 cuillères à soupe d’huile d’olive extra vierge | 1 bouquet de thym | 2 gousses d’ail | 20 g de beurre doux | sel | poivre
poele-et-grill,Endives sautées,https://www.cuisine-libre.org/endives-sautees,https://www.cuisine-libre.org/local/cache-gd2/5b/7097252ae2ce369eda58d1ceb194ad.jpg?1644796771,Romy,Facile !,Durée totale :20 min,Végétalien (vegan),29,10 min,10 min,PT20M,Sauté,"Sans viande, Sans œuf, Sans lactose, Sans gluten",5.00,29,2,2 endives (moins de 400 g) | 1 oignon | 3 gousses d’ail | huile | sel
poele-et-grill,Poulet au riz safrané (kabsa),https://www.cuisine-libre.org/poulet-au-riz-safrane-kabsa,https://www.cuisine-libre.org/local/cache-gd2/7f/12939bd856175d5204ed6adb86fbda.jpg?1644797796,moustache,,Durée totale :55 min,Non végétarien,1,10 min,45 min,PT55M,,"Sans œuf, Sans lactose, Sans gluten",5.00,1,4,"4 cuisses de poulet | 500 g de riz basmati | 3 cas d’huile d’olive | 1 gros oignon | 2 tomates coupées en dés | 3 gousses d’ail | 3 pincées de sel | 1 cac de poivre | 1 cac de cumin | 1 cac de curcuma | 1 cac de cannelle | 1 pincée de safran | 3 feuilles de laurier | 5 clous de girofle | 4 grains de cardamome | 1,5 l d’eau | Pour décorer | 100 g de raisins secs | 1 oignon moyen | 1 cas de miel | 1 cas d’huile d’olive | 1 cac de cannelle"
poele-et-grill,Gambas sauce à l’aïl,https://www.cuisine-libre.org/gambas-sauce-a-l-ail,https://www.cuisine-libre.org/local/cache-gd2/76/1d7eb5c880aaa142cf6f876d42c574.jpg?1644794640,Psychopathes Associés,,Durée totale :2 h 18,Non végétarien,2,15 min,3 min,PT2H18M,Grill,"Sans œuf, Sans lactose",5.00,2,,gambas (congelées) | huile d’olive | 8 cs de sauce de soja douce | 10 cl de jus de citron | 10 cl d’huile de sésame | 3 gousses d’aïl | un trait de tabasco vert | une pointe de miel
poele-et-grill,Chou sauté au porc haché,https://www.cuisine-libre.org/chou-saute-au-porc-hache,https://www.cuisine-libre.org/local/cache-gd2/68/db23cb722a5116ac4faf10a04ea9df.jpg?1644796606,AMAP Caudéran,,,Non végétarien,1,?,,,Sauté,"Sans œuf, Sans lactose, Sans gluten",5.00,1,,1/2 chou blanc taillé en cubes de 3 cm | 200 g de porc haché | 1 gousse d’ail | 1 c. soupe de sauce soja | purée de piment (sambal oelek)
poele-et-grill,Noix de Saint-Jacques aux shiitakés,https://www.cuisine-libre.org/noix-de-saint-jacques-aux-shiitakes,https://www.cuisine-libre.org/local/cache-gd2/d2/a113cc39a7c76afd7b112316ff01f8.jpg?1644797259,Mouchette,,Durée totale :30 min,Non végétarien,3,20 min,10 min,PT30M,Mijoté,"Sans viande, Sans œuf",5.00,3,4,500 g de noix de Saint-Jacques avec corail | 250 g de shiitaké | 70 g de beurre | 1 citron | 1 petit oignon haché | 30 cl de vin blanc sec | 1 cuillère à soupe de farine | 20 cl de crème fraîche épaisse | 2 jaunes d’œufs | persil | sel et poivre
poele-et-grill,Foie gras frais aux câpres,https://www.cuisine-libre.org/foie-gras-frais-aux-capres,https://www.cuisine-libre.org/local/cache-gd2/86/1355300c015ba4d8bcf448739378ed.jpg?1644797530,Ja6,,,Non végétarien,,?,,,,"Sans œuf, Sans lactose, Sans gluten",,,4,"1 foie gras de canard frais de ± 500 g | 3 gousses d’ail | 1 branche de thym | 1 petite botte de ciboulette | 30 g de graisse d’oie, à défaut du saindoux | 50 g de câpres | 2 cl d’Armagnac | 5 cl de madère | gros sel de mer de l’île de Ré | Sel & Poivre"
poele-et-grill,Pommes de terre au pourpier,https://www.cuisine-libre.org/pommes-de-terre-au-pourpier,https://www.cuisine-libre.org/local/cache-gd2/07/12c423df36a7860f6dde0324b2e085.jpg?1644800360,,,,Non végétarien,,?,,,Sauté,"Sans œuf, Sans lactose, Sans gluten",,,,"100 g de pancetta hachée | 100 g de pourpier | 1 c. à soupe d’oignon émincé | 500 g de petites pommes de terre (rattes) | 60 cl de bouillon de poulet | 1,5 c. à café de miel | 6 cl vinaigre de cidre | sel, poivre"
poele-et-grill,Wok de nouilles au brocoli,https://www.cuisine-libre.org/wok-de-nouilles-au-brocoli,https://www.cuisine-libre.org/local/cache-gd2/97/6bb33a86d70837b7f2419551667cfa.jpg?1644794270,,,,Végétalien (vegan),1,?,,,Sauté,"Sans viande, Sans œuf, Sans lactose",5.00,1,2,"2 nids de nouilles de blé chinoise | 200 g de tofu, en dès | 1 oignon, coupé en lanières | 2 gousses d’ail, râpées | 1 morceau de gingembre, râpé | 1/2 tête de brocoli détaillé en fleurettes | 1 bonne poignée de petits pois, frais ou surgelés | 1 poignée de noix de cajou | 1 c. à soupe de sauce soja | 1 c. à soupe d’huile de sésame | 1 c. à soupe d’huile végétale neutre"
poele-et-grill,Carottes rôties au shiitake,https://www.cuisine-libre.org/carottes-roties-au-shiitake,https://www.cuisine-libre.org/local/cache-gd2/e5/bd3bff1d26b81e23e5b1e8c48dd47f.jpg?1644797259,lacuisineetmoi,,Durée totale :20 min,Végétarien,,10 min,10 min,PT20M,Four,"Sans viande, Sans œuf, Sans gluten",,0,4,240 g carottes en rondelles | 1 citron jaune pressé | 3 c. soupe d’huile d’olive | 1 c. café de cumin en poudre | 150 g de shitake | 1 échalote | 200 g de chèvre frais | 1 petit bouquet de thym citron | 1 c. soupe de pignons de pin | fleur de sel | poivre du moulin
poele-et-grill,Limande poêlée et topinambours vinaigrés,https://www.cuisine-libre.org/limande-poelee-et-topinambours-vinaigres,https://www.cuisine-libre.org/local/cache-gd2/df/66cabc48227a37066cabc72d4f0b25.jpg?1644794974,Romy,,Durée totale :45 min,Non végétarien,21,15 min,30 min,PT45M,Vapeur,"Sans viande, Sans œuf, Sans lactose",4.67,21,2,"500 g de topinambours | 2 filets de limande | 1 c. à soupe de farine | 1 poignée d’amandes effilées | 1 échalote | 1/2 citron | huile neutre (colza) | sel, poivre"
poele-et-grill,Bananes plantains sautées,https://www.cuisine-libre.org/bananes-plantains-sautees,https://www.cuisine-libre.org/local/cache-gd2/9f/959f5f4c3ee5668d9d20292e58acae.jpg?1677361698,,,Durée totale :20 min,Végétalien (vegan),4,10 min,10 min,PT20M,Friture,"Sans viande, Sans œuf, Sans lactose, Sans gluten",5.00,4,4,2 belles bananes plantains mûres | 60 ml (1/4 de tasse) d’huile
poele-et-grill,Chaud-froid de morue aux fèves,https://www.cuisine-libre.org/chaud-froid-de-morue-aux-feves,https://www.cuisine-libre.org/local/cache-gd2/a3/da5dec8d8a9d935de4c1c08d2b975b.jpg?1644797142,Paniers d’Erquy,,Durée totale :1 j,Non végétarien,,20 min,10 min,PT1DH30M,,"Sans viande, Sans œuf, Sans lactose, Sans gluten",,,,1 filet de morue | 2 tomates bien mûres | fèves fraîches | menthe | sel
poele-et-grill,Crème de haricot tarbais et tataki de thon (...),https://www.cuisine-libre.org/creme-de-haricot-tarbais-et-tataki-de-thon-rouge,https://www.cuisine-libre.org/local/cache-gd2/c1/50ed9128d5d429088292242906a1aa.jpg?1644794348,Haricot Tarbais,,Durée totale :1 h 50,Non végétarien,,1 h 30,,PT1H50M,Sauté,"Sans viande, Sans œuf",,,4,1 bocal de haricot tarbais au naturel de 750 g | 320 g de thon rouge | Pour la gelée : | 3 g de gélatine | 10 g de dashi | 200 g d’eau) | 25 g de sauce soja | 10 g de jus de citron | 1 cac ail haché et de gingembre haché | 10 g de sucre | Pour la marinade : | 50 g de sauce soja | 1 cac ail haché et de gingembre haché | Pour la crème : | 10 g de sauce soja | 5 g de wasabi | 100 g de crème | eau et dashi | Pour la décoration : | 2 gousses ail en chips | 1 cas noix de cajou et de ciboulette | salade
poele-et-grill,Eryngiis poêlées à l’ail,https://www.cuisine-libre.org/eryngiis-poelees-a-l-ail,https://www.cuisine-libre.org/local/cache-gd2/19/b9a1c46024707df2852d55213cb050.jpg?1644795696,Fil,,Durée totale :25 min,Végétalien (vegan),24,5 min,20 min,PT25M,Sauté,"Sans viande, Sans œuf, Sans lactose, Sans gluten",4.92,24,2,4 eryngiis (environ 300 g) | 1 gousse d’ail | persil
poele-et-grill,Magret de canard à l’orange au potiron,https://www.cuisine-libre.org/magret-de-canard-a-l-orange-au-potiron,https://www.cuisine-libre.org/local/cache-gd2/50/629fd149af0f11492ff65cb497b8ea.jpg?1644794729,,,Durée totale :1 h,Non végétarien,27,30 min,30 min,PT1H,Four,"Sans œuf, Sans lactose, Sans gluten",5.00,27,4,"2 magrets de canard de 400 g chacun | 500 g de courge musquée de Provence (ou potiron) | 2 oranges non traitées | 1 orange pressée | 3 c. à soupe de miel d’oranger | 2 c. à café de sucre roux | 1 c. à soupe de vinaigre cristal | sel, poivre du moulin"
poele-et-grill,Poulet sauté au gingembre,https://www.cuisine-libre.org/poulet-saute-au-gingembre,https://www.cuisine-libre.org/local/cache-gd2/38/e73526847b71fc3c48fc0ada8991c7.jpg?1644794508,Romy,,Durée totale :40 min,Non végétarien,36,10 min,30 min,PT40M,Sauté,"Sans œuf, Sans lactose",5.00,36,3,500 g (3 escalopes) de poulet | 3 c. à soupe d’huile végétale | 1 oignon | 2 gousses d’ail | 1 gros morceau (env. 50 g) de gingembre frais | 2 carottes | 1 c. à soupe de sucre | 2 c. à soupe de sauce soja
poele-et-grill,Fricassée de fonds d’artichauts,https://www.cuisine-libre.org/fricassee-de-fonds-d-artichauts,https://www.cuisine-libre.org/local/cache-gd2/29/025f27184f31dad69d5e4ec11068b5.jpg?1644794244,Ja6,,,Non végétarien,,?,,,,"Sans œuf, Sans lactose, Sans gluten",,,4,150 g de lard de poitrine fumé | 1 cuillère à soupe d’huile | 12 petits oignons | 300 g de petites pommes de terre | 1 bouquet garni | 4 ou 6 fonds d’artichauts cuits (ou 1 boîte 4/4 de fonds d’artichauts au naturel) | 1 citron | Sel & poivre
poele-et-grill,Panais panés,https://www.cuisine-libre.org/panais-panes,https://www.cuisine-libre.org/local/cache-gd2/66/4515b19a012f5264207076d32d796b.jpg?1644797800,SamA.,,Durée totale :30 min,Végétalien (vegan),21,10 min,20 min,PT30M,Friture,"Sans viande, Sans œuf, Sans lactose",5.00,21,,panais frais | farine | sel aromatisé | huile d’olive
poele-et-grill,Bœuf aux oignons,https://www.cuisine-libre.org/boeuf-aux-oignons,https://www.cuisine-libre.org/local/cache-gd2/13/b68271543819d431edb02ba7ce13ad.jpg?1644794255,Romy,,Durée totale :30 min,Non végétarien,29,15 min,15 min,PT30M,Sauté,"Sans œuf, Sans lactose, Sans gluten",5.00,29,4,400 g de contre-filet de bœuf (rumsteak frais ou congelé) | 4 gros oignons | 4 c. soupe de sauce soja | 1 c. soupe de sucre en poudre | huile
poele-et-grill,Wok de poulet au curry et chou chinois,https://www.cuisine-libre.org/wok-de-poulet-au-curry-et-chou-chinois,https://www.cuisine-libre.org/local/cache-gd2/84/ae1e333aff2b34765a1fcdc6c573c4.jpg?1644796770,AMAP du Ruthenois,,Durée totale :30 min,Non végétarien,1,?,,PT30M,Sauté,"Sans œuf, Sans lactose, Sans gluten",5.00,1,,1 petit chou chinois | 1 escalope de volaille | 1 carotte | 1 poireau | 1 oignon | 1 gousse d’ail | curry en poudre | 10 cl d’eau | 2 c. à soupe d’huile d’olive | coriandre fraiche émincée (facultatif : peut être remplacée par du persil plat ou de la ciboulette)
poele-et-grill,Choux de Bruxelles rissolés et ricotta,https://www.cuisine-libre.org/choux-de-bruxelles-rissoles-et-ricotta,https://www.cuisine-libre.org/local/cache-gd2/88/50e2af9a635a315c40066937ebfb45.jpg?1644794698,Delphine H.,,Durée totale :45 min,Végétarien,,20 min,25 min,PT45M,,"Sans viande, Sans œuf, Sans gluten",,,4,60 choux de Bruxelles | de l’eau | du vinaigre | du beurre | de la ricotta | sel & poivre
poele-et-grill,Filet de veau aux épinards et parmesan,https://www.cuisine-libre.org/filet-de-veau-aux-epinards-et-parmesan,https://www.cuisine-libre.org/local/cache-gd2/57/daac026ce5097479de6b8d757a6db1.jpg?1679147913,Collective du Veau de la Pentecôte,,Durée totale :35 min,Non végétarien,,20 min,15 min,PT35M,,Sans œuf,,,2,4 médaillons de filet de veau de 80 g | 200 g de petits épinards | 1 gousse d’ail | 3 c. à soupe de parmesan râpé | 15 g de beurre | 15 cl d’huile d’olive | 5 c. à soupe de bouillon de volaille | sel | fleur de sel | poivre du moulin
poele-et-grill,"Spaghettis au chou mibuna, carotte et gingembre",https://www.cuisine-libre.org/spaghettis-au-chou-mibuna-carottes-gingembre,https://www.cuisine-libre.org/local/cache-gd2/d1/9f08d9395f7360bedf796dede67ee7.jpg?1644796772,AMAP du Thor en Vert,,Durée totale :20 min,Végétalien (vegan),,10 min,10 min,PT20M,,"Sans viande, Sans œuf, Sans lactose",,,,250 g de spaghettis complètes | 1 bouquet de chou mibuna | 1 belle carotte | 1 morceau de gingembre frais | sauce soja | 1 gousse d’ail | 10 cl de vin blanc | 1 grosse pincée de sucre en poudre | poivre
poele-et-grill,Tigre qui pleure,https://www.cuisine-libre.org/tigre-qui-pleure,https://www.cuisine-libre.org/local/cache-gd2/7b/4a262be459ad394c1f33f6c5c132e9.jpg?1648741186,,,Durée totale :2 h 24,Non végétarien,,20 min,4 min,PT2H24M,Sauté,"Sans lactose, Sans gluten",,,4,"500 g de bœuf à griller, bien tendre (bavette, onglet, filet…) | 2 c. à soupe de sauce d’huître | Sauce | 15 g de riz gluant | 1 c. à soupe de jus de tamarin[*] | 1 c. à soupe de jus de citron vert | 3 c. à soupe de nuoc nam | 1 c. à soupe de sucre de palme | ½ échalote | 1 piment oiseau | ½ bouquet de coriandre fraîche | 1 ciboule thaï | Accompagnement (facultatif) | 400 g de riz thaï | 1 étoile de badiane | 1 concombre | 2 carotes | radis roses"
poele-et-grill,Tagliatelles au tempeh et choux de Bruxelles,https://www.cuisine-libre.org/tagliatelles-au-tempeh-et-choux-de-bruxelles,https://www.cuisine-libre.org/local/cache-gd2/c6/f1c851da04915c4f822a40239216ea.jpg?1707128665,Le Goût des Plantes,,,Végétalien (vegan),,?,,,,"Sans viande, Sans œuf, Sans lactose",,,2,200 g de tempeh fumé | 400 g de choux de Bruxelles | 30 g de cerneaux de noix | 1 oignon | 1 pot (225ml) de crème | 120 g de tagliatelles de petit épeautre (ou de blé)
poele-et-grill,Riz cantonais,https://www.cuisine-libre.org/riz-cantonais,https://www.cuisine-libre.org/local/cache-gd2/c8/ab662517f5df482cbc15dfa042a2d0.jpg?1644797659,,,Durée totale :30 min,Non végétarien,39,10 min,20 min,PT30M,Sauté,"Sans lactose, Sans gluten",4.85,39,4,3 bols (300 g) de riz cuit la veille | 50 g de porc laquéchar siu[1]ou jambon blanc | 50 de saucisse cantonnaiseLaap Coeng[2] | 1 petite carotte | 2 c. à soupe de petits pois frais ou surgelés | 2 œufs | 2 ciboules ou oignons nouveaux | 1 c. à soupe d’huile | 1 c. à soupe de sauce soja
poele-et-grill,Sucrines braisées aux petits pois,https://www.cuisine-libre.org/sucrines-braisees-aux-petits-pois,https://www.cuisine-libre.org/local/cache-gd2/cf/cb102653296a08a94e2fe4aa3d07a6.jpg?1644797659,,,Durée totale :35 min,Végétarien,,15 min,20 min,PT35M,Sauté,"Sans viande, Sans œuf, Sans gluten",,,4,"2 sucrines (ou 2 cœurs de laitue) | 150 g de pois écossés (frais ou congelés) | 1 oignon blanc | 40 g de beurre | 1 dl de bouillon de légumes | 1/2 c. soupe de sucre | 1/2 botte de persil | sel, poivre"
poele-et-grill,Cabillaud aux salicornes,https://www.cuisine-libre.org/cabillaud-aux-salicornes,https://www.cuisine-libre.org/local/cache-gd2/7c/7140c998bbd69240af8e898ae74489.jpg?1644797141,Ja6,,Durée totale :30 min,Non végétarien,1,15 min,15 min,PT30M,,"Sans viande, Sans œuf, Sans gluten",5.00,1,4,"1 filet épais de cabillaud de 600 g à 800 g avec la peau | 200 g de salicornes | quelques bouquets de pourpier | 150 g de beurre | 1 bouquet de ciboulette | sel, poivre"
poele-et-grill,Pois gourmands sautés à la chinoise,https://www.cuisine-libre.org/pois-gourmands-sautes-a-la-chinoise,https://www.cuisine-libre.org/local/cache-gd2/d1/4665f265926c8a13ef9938cf5c8878.jpg?1644795497,,,Durée totale :25 min,Végétalien (vegan),29,15 min,10 min,PT25M,Sauté,"Sans viande, Sans œuf, Sans lactose, Sans gluten",5.00,29,3,200 g de pois mangetout | 1 oignon | 3 gousses d’ail | 2 c. à soupe d’huile | 2 c. à soupe de sauce soja | 3 pincées de sucre en poudre
poele-et-grill,Haricots verts et courgettes à la coriandre et  (...),https://www.cuisine-libre.org/haricots-verts-et-courgettes-a-la-coriandre-et-curcuma,https://www.cuisine-libre.org/local/cache-gd2/be/4815eded34689b882bc5142f600949.jpg?1644795614,Aromarie,,Durée totale :30 min,Végétalien (vegan),,10 min,20 min,PT30M,,"Sans viande, Sans œuf, Sans lactose, Sans gluten",,,,500 g de haricots verts équeutés et coupés en deux | 2 courgettes moyennes | 1 oignon | 2 gousses d’ail | 1 c. à dessert de curcuma | 1 c. à café de coriandre en graines écrasées au pilon | 1 c. à soupe de coriandre fraîche hachée | huile d’olive | sel et poivre
poele-et-grill,Asperges blanches braisées,https://www.cuisine-libre.org/asperges-blanches-braisees,https://www.cuisine-libre.org/local/cache-gd2/93/287466f07e511fe56fe794acf00ba5.jpg?1644797795,Shoko,Facile !,,Végétalien (vegan),,?,,,Sauté,"Sans viande, Sans œuf, Sans lactose, Sans gluten",,,,"asperges blanches | sel, jus de citron | du beurre"
poele-et-grill,Maquereaux sautés à la russe,https://www.cuisine-libre.org/maquereaux-sautes-a-la-russe,https://www.cuisine-libre.org/local/cache-gd2/c7/ea6a7b0ab06b58c06c9a4825f36d54.jpg?1644794886,Simon Hautot,,Durée totale :36 min,Non végétarien,15,15 min,21 min,PT36M,Sauté,"Sans viande, Sans œuf, Sans lactose",4.40,15,4,8 petits maquereaux | 6 piments | 3 c. à soupe de farine | 6 c. à soupe de sauce soja | 2 c. à soupe de vodka | 4 c. à soupe de sucre en poudre | 4 c. à soupe d’huile
poele-et-grill,Bœuf sauté laqué aux oignons rouges,https://www.cuisine-libre.org/boeuf-saute-laque-aux-oignons-rouges,https://www.cuisine-libre.org/local/cache-gd2/46/07f6416bce29f7e95f83d85ad3ff75.jpg?1644794257,Micky,,,Non végétarien,1,?,,,Sauté,"Sans œuf, Sans lactose",5.00,1,,1 entrecôte de 450 g | 3 oignons rouges | 1 gousse d’ail | sel et poivre | 1 c. à soupe de miel | 1 c. à soupe de vinaigre de cidre | 1 tomate | 1 c. à soupe de sauce soja | 2 c. à soupe d’huile d’olive | 3 c. à soupe de bouillon de légumes (1/4 de cube dans de l’eau) | coriandre fraîche
poele-et-grill,Brochettes de poulet à l’abricot,https://www.cuisine-libre.org/brochettes-de-poulet-a-l-abricot,https://www.cuisine-libre.org/local/cache-gd2/00/6aae04d3d79c83ff6d5987255c7578.jpg?1644796749,Micky,,Durée totale :1 h 35,Non végétarien,,20 min,15 min,PT1H35M,Grill,"Sans œuf, Sans lactose, Sans gluten",,0,4,3 blancs de poulet | 8 abricots | 2 c à s de sauce soja | 2 c à s de miel | 2 c à s de vinaigre d’abricot | 2 c à s d’huile | 1 gousse d’ail | 1 piment rouge égrené | 1 oignon rouge | 1 petit morceau de gingembre | 1 paquet de lard fumé
poele-et-grill,Poulet impérial kung pao,https://www.cuisine-libre.org/poulet-imperial-gong-bao,https://www.cuisine-libre.org/local/cache-gd2/59/ab894b763c9b246ca21fbcd92cc982.jpg?1707665432,,,Durée totale :35 min,Non végétarien,,35 min,,PT35M,Sauté,"Sans viande, Sans œuf, Sans lactose",,,4,Marinade : | 800 g de hauts de cuisse désossés ou 2 blancs de poulet | 1 c. à soupe de vin de riz de Shaoxing | 1 c. à soupe de sauce soja claire | 2 c. à café de fécule | Sauce : | 115 ml de bouillon de volaille (ou eau) | 5 c. à soupe de sauce soja claire | 2 c. à soupe de vinaigre de riz noir chinois | 2 c. à soupe de vin de riz de Shaoxing | 2 c. à café de sauce soja concentrée | 1 c. à soupe de sauce d’huître | 2 c. à soupe de sucre en poudre | 2 c. à café de fécule de maïs | Autres ingrédients : | 5 gousses d’ail | 20 g de gingembre frais | 10 piments séchés | 1 c. à soupe de poivre de Sichuan | ½ poivron rouge | ½ poivron vert | 2 ciboules chinoises ou cébette | 50 g de cacahuètes non salées | 4 c. à soupe d’huile neutre | 1 c. à soupe d’huile de sésame
poele-et-grill,Péril woke (stir frying),https://www.cuisine-libre.org/peril-woke-stir-frying,https://www.cuisine-libre.org/local/cache-gd2/0b/16297a5c515c9ede5cfd94cb966d57.jpg?1648306979,pwnine,,,Végétalien (vegan),2,?,,,Sauté,"Sans viande, Sans œuf, Sans lactose, Sans gluten",5.00,2,,huile végétale neutre pour cuisson | 1 carotte | 1 courgette | 1 oignon rouge coupé en quatre | 1 ciboule ou petit poireau | 1 boîte de champignons | Aromates | 3 gousses d’ail | 2 piments frais | piment en poudre | Pour la sauce | 2 c. à soupe de sause soja | 1 c. à café de vinaigre de riz | 1 c. à soupe de sucre | ½ c. à café d’huile de sésame | ½ c. à café de fécule de maïs
poele-et-grill,Radis noir sauté,https://www.cuisine-libre.org/radis-noir-saute,https://www.cuisine-libre.org/local/cache-gd2/55/423e78052cdd77ea10bd8d4e26a7df.jpg?1644794888,Romy,,Durée totale :20 min,Végétarien,71,5 min,15 min,PT20M,Sauté,"Sans viande, Sans œuf, Sans lactose, Sans gluten",4.87,71,2,1 gros radis noir | 1 noisette de beurre
poele-et-grill,Escalope de poulet à la chapelure d’amandes et  (...),https://www.cuisine-libre.org/escalope-de-poulet-a-la-chapelure-d-amandes-et-grana-padano,https://www.cuisine-libre.org/local/cache-gd2/6a/216e84cebc181b0bfe9ce813ca0b0e.jpg?1645749062,Grana Padano Lover,Facile !,Durée totale :20 min,Non végétarien,,15 min,5 min,PT20M,,,,,4,450 g de poitrine de poulet en tranches | 200 g d’amandes émondées | 100 g de fromage grana padano | 1 œuf | 1 citron | 50 g de chapelure | huile d’olive extra vierge | sel
poele-et-grill,Truite de mer à l’unilatérale et ortie,https://www.cuisine-libre.org/truite-de-mer-a-l-unilaterale-et-ortie,https://www.cuisine-libre.org/local/cache-gd2/4f/3c34c85dda21fa2cb4f6a5c1acc34c.jpg?1644795075,ploutregor,,,Non végétarien,,?,,,Sauté,"Sans viande, Sans œuf",,,1,1 pavé de truite de mer | 2 grosses poignées d’orties | 1 belle courgette | algues | zestes de citron | feuilles de menthe | huile | sel & poivre | avoine
poele-et-grill,Sauté d’agneau à la mongole,https://www.cuisine-libre.org/saute-d-agneau-a-la-mongole,https://www.cuisine-libre.org/local/cache-gd2/1e/9157475999034194a930e22a960dc2.jpg?1644794972,Romy,,Durée totale :2 h 30,Non végétarien,12,20 min,10 min,PT2H30M,Sauté,"Sans œuf, Sans lactose",3.83,12,4,Marinade | 400 g d’agneau (ou mouton) maigre (épaule ou côtes désossées) | 1 c. à café d’ail écrasé | 2 c. à café de gingembre frais rapé | 2 c. à soupe de sauce soja | 1 c. à soupe de xérès (ou de vin blanc) | 1 c. à soupe de sauce hoisin (ou sauce barbecue) | 1 c. à soupe d’huile de sésame | 2 c. à café de fécule de maïs | Sauté | 1 gros oignon | 2 c. à soupe d’huile neutre | 2 c. à café de graines de sésame
poele-et-grill,"Saint Jacques pommes d’ail, sauce Maroilles et  (...)",https://www.cuisine-libre.org/saint-jacques-fondue-poireaux-sauce-maroilles,https://www.cuisine-libre.org/local/cache-gd2/20/ceb49ad072471e0ed68db4f279dd87.jpg?1644797199,lechefxavier,,Durée totale :1 h 05,Non végétarien,2,1 h,5 min,PT1H5M,,"Sans viande, Sans œuf, Sans gluten",5.00,2,4,16 noix de Saint Jacques | 2 poireaux | 1 grosse carotte | 4 gousses d’ail | 4 grosses pommes de terre Charlotte | 250 g de maroilles | 50 cl de crème liquide | 1 jus de citron | beurre | 4 échalotes | 100 g de parmesan en poudre
poele-et-grill,Hareng frais à la bourgeoise,https://www.cuisine-libre.org/hareng-frais-a-la-bourgeoise,https://www.cuisine-libre.org/local/cache-gd2/7a/c22c018b7744b33fe671b363fa34ac.jpg?1644796576,,,,Non végétarien,,?,,,Grill,"Sans viande, Sans œuf",,,1,1 hareng frais | 1 noix de beurre | 1 c. à café de farine | 1 filet de jus de citron | 1 c. à café de moutarde
poele-et-grill,Burger au halloumi pané à la pistache,https://www.cuisine-libre.org/burger-au-halloumi-pane-a-la-pistache,https://www.cuisine-libre.org/local/cache-gd2/4e/87d6f2e123fc7892ad9dcc0939c760.jpg?1644798778,laredak_9932,,Durée totale :40 min,Végétarien,,30 min,10 min,PT40M,,Sans viande,,,4,4 pains muffins nature | 4 tranches de halloumi | 1 betterave | 200 g de pistaches | 1 œuf | 40 g de farine | 30 g de fines pousses | 4 càs. de moutarde | 4 càs. de sirop d’agave
poele-et-grill,Bettes aux fruits secs,https://www.cuisine-libre.org/bettes-aux-fruits-secs,https://www.cuisine-libre.org/local/cache-gd2/4e/68365685dfda2f5f2c2785e4553dba.jpg?1644796771,AMAP de Plaisir,,Durée totale :37 min,Végétalien (vegan),2,20 min,17 min,PT37M,Mijoté,"Sans viande, Sans œuf, Sans lactose, Sans gluten",5.00,2,6,700 g de bettes | 3 gousses d’ail | 1 oignon | 120 g de raisins secs | 80 g de pignons de pin | 10 cl de bouillon de légumes | 1/2 citron | 3 cuillères à soupe d’huile d’olive | sel et poivre
poele-et-grill,Calamars sautés au poivre vert,https://www.cuisine-libre.org/ang-dtray-meuk-calamars-sautes-au-poivre-vert,https://www.cuisine-libre.org/local/cache-gd2/08/ac8f951c102a8f2663ad24b01df56d.jpg?1705860376,Fanny Rezvanpour,,,Non végétarien,,?,,,Sauté,"Sans viande, Sans œuf, Sans lactose, Sans gluten",,,4,4 petits calamars | 1 poivron vert | 1 c. à soupe de poivre de Kampot | 3 gousses d’ail | 2 c. à soupe d’huile de sésame | 1 citron vert | 3 c. à soupe de sauce nuoc-mam | 2 c. à soupe de sucre de palme | 3 brins de coriandre
poele-et-grill,Tatsoi façon Mimi,https://www.cuisine-libre.org/tatsoi-facon-mimi,https://www.cuisine-libre.org/local/cache-gd2/b3/7b3e73a06a933c2c48efaa93f7932c.jpg?1644796770,Jardins de Cocagne,,Durée totale :15 min,Végétalien (vegan),,8 min,7 min,PT15M,Sauté,"Sans viande, Sans œuf, Sans lactose, Sans gluten",,,,tatsoi | ail | piment | sel
poele-et-grill,Pommes de terre sarladaises,https://www.cuisine-libre.org/pommes-de-terre-sarladaises,https://www.cuisine-libre.org/local/cache-gd2/66/d88e466af4d768528509623d69680f.jpg?1644794957,,,Durée totale :1 h 45,Végétarien,36,20 min,1 h 10,PT1H45M,Mijoté,"Sans œuf, Sans lactose, Sans gluten",4.92,36,4,"1,2 kg de pommes de terre à chair bien ferme (Charlotte, Belle de Fontenay ou Roseval) | 2 cuil. à soupe rases de graisse d’oie ou de canard | 2 gousses d’ail | 1 bouquet de persil | sel et poivre au moulin"
poele-et-grill,Filet de perche au galanga,https://www.cuisine-libre.org/filet-de-perche-au-galanga,https://www.cuisine-libre.org/local/cache-gd2/21/610ec99d87eb12a2c4b95a1e619ced.jpg?1705875150,Hildegarde von Bingen,,,Non végétarien,,?,,,Bouilli,"Sans viande, Sans œuf, Sans lactose, Sans gluten",,,4,600 g de filet de perche | 100 g d’oignons | 50 g de matière grasse | 15 cl d’eau | 3 cuillères à café rases de galanga | sel | Pour la décoration | feuilles de coriandre fraîche | baies roses | pistaches décortiquées
poele-et-grill,Bok choy super simple,https://www.cuisine-libre.org/bok-choy-super-simple,https://www.cuisine-libre.org/local/cache-gd2/8d/788903a7b8b66f964ccdaf6ec3d09a.jpg?1644794978,,Facile !,Durée totale :15 min,Végétalien (vegan),3,5 min,10 min,PT15M,Sauté,"Sans viande, Sans œuf, Sans lactose, Sans gluten",5.00,3,4,2 jeunes bok choy | 1 c. soupe d’huile d’olive ou de sésame | 1 c. soupe de sauce soja tamari
poele-et-grill,Concombre Sichuan au boulghour,https://www.cuisine-libre.org/concombre-sichuan-au-boulghour,https://www.cuisine-libre.org/local/cache-gd2/3d/6802bc614cf8c53609562faaac9802.jpg?1644801325,Ja6,,Durée totale :30 min,Végétarien,,15 min,15 min,PT30M,Sauté,"Sans viande, Sans œuf, Sans lactose",,,2,1 concombre de taille moyenne | ½ botte des ciboules | 1 morceau de gingembre frais de ± 2 cm | ½ gousse d’ail | ½ piment rouge | 1 à 2 c. à soupe d’huile de sésame | ½ c. à soupe de sucre roux | 1 à 2 c. à soupe de sauce de soja | ½ à 1 c. à café de mélange cinq-épices | ½ c. à soupe d’huile pimentée | 75 g de boulghour
poele-et-grill,Turbot aux câpres,https://www.cuisine-libre.org/turbot-aux-capres,https://www.cuisine-libre.org/local/cache-gd2/dc/098ee08df0c669665e555036092296.jpg?1644797143,Ja6,,Durée totale :35 min,Non végétarien,1,20 min,15 min,PT35M,Sauté,"Sans viande, Sans œuf, Sans lactose",5.00,1,2,2 filets de turbot de 200 g chacun sans peau | 1 c. à café d’huile d’olive | 2 c. à soupe de câpres égouttées | 1 c. à café de moutarde blanche | 1 c. à café de pâte d’anchois | 50 g de beurre | 1 citron non traité | sel & poivre
poele-et-grill,Haricots verts au sésame,https://www.cuisine-libre.org/haricots-verts-au-sesame,https://www.cuisine-libre.org/local/cache-gd2/9f/7afd6293409255435ad88b75a11917.jpg?1644794707,,,Durée totale :40 min,Végétalien (vegan),1,15 min,25 min,PT40M,,"Sans viande, Sans œuf, Sans lactose, Sans gluten",5.00,1,,"600 g de haricots verts frais, équeutés et effilés | 2 ciboules coupés en fines rondelles | 1/2 citron zesté et pressé | 1 c. café de graines de sésame | huile d’olive | poivre au moulin"
poele-et-grill,Poêlée de persil tubéreux au gingembre,https://www.cuisine-libre.org/poelee-de-persil-tubereux-au-gingembre,https://www.cuisine-libre.org/local/cache-gd2/3e/07eac399805af4d7102ad5074420ac.jpg?1644794421,Mon AMAP,,Durée totale :25 min,Non végétarien,9,10 min,15 min,PT25M,Vapeur,"Sans viande, Sans œuf, Sans lactose",3.89,9,4,2 persils tubéreux (env. 350 g) | 1 c. soupe de graisse d’oie | 1 c. café de gingembre râpé (env. 20 g) | 1 c. soupe de miel de montagne | 1 c. soupe de sauce soja | poivre
poele-et-grill,Poulet au chou-rave citronné,https://www.cuisine-libre.org/poulet-au-chou-rave-citronne,https://www.cuisine-libre.org/local/cache-gd2/08/07794bf38ef5cfb71f2bcc222a38ba.jpg?1644794347,Romy,,Durée totale :1 h,Non végétarien,28,15 min,45 min,PT1H,Mijoté,"Sans œuf, Sans gluten",4.79,28,2,"2 petits choux-raves (env. 500 g), avec leurs fanes | 2 filets de poulet (env. 400 g) | 3 cuil. à soupe de pignons de pin | 1 citron jaune, non traité | 1 cuil. à soupe de sucre | 2 cuil. à soupe d’huile d’olive citronnée | 20 g de beurre"
poele-et-grill,Pommes de terres sautées au bok choy,https://www.cuisine-libre.org/pommes-de-terres-sautees-au-bok-choy,https://www.cuisine-libre.org/local/cache-gd2/02/bcf359720d5bebd741c466b927d8fd.jpg?1644794494,Romy,,Durée totale :20 min,Végétarien,2,5 min,15 min,PT20M,Sauté,"Sans viande, Sans œuf",5.00,2,1,1 bok choy | 2 pommes de terre cuites | 1 noix de beurre | 1 c. soupe de sauce soja | 1 c. café de graines de sésame
poele-et-grill,Poêlée de chou-fleur et brocolis,https://www.cuisine-libre.org/poelee-de-chou-fleur-et-brocolis,https://www.cuisine-libre.org/local/cache-gd2/67/ca61f7c63464dede3e501c3e891aae.jpg?1644794272,USDA,,Durée totale :30 min,Végétalien (vegan),,10 min,20 min,PT30M,Sauté,"Sans viande, Sans œuf, Sans lactose, Sans gluten",,,4,2⅛ c. à café d’huile de canola ou colza | 1 tête de brocoli (haché) | 1 tête de chou-fleur (haché) | 2 branches de céleri (tranchées) | 2 carottes (tranchées) | 1 poivron (tranché) | 12 c. à soupe de jus d’ananas | 1 c. à soupe de sucre | 1 c. à soupe de jus de citron | 1⅝ c. à café de fécule de maïs | 1⅝ c. à café de sauce soja (à faible teneur en sodium) | 2 tasses de riz brun (cuit)
poele-et-grill,Chou-rave sauté,https://www.cuisine-libre.org/chou-rave-saute,https://www.cuisine-libre.org/local/cache-gd2/60/e3f4c9800393c7cb18c5804dc19569.jpg?1644794350,,,Durée totale :30 min,Non végétarien,19,15 min,15 min,PT30M,Sauté,"Sans viande, Sans œuf, Sans lactose, Sans gluten",4.89,19,,1 ou plusieurs choux-raves | graisse de canard
poele-et-grill,Pétoncles sautés au safran,https://www.cuisine-libre.org/petoncles-sautes-au-safran,https://www.cuisine-libre.org/local/cache-gd2/71/213fd58b486da895feda2a06762dff.jpg?1677494141,Romy,,Durée totale :3 h 40,Non végétarien,21,20 min,20 min,PT3H40M,Sauté,"Sans viande, Sans œuf, Sans lactose, Sans gluten",4.90,21,4,500 g de pétoncles surgelés | 1 botte d’oignons nouveaux | 2 pincées de pistils de safran | 3 cuil. à soupe d’huile d’olive | sel marin | poivre
poele-et-grill,Travers de porc à l’hypocras,https://www.cuisine-libre.org/travers-de-porc-a-l-hypocras,https://www.cuisine-libre.org/local/cache-gd2/3e/f0477bef24d1a039647525821e1014.jpg?1644796749,,,Durée totale :4 h 05,Non végétarien,,20 min,45 min,PT4H5M,Four,"Sans œuf, Sans lactose, Sans gluten",,,6,"1,5 kg de plate de côte de porc | 2 c. à soupe de miel | 3 c. à soupe de vinaigre de vin | 1 c. à soupe de paprika fort | 3 baies de genièvre | 3 clous de girofle | 5 graines de paradis | 5 grains de poivre noir | 5 grains de cumin | 3 c. à soupe d’huile d’olive | hypocras"
poele-et-grill,Topinambours poêlés aux champignons,https://www.cuisine-libre.org/topinambours-poeles-aux-champignons,https://www.cuisine-libre.org/local/cache-gd2/d2/ceb63658ed9389cdbdf2ae2acbdd64.jpg?1644795357,Ja6,,Durée totale :40 min,Végétarien,3,15 min,25 min,PT40M,Sauté,"Sans viande, Sans œuf, Sans gluten",5.00,3,4,1 oignon | 2 gousses d’ail | 125 g de girolles | 125 g de champignons rosés | 400 g de topinambours | 1/2 botte de persil plat frais | 35 g de beurre ½ sel | 1 cuillère à café de baies roses | fleur de sel & poivre du moulin
poele-et-grill,Épis de maïs doux grillé au beurre,https://www.cuisine-libre.org/epis-de-mais-doux-grille-au-beurre,https://www.cuisine-libre.org/local/cache-gd2/4f/0f55db130f7d5671ca8216f7eafdb0.jpg?1644796750,Gargantua,,Durée totale :25 min,Végétarien,26,15 min,10 min,PT25M,Grill,"Sans viande, Sans œuf",5.00,26,10,10 épis de maïs doux (env. 800 g) fraîchement cueillis | beurre demi-sel fondu | sel et poivre au moulin
poele-et-grill,Poulet à la Kiev,https://www.cuisine-libre.org/poulet-a-la-kiev,https://www.cuisine-libre.org/local/cache-gd2/e5/79403815a8230ff9b1d534ac2f6070.jpg?1645750671,,,Durée totale :2 h 20,Non végétarien,,30 min,20 min,PT2H20M,Friture,,,,2,"2 poitrines de poulet désossées et sans peau | Pour le beurre parfumé | 80 g de beurre doux mou | 2 gousses d’ail hachées | 1 clou de girofle réduit en poudre | 3 c. à soupe d’aneth très finement ciselée | 4 c. à soupe de persil plat très finement ciselé | 1 pointe de piment en poudre | sel, poivre noir fraîchement moulu | Pour la panure | 3 œufs battus en omelette | 200 g de farine | 300 g de chapelure | Pour la friture | huile végétale neutre"
poele-et-grill,Magret de canard aux raisins frais,https://www.cuisine-libre.org/magret-de-canard-aux-raisins-frais,https://www.cuisine-libre.org/local/cache-gd2/60/330d0f4e29b928f71b15f515873054.jpg?1644794949,Romy,,Durée totale :30 min,Non végétarien,4,10 min,20 min,PT30M,Sauté,Sans œuf,5.00,4,,"1 beau magret de canard | 250 g de raisins Chasselas de Moissac | 1 c. à soupe de vinaigre balsamique | ½ verre de vin blanc (facultatif) | ½ verre d’eau | sel, poivre"
poele-et-grill,Riz cantonais à la parisienne,https://www.cuisine-libre.org/riz-cantonnais-a-la-parisienne,https://www.cuisine-libre.org/local/cache-gd2/30/3e625aaafba602b02908a070563d95.jpg?1644800890,Shoko,,Durée totale :15 min,Non végétarien,2,5 min,10 min,PT15M,Sauté,"Sans viande, Sans œuf, Sans lactose, Sans gluten",5.00,2,1,"1 dose deriz cuit à la japonaise | 2 ou 3 branches de céleri | 1/2 boîte de maïs | 1/2 boîte de thon nature | 1/3 carotte | 1/4 cube de bouillon de poulet | sel, poivre, persil"
poele-et-grill,Cardons panés frits,https://www.cuisine-libre.org/cardons-panes-frits,https://www.cuisine-libre.org/local/cache-gd2/c8/7db75b8ed0c298c8cae00b05502562.jpg?1644797945,SamA.,,Durée totale :1 h 20,Végétarien,7,40 min,40 min,PT1H20M,Friture,Sans viande,5.00,7,,"4 grandes tiges de cardons | 2 gros jaunes d’œufs | 1 gros œuf entier | 1 tasse de chapelure maison | 1/4 tasse de parmesan fraîchement râpé | sel, poivre | huile végétale, pour la friture | 1 citron"
poele-et-grill,Poulet aux poires et Roquefort,https://www.cuisine-libre.org/poulet-aux-poires-et-roquefort,https://www.cuisine-libre.org/local/cache-gd2/73/4c84b44ee5b97018ad9cbb28c9d4f8.jpg?1644794733,Micky,,Durée totale :35 min,Non végétarien,1,20 min,15 min,PT35M,Sauté,"Sans œuf, Sans gluten",5.00,1,4,4 morceaux de poulet | 3 poires | 250 g de crème allégée(ou 125 ml de lait et 125 ml de crème) | 150 g de Roquefort | 1 noix de beurre | 1 c à soupe d’huile | 2 échalotes | sel et poivre | un peu de muscade
poele-et-grill,Chou chinois sauté au gingembre et lardons,https://www.cuisine-libre.org/chou-chinois-saute-au-gingembre-et-lardons,https://www.cuisine-libre.org/local/cache-gd2/b0/508f1cf57e6628b54339e68a3c1f3d.jpg?1644796604,Romy,,Durée totale :30 min,Non végétarien,166,15 min,15 min,PT30M,Mijoté,"Sans œuf, Sans lactose",5.00,166,3,1 chou chinois | 100 à 200 g de lardons fumés | 1 oignon | 3 gousses d’ail | 1 morceau de gingembre | 1 c. soupe de graisse de canard | 3 c. soupe de sauce soja
poele-et-grill,Crosnes à la normande,https://www.cuisine-libre.org/crosnes-a-la-normande,https://www.cuisine-libre.org/local/cache-gd2/37/a2bebb1b67ea207a7ae386d5a6b194.jpg?1644797048,Ja6,,Durée totale :10 min,Végétarien,,6 min,4 min,PT10M,Sauté,"Sans viande, Sans œuf, Sans gluten",,,4,"500 g de crosnes | 50 g de beurre d’Issigny | 100 g de crème fraîche double | sel, poivre"
poele-et-grill,Tofu 2 fois cuit (Jin xiang yu),https://www.cuisine-libre.org/tofu-2-fois-cuit-jin-xiang-yu,https://www.cuisine-libre.org/local/cache-gd2/24/16890f02d559878d101718e4bcc3da.jpg?1644794330,Ja6,,Durée totale :1 h,Non végétarien,,20 min,40 min,PT1H,Sauté,"Sans œuf, Sans lactose",,,2,"100 g de poitrine de porc crue, découennée | 5 champignons séchés mu-err de taille moyenne | 20 g de crevettes séchées | 10 g de fleurs de lis séchées | 20 g de pousses de bambou | 3 fines tranches de gingembre frais | 1 ciboule | 400 g de tofu | 3 c. à soupe de saindoux | 1 c. à soupe de vin de riz | 2 c. à soupe de sauce de soja claire | sel | 1 c. à soupe de fécule délayée dans 2 c. à soupe d’eau | poivre blanc fraîchement moulu | un peu d’huile de sésame (facultatif)"
poele-et-grill,Poulet aux cacahuètes,https://www.cuisine-libre.org/poulet-aux-cacahuetes,https://www.cuisine-libre.org/local/cache-gd2/76/7b63858baaeab95b5d7b6cc0a20b90.jpg?1644794961,Romy,,Durée totale :35 min,Non végétarien,19,15 min,20 min,PT35M,Sauté,"Sans œuf, Sans lactose",5.00,19,4,3 blancs de poulet (env. 500 g) | 100 g de cacahuètes grillées non salées | 2 poivrons rouges (ou jaunes) | 2 oignons | 1 gousse d’ail | 1 c. soupe de farine | 4 c. soupe d’huile d’arachide | 3 c. soupe de sauce soja | 1 c. soupe de sucre en poudre | poivre du Sichuan
poele-et-grill,"Choux de Bruxelles poêlés aux pistaches, (...)",https://www.cuisine-libre.org/choux-de-bruxelles-poeles-aux-pistaches,https://www.cuisine-libre.org/local/cache-gd2/91/a9051720d74aa31cca87f01d2e453a.jpg?1644794697,SamA.,,Durée totale :25 min,Végétarien,,15 min,10 min,PT25M,Sauté,"Sans viande, Sans œuf, Sans gluten",,,10,600 g de choux de Bruxelles | 2 c. à café d’huile d’olive | ½ oignon jaune coupé en dés | ⅓ tasse de pistaches décortiquées hachées | ⅓ tasse de canneberges séchées | ⅓ tasse de parmesan râpé | ½ c. à café de poivre moulu
poele-et-grill,Courgettes grillées,https://www.cuisine-libre.org/courgettes-grillees,https://www.cuisine-libre.org/local/cache-gd2/df/6fe68298d812c59a908164f83f28cf.jpg?1644796577,,Facile !,Durée totale :10 min,Végétalien (vegan),11,5 min,5 min,PT10M,Grill,"Sans viande, Sans œuf, Sans lactose, Sans gluten",5.00,11,,2 courgettes denses et fermes[*] | 1 cuillère à soupe d’huile | sel marin
poele-et-grill,Bœuf sauté aux courgettes et cajou,https://www.cuisine-libre.org/boeuf-saute-aux-courgettes-et-cajou,https://www.cuisine-libre.org/local/cache-gd2/a9/1accbd038693b9afc31f9c559a9c34.jpg?1644794487,Romy,,Durée totale :15 min,Non végétarien,3,10 min,5 min,PT15M,Sauté,"Sans œuf, Sans lactose, Sans gluten",5.00,3,2,4 courgettes moyennes coupées en rondelles | 500 g de bœuf émincé (ou haché) | 1 à 2 gousses d’ail hachées | 3 à 4 c. à soupe de sauce d’huîtreou 2 c. à soupe de sauce soja | 2 poignées de noix de cajou | 1 branche de basilic thaïou de coriandre | huile neutre
poele-et-grill,Tofu à la « Ma po » (Ma po dou fu),https://www.cuisine-libre.org/mapo-tofu,https://www.cuisine-libre.org/local/cache-gd2/cc/9e1b46b78a4d5ce4d2ed0116176f8a.jpg?1644794326,Ja6,,Durée totale :25 min,Non végétarien,,5 min,20 min,PT25M,Sauté,"Sans œuf, Sans lactose",,,2,"300 g de tofu | 2 gousses d’ail ou + selon le goût | 1 ciboule | 3 c. à soupe d’huile végétale | 100 g de viande hachée : porc, bœuf ou mélange des deux | 1 ou 2 c. à soupe de pâte de haricots de soja piquante | 15 cl de bouillon de volaille ou d’eau | sel | 1 c. à soupe de fécule délayée dans 3 c. à soupe d’eau | 1 c. à soupe d’huile de sésame | 1 c. à soupe d’huile pimentée"
poele-et-grill,Rutabagas panés,https://www.cuisine-libre.org/rutabagas-panes,https://www.cuisine-libre.org/local/cache-gd2/14/6b7594452dcaf298e5c912373beef4.jpg?1644800030,AMAP Caudéran,,Durée totale :40 min,Non végétarien,1,15 min,25 min,PT40M,Friture,"Sans viande, Sans lactose",5.00,1,6,1 gros rutabaga de 500 g | 80 cl de fond de volaille | 1 pincée de sel | 20 g de sirop d’érable | 1 œuf | 100 g de chapelure blonde | 3 tours de moulin à poivre | 50 g d’huile de pépins de raisin
poele-et-grill,Pavé de saumon,https://www.cuisine-libre.org/pave-de-saumon-grille,https://www.cuisine-libre.org/local/cache-gd2/95/06e98bde4498711b930c0f8824eabc.jpg?1644794311,Romy,Facile !,Durée totale :15 min,Non végétarien,128,5 min,10 min,PT15M,Sauté,"Sans viande, Sans œuf, Sans lactose, Sans gluten",4.97,128,2,"2 pavés (env. 250 g) de saumon frais, avec la peau | sel marin | poivre au moulin | 2 rondelles de citron"
poele-et-grill,Pâtisson poêlé,https://www.cuisine-libre.org/patisson-poele,https://www.cuisine-libre.org/local/cache-gd2/e2/0769c0855317bda12118c07b39b41b.jpg?1644796174,christophe,,Durée totale :25 min,Non végétarien,29,20 min,5 min,PT25M,Sauté,"Sans œuf, Sans lactose, Sans gluten",5.00,29,3,"2 pâtissons | 1 oignon | 1 c. à soupe d’huile d’olive | lardons | sel, poivre"
poele-et-grill,Cœur de cabillaud au beurre d’orange,https://www.cuisine-libre.org/coeur-de-cabillaud-au-beurre-d-orange,https://www.cuisine-libre.org/local/cache-gd2/95/5b28a056cf90f8a997f8054b6dd813.jpg?1644794728,Micky,,,Non végétarien,,?,,,,"Sans viande, Sans œuf, Sans gluten",,,2,2 morceaux de cabillaud | Pour le beurre d’orange | 100 g de beurre | 1 orange (zeste et jus) | sel et poivre | 1/2 c à c de coriandre en grains | Pour l’accompagnement (facultatif) | 1 courgette | 1 petit oignon | 1 noix de beurre | 1/2 orange (jus) | sel et poivre | graines de coriandre
poele-et-grill,Sardines grillées au basilic thaï,https://www.cuisine-libre.org/sardines-grillees-au-basilic-thai,https://www.cuisine-libre.org/local/cache-gd2/75/d6487590ad6a748d0a96c2fb4de916.jpg?1644795708,,,Durée totale :40 min,Non végétarien,9,15 min,5 min,PT40M,Grill,"Sans viande, Sans œuf, Sans lactose, Sans gluten",5.00,9,,6 sardines fraîches | 3 c. soupe de jus de citron | 2 c. soupe de poivre du Sichuan | 2 c. soupe d’huile d’olive | 2 c. soupe de basilic thaï
poele-et-grill,Têtes de violon sautées,https://www.cuisine-libre.org/tetes-de-violon-sautees,https://www.cuisine-libre.org/local/cache-gd2/5b/04ed0e21f01dd282c9de9a9ffef6ca.jpg?1682202607,,,Durée totale :20 min,Végétarien,,10 min,10 min,PT20M,,"Sans viande, Sans œuf, Sans gluten",,,,têtes de violon | huile d’olive et/ou beurre | 1 gousse d’ail (facultatif) | sel et poivre du moulin
poele-et-grill,Confit de canard aux pommes de terre,https://www.cuisine-libre.org/confit-de-canard-aux-pommes-de-terre,https://www.cuisine-libre.org/local/cache-gd2/3c/a920c76f5d9a5787de63eaa34acbf7.jpg?1644794494,Romy,,Durée totale :35 min,Non végétarien,28,15 min,20 min,PT35M,Mijoté,"Sans œuf, Sans lactose, Sans gluten",4.89,28,4,4 cuisses de canard confit | 1 kg de pommes de terre à chair ferme | 2 belles gousses d’ail
poele-et-grill,Sauté de fenouil au bœuf,https://www.cuisine-libre.org/saute-de-fenouil-au-boeuf,https://www.cuisine-libre.org/local/cache-gd2/5a/66eb834a0d1852e981f3d78f6db66d.jpg?1644794532,Romy,,Durée totale :40 min,Non végétarien,12,20 min,20 min,PT40M,Sauté,"Sans œuf, Sans lactose",5.00,12,4,500 g de fenouil (2 ou 3 bulbes) | 250 g de bœuf | 2 oignons | 2 gousses d’ail | 2 c.soupe de graisse de canard | 3 c.soupe de sauce soja | 1 c.soupe de sucre
poele-et-grill,Pavé de saumon à l’échalote,https://www.cuisine-libre.org/pave-de-saumon-a-l-echalote,https://www.cuisine-libre.org/local/cache-gd2/e6/be584b7e513f431591e5740162065b.jpg?1644794488,Mouchette,,Durée totale :25 min,Non végétarien,80,10 min,15 min,PT25M,Sauté,"Sans viande, Sans œuf, Sans gluten",5.00,80,4,"4 pavés de saumon frais | 5 belles échalotes | 2 cuillères à soupe de crème fraîche | 4 cuillères à soupe de vinaigre balsamique | 1 pointe de moutarde | 1 noix de beurre | sel, poivre"
poele-et-grill,Pomarines sautées en persillade,https://www.cuisine-libre.org/pomarines-sautees-en-persillade,https://www.cuisine-libre.org/local/cache-gd2/be/c8952391b45b9a22cf62a7a39897dc.jpg?1667144279,,,Durée totale :45 min,Végétalien (vegan),2,15 min,30 min,PT45M,Sauté,"Sans viande, Sans œuf, Sans lactose, Sans gluten",5.00,2,4,"4 mini-citrouilles «pomarines» | huile d’olive | ail | persil | sel, poivre"
poele-et-grill,Barbue aux endives,https://www.cuisine-libre.org/barbue-aux-endives,https://www.cuisine-libre.org/local/cache-gd2/ec/3c50336f167313c22b3328fea06457.jpg?1644794596,Ja6,,,Non végétarien,,?,,,Sauté,Sans œuf,,,4,600 à 800 g de barbue en filets | 6 endives | 35 cl de crème fraîche | 50 g de beurre | 1 pincée de sucre | Sel & Poivre
poele-et-grill,Broccoli et pancetta,https://www.cuisine-libre.org/broccoli-bacon-bowl,https://www.cuisine-libre.org/local/cache-gd2/6c/ffb37c7045e7ea8e8fe647eda48506.jpg?1645758228,,,Durée totale :15 min,Non végétarien,,5 min,10 min,PT15M,Sauté,"Sans œuf, Sans gluten",,,2,"4 tranches de pancetta (poitrine de porc) débitée en lardons | 500 g de brocoli cuit ferme, frais ou surgelé | 1 ou 2 petites gousses d’ail haché | ½ citron (jus et zeste) | 2 grandes poignées de parmesan fraîchement râpé"
poele-et-grill,Choux de Bruxelles au four et lard poêlé,https://www.cuisine-libre.org/choux-de-bruxelles-au-four-et-lard-poele,https://www.cuisine-libre.org/local/cache-gd2/fc/6cb5cc2acfbfd2955e8734a1eb34b5.jpg?1644794698,1belfius,,Durée totale :50 min,Non végétarien,5,30 min,20 min,PT50M,Sauté,"Sans œuf, Sans gluten",5.00,5,4,8 tranches de lard salé | 600 g de choux de Bruxelles | 250 g de champignons blonds | 1 citron | 2 éclats d’ail | 50 g de pecorino (en bloc) | 1 c. à soupe de beurre | 5 c. à soupe d’huile d’olive | sel et poivre
poele-et-grill,Côtes de bettes au lard,https://www.cuisine-libre.org/cotes-de-bettes-au-lard,https://www.cuisine-libre.org/local/cache-gd2/f1/28cf793647dfe86497bd8a04f74a5d.jpg?1644794696,Mouchette,,Durée totale :1 h,Non végétarien,43,15 min,45 min,PT1H,Bouilli,"Sans œuf, Sans lactose, Sans gluten",4.84,43,4,"500 g de côtes de blettes | 125 g de lard fumé | 1 gros oignon | sel, poivre"
poele-et-grill,Rumsteck cuit à point,https://www.cuisine-libre.org/rumsteck-cuit-a-point,https://www.cuisine-libre.org/local/cache-gd2/d6/56362cc774526a3e128e72c5461df8.jpg?1644794318,Kliké,,Durée totale :6 min,Non végétarien,33,1 min,5 min,PT6M,Sauté,"Sans œuf, Sans lactose, Sans gluten",5.00,33,1,200 g de rumsteck | beurre ou huile d’olive
poele-et-grill,Poêlée épicée de patate douce au poivron,https://www.cuisine-libre.org/poelee-epicee-de-patate-douce-au-poivron,https://www.cuisine-libre.org/local/cache-gd2/36/5ab1d0434c83145523812d42fe31da.jpg?1644794531,Aude,,Durée totale :25 min,Végétalien (vegan),24,5 min,20 min,PT25M,Mijoté,"Sans viande, Sans œuf, Sans lactose, Sans gluten",5.00,24,1,une grosse patate douce | un poivron rouge bio | thym frais | ras el hanout | huile d’olive
poele-et-grill,Steaks relevés à la mode des Balkans,https://www.cuisine-libre.org/steaks-releves-a-mode-des-balkans,https://www.cuisine-libre.org/local/cache-gd2/a7/0686ba7246f54e79276c6f02beb59c.jpg?1650358446,nomad,,Durée totale :30 min,Non végétarien,17,20 min,10 min,PT30M,,"Sans œuf, Sans lactose",5.00,17,2,"2 gros steaks pris dans le filet (2,5 à 3 cm d’épaisseur) | 5 c. à soupe d’huile | 2 c. à soupe de grains de poivre noir | 1/2 poivron rouge | 2 grands oignons | 2 gousses d’ail | 4 c. à soupe de cognac | 4 c. à soupe de concentré de paprika | sel, poivre | huile"
poele-et-grill,Maquereaux démoniaques,https://www.cuisine-libre.org/maquereaux-demoniaques,https://www.cuisine-libre.org/local/cache-gd2/fe/c01f96e89cb85fd5651a1475964ad2.jpg?1644795706,,,Durée totale :20 min,Non végétarien,4,10 min,10 min,PT20M,Grill,"Sans viande, Sans œuf",5.00,4,4,4 maquereaux vidés | 40 g de beurre | 1 c. café de sucre | 1 c. café de moutarde anglaise (English mustard powder) | 1 c. café de poivre de Cayenne | 1 c. café de paprika | 1 c. café de coriandre moulue | 2 c. soupe de vinaigre de vin rouge | 1 c. café de poivre | 2 c. café de sel
poele-et-grill,Poêlée d’endives caramélisées,https://www.cuisine-libre.org/poelee-d-endives-caramelisees,https://www.cuisine-libre.org/local/cache-gd2/55/19e023621b45311904d1fbde9fd6b9.jpg?1644795599,Ja6,,Durée totale :40 min,Non végétarien,,15 min,25 min,PT40M,Sauté,"Sans œuf, Sans gluten",,,4,6 endives | 3 carottes | 2 blancs de poulets | 1 tranche de jambon d’Ardenne | 1 gousse d’ail | 1 c. à soupe de sucre en poudre ou cassonade | 30 g de beurre | 1 c. à café de d’huile d’olive | Sel & Poivre
poele-et-grill,Poêlée de grenaille à l’ail,https://www.cuisine-libre.org/poelee-de-grenaille-a-l-ail,https://www.cuisine-libre.org/local/cache-gd2/b1/f0684db88d11d1899e4db2374a1e46.jpg?1645492993,,,Durée totale :55 min,Non végétarien,2,5 min,45 min,PT55M,Mijoté,"Sans viande, Sans œuf, Sans lactose, Sans gluten",5.00,2,4,500 g de grenaille : petites pommes de terre nouvelles (bonnotte de Noirmoutier ou ratte du Touquet) | 4 c. soupe de graisse de canard | 3 gousses d’ail | 5 brins de persil | sel et poivre au moulin
poele-et-grill,Cordon bleu maison,https://www.cuisine-libre.org/cordon-bleu-maison,https://www.cuisine-libre.org/local/cache-gd2/7b/1144fe73e4a4d5faa4c2e18b29a036.jpg?1645753743,,,Durée totale :40 min,Non végétarien,,20 min,20 min,PT40M,,,,,4,"4 escalopes de dinde ou de poulet | 8 tranches de jambon blanc (ou bacon) | 4 tranches de fromage emmental | 4 c. à soupe de farine | 4 c. à soupe de chapelure | 1 œuf | 20 g de beurre | sel, poivre"
poele-et-grill,Tablier de sapeur,https://www.cuisine-libre.org/tablier-de-sapeur,https://www.cuisine-libre.org/local/cache-gd2/d1/a97a88e5938cd3c47e05389e7018dc.jpg?1644794297,Bernard Blazin,,Durée totale :12 h,Non végétarien,43,10 min,20 min,PT12H30M,Sauté,"Sans œuf, Sans lactose, Sans gluten",5.00,43,6,1 bouteille de Mâcon Blanc (bon millésime) | 6 morceaux de gras-double épais déjà cuit (1 cm d’épaisseur maximum)[1] | 1 gros oignon | 1 gousse d’ail | 1 cuillère à soupe de moutarde forte de Dijon (la vraie) | 1 jus de citron | 2 cuillères à soupe d’huile d’olive | sel et poivre du moulin
poele-et-grill,Escalope à la milanaise,https://www.cuisine-libre.org/escalope-a-la-milanaise,https://www.cuisine-libre.org/local/cache-gd2/0a/5e6cf580568b136d3f5eb2f2673a61.jpg?1644797795,Licence Géographie,,Durée totale :45 min,Non végétarien,2,35 min,10 min,PT45M,Sauté,Sans lactose,5.00,2,2,2 escalopes de veau bien fines | 5 biscottes (pour la chapelure) | 10 g de farine | 1 œuf | 1/2 citron
poele-et-grill,Navets frits en la paelle,https://www.cuisine-libre.org/navets-frits-en-la-paelle,https://www.cuisine-libre.org/local/cache-gd2/ee/900e8ce4ebab389fb6fd7700d6bd4e.jpg?1644794492,"Adeselsus, Ménagier de Paris",,,Non végétarien,,?,,,Sauté,"Sans œuf, Sans lactose, Sans gluten",,,,1 botte de navets primeurs (venant du maraicher en avril ou mai) | 50 cl de bouillon de pot-au-feu | 1 à 2 cac de d’épices en poudre (poudre de duc ou poudre fine) | 1 cas de matière grasse à cuisson | Sel de Guérande
poele-et-grill,Topinambours sautés à l’ail,https://www.cuisine-libre.org/topinambours-sautes-a-l-ail,https://www.cuisine-libre.org/local/cache-gd2/e8/fbed8f03a1c7b643ef7f1c8caf8d34.jpg?1644795364,Blogbio,,,Végétalien (vegan),2,?,,,,"Sans viande, Sans œuf, Sans lactose, Sans gluten",5.00,2,2,200 g de topinambours | 1 gousse d’ail | huile d’olive
poele-et-grill,Pissenlits sautés aux anchois,https://www.cuisine-libre.org/pissenlits-sautes-aux-anchois,https://www.cuisine-libre.org/local/cache-gd2/45/733e91e340e9c4c4f2384978dede0c.jpg?1644797553,,,Durée totale :10 min,Non végétarien,,5 min,5 min,PT10M,Sauté,"Sans viande, Sans œuf, Sans lactose, Sans gluten",,,6,"¼ tasse d’huile d’olive extra vierge | 3 filets d’anchois, rincés | 4 gousses d’ail, tranchées finement | 1 brassée de légumes-feuilles verts : scarole, pissenlits, fanes de navet ou de betteraves… | sel et poivre noir fraîchement moulu | ½ citron"
poele-et-grill,Crosnes orléanais,https://www.cuisine-libre.org/crosnes-orleanais,https://www.cuisine-libre.org/local/cache-gd2/19/4fa318aefa48bf04b91cee6ecb585f.jpg?1644796771,Ja6,,Durée totale :25 min,Végétarien,1,15 min,10 min,PT25M,,"Sans viande, Sans œuf, Sans gluten",5.00,1,,"500 g de crosnes | 100 g de beurre d’Isigny | 10 cl de bouillon | sel, poivre | persil"
poele-et-grill,Fricassée de lambis,https://www.cuisine-libre.org/fricassee-de-lambis,https://www.cuisine-libre.org/local/cache-gd2/e3/4585732541863b70bec15f4fdc2974.jpg?1644807002,,,Durée totale :1 h 15,Non végétarien,,?,1 h 15,PT1H15M,Sauté,"Sans viande, Sans œuf, Sans lactose, Sans gluten",,,4,"4 lambis nettoyés et frappés au maillet | 5 cive, persil, (bouquet garni) | 3 gousses d’ail | 1 piment | 2 tomates | 1 citron vert | huile | sel, poivre"
poele-et-grill,Pissenlits fanés,https://www.cuisine-libre.org/pissenlits-fanes,https://www.cuisine-libre.org/local/cache-gd2/03/8873fb20f65d0b16509b32ba1ada81.jpg?1644797553,Matt Kantor,,Durée totale :10 min,Végétarien,,5 min,5 min,PT10M,Sauté,"Sans viande, Sans œuf, Sans gluten",,0,2,"1 lb (450 g) de feuilles de pissenlit | 1 pincée de muscade | beurre, au besoin | sel, au besoin"
poele-et-grill,Rougets à la marocaine,https://www.cuisine-libre.org/rougets-a-la-marocaine,https://www.cuisine-libre.org/local/cache-gd2/94/c9fcaf02af274897c5547f4fd94982.jpg?1644795983,Chamsaya,,Durée totale :1 h 30,Non végétarien,1,15 min,15 min,PT1H30M,Sauté,"Sans viande, Sans œuf, Sans lactose, Sans gluten",5.00,1,4,500 g de rougets en filet | 1 citron confit aux épices et à l’huile d’olive | graines de fenouil | coriandre | 5 gousses d’ail écrasés | 1 bouquet de coriandre | 1/2 citron pressé | huile d’olive | sel | poivre | cumin | paprika | gingembre
poele-et-grill,Brochettes de légumes,https://www.cuisine-libre.org/brochettes-de-legumes,https://www.cuisine-libre.org/local/cache-gd2/67/6c53940f5adc16150d06bf53029159.jpg?1644796579,Ja6,,Durée totale :3 h 30,Non végétarien,,20 min,10 min,PT3H30M,Grill,"Sans œuf, Sans lactose, Sans gluten",,0,8,2 oignons nouveaux | 2 gousses d’ail | 300 g de courgettes | 300 g de poivrons rouges et verts | 300 g de carottes | 300 g de champignons | 3 tranches de poitrine fumée | thym | 1 botte de basilic | 10 cl d’huile d’olive
poele-et-grill,Bœuf sauté au brocoli,https://www.cuisine-libre.org/boeuf-saute-au-brocoli,https://www.cuisine-libre.org/local/cache-gd2/62/86396b30baecb3a51867c794bca37c.jpg?1644794256,Romy,,Durée totale :1 h,Non végétarien,9,15 min,15 min,PT1H,Sauté,"Sans œuf, Sans lactose",5.00,9,3,250 g de filet de bœuf | 400 g de brocoli | 1 oignon | 1 gousse d’ail | 1 morceau de gingembre | 25 cl de bouillon de bœuf | 1 c. soupe d’huile | 2 c. soupe de sauce soja | 1 c. soupe de vin de riz | 1 c. soupe de fécule de maïs | 1 c. café de sucre
poele-et-grill,Salsifis sautés au beurre,https://www.cuisine-libre.org/salsifis-sautes-au-beurre,https://www.cuisine-libre.org/local/cache-gd2/14/9ffaf2a96b197c7748ad2142549fbb.jpg?1644796772,Ja6,,Durée totale :1 h,Végétarien,,20 min,40 min,PT1H,Bouilli,"Sans viande, Sans œuf, Sans gluten",,,4,1 kg de salsifis | 1 citron | 3 cuillères à soupe de vinaigre d’alcool | 125 g de beurre | persil | muscade | sel & poivre
poele-et-grill,Steaks de thon fumés au barbecue,https://www.cuisine-libre.org/steaks-de-thon-fumes-au-barbecue,https://www.cuisine-libre.org/local/cache-gd2/ee/dc3937f0de139ff9e761d1f4028fb3.jpg?1644796574,,,Durée totale :1 h 10,Non végétarien,12,4 min,6 min,PT1H10M,Grill,Sans viande,5.00,12,2,2 beaux steaks de thon | sauce teriyaki
garnitures,Purée persillée au hareng fumé,https://www.cuisine-libre.org/puree-persillee-au-hareng-fume,https://www.cuisine-libre.org/local/cache-gd2/43/ada6fb2576f7c3ec4c5413a1097796.jpg?1644794963,SNSSP,Facile !,,Non végétarien,5,?,,,,"Sans œuf, Sans gluten",5.00,5,,4 filets de hareng fumé | 8 petites pommes de terre | 1 verre de lait | 25 g de beurre salé | 1 poignée de persil haché | 1 pincée de muscade (facultatif) | 1 échalote | 8 cl de citron | sel | poivre
garnitures,Purée aux épinards,https://www.cuisine-libre.org/puree-aux-epinards,https://www.cuisine-libre.org/local/cache-gd2/33/2e90b151a6ba33536c82233b23e3c8.jpg?1644794503,,,Durée totale :35 min,Végétarien,41,15 min,20 min,PT35M,Vapeur,"Sans viande, Sans œuf, Sans gluten",4.88,41,4,"500 g d’épinards (frais ou surgelés) | 300 g de pommes de terre farineuses | 2 cuil. à soupe de crème fraîche, fleurette ou soja (facultatif) | sel et poivre"
garnitures,Galettes de patates aux orties et lardons,https://www.cuisine-libre.org/galettes-de-patates-aux-orties-et-lardons,https://www.cuisine-libre.org/local/cache-gd2/ac/caf0bf708ea1a6dee9a1e3a14fcc82.jpg?1644799972,galilaine,,Durée totale :30 min,Non végétarien,,15 min,15 min,PT30M,Sauté,"Sans œuf, Sans gluten",,,5,100 g de feuilles d’orties | 150 g de lardons | 100 g de pignons de pin | 1 kg de pommes de terre
garnitures,Épinards à la crème,https://www.cuisine-libre.org/epinards-a-la-creme,https://www.cuisine-libre.org/local/cache-gd2/ef/86443cc257d6604b59a447d9191145.jpg?1644794448,Romy,Facile !,Durée totale :25 min,Végétarien,171,15 min,10 min,PT25M,Sauté,"Sans viande, Sans œuf, Sans gluten",4.90,171,4,"1 kg de branches d’épinards frais | 30 g de beurre | 20 cl de crème fraîche | sel, poivre"
garnitures,"Gnocchi de potiron, sauce ail, cajou et  (...)",https://www.cuisine-libre.org/gnocchi-de-potiron-sauce-ail-cajou-et-sauge,https://www.cuisine-libre.org/local/cache-gd2/39/aed5232cccbe6a16f03d55e1e18ca8.jpg?1644794448,La Table Verte,,,Végétalien (vegan),1,?,,,,"Sans viande, Sans œuf, Sans lactose",5.00,1,3,Pâte à gnocchi | 400 g de potiron cruou 250 g de purée de potiron cuit au four | 180 g de farine de blé T65 | 1/2 CC de sel | 1/4 CC de muscade moulue | Pour la sauce | 200 g de noix de cajou | 200 à 250 ml d’eau | 4 CS d’huile d’olive | 3 à 4 gousses d’ail | 20 feuilles de sauge fraiche | Sel et poivre
garnitures,Porée blanche au poireau,https://www.cuisine-libre.org/poree-blanche-au-poireau,https://www.cuisine-libre.org/local/cache-gd2/84/35b9fe6ec48ee6933acd6727554434.jpg?1644794836,Ménagier de Paris,,Durée totale :35 min,Végétarien,1,15 min,20 min,PT35M,Mijoté,"Sans viande, Sans œuf, Sans gluten",5.00,1,4,"1,5 kg de poireaux bien blancs | 200 g d’oignons | 50 g de beurre (ou saindoux) | 200 g d’amandes entières épluchées | 30 cl d’eau | 10 g de gingembre frais (1 morceau de 2 cm) | Pour le mélange d’épices : | 1 pincée de cardamome | ½ c. à café de cannelle | 1 pincée de muscade"
garnitures,Choucroute de poissons express,https://www.cuisine-libre.org/choucroute-de-poissons-express,https://www.cuisine-libre.org/local/cache-gd2/91/2cba920772a57c7ed3c5b1848c3365.jpg?1644794463,Annie,,Durée totale :50 min,Non végétarien,,15 min,35 min,PT50M,,"Sans viande, Sans œuf, Sans gluten",,,4,"1 oignon | 1 cuillère à soupe d’huile de colza | 700 g de choucroute prête à l’emploi | 15 cl de vin blanc sec | 2 cuillères à café de baies de genièvre | 600 g de filets de différents poissons sans la peau : cabillaud, saumon, haddock… | Sel et poivre"
garnitures,Rouzole,https://www.cuisine-libre.org/rouzole,https://www.cuisine-libre.org/local/cache-gd2/3c/7915f96b14b35b8476e512da534ac9.jpg?1644794993,,,Durée totale :50 min,Non végétarien,4,15 min,35 min,PT50M,Sauté,,5.00,4,8,"400 g de chair à saucisse | 1 tranche épaisse de jambon de pays, de lard ou ventrèche | 3 œufs | pain rassis (un morceau d’environ 15 cm) | 1 verre (20 cl) de lait | 2 gousses d’ail hachées | 1 botte de persil haché | poivre moulu à volonté | huile"
garnitures,Bryndzové halusky (gnocchi slovaques),https://www.cuisine-libre.org/bryndzove-halusky-gnocchi-slovaques,https://www.cuisine-libre.org/local/cache-gd2/3f/815bcff8703482872fc1c3693ab39f.jpg?1644796934,,,Durée totale :40 min,Non végétarien,2,30 min,10 min,PT40M,Bouilli,Sans œuf,5.00,2,6,600 g de pommes de terre crues pelées et râpées | 400 g de farine semi-grossière | 450 g de bryndza[*]émietté | 300 g de lard fumé (facultatif) | un peu de lait | sel
garnitures,Pommes de terre vapeur,https://www.cuisine-libre.org/pomme-vapeur,https://www.cuisine-libre.org/local/cache-gd2/43/cd847b99b8df78fffb9eaf84b5d4fd.jpg?1644794493,,Facile !,Durée totale :30 min,Végétalien (vegan),99,10 min,20 min,PT30M,Vapeur,"Sans viande, Sans œuf, Sans lactose, Sans gluten",5.00,99,,"pommes de terre à chair ferme (Charlotte, Roosevalt, Franceline, etc.) : comptez 2 pommes de terre moyennes par personne | eau | gros sel"
garnitures,Chou vert à la crème,https://www.cuisine-libre.org/chou-vert-a-la-creme,https://www.cuisine-libre.org/local/cache-gd2/af/f0bb3a562fbaa01568b2bb4e5fa555.jpg?1644794505,,Facile !,Durée totale :1 h 20,Végétarien,1,10 min,1 h 10,PT1H20M,,"Sans viande, Sans œuf, Sans gluten",5.00,1,4,1 chou vert de Milan | 2 c. à soupe de mascarponeou de crème fraîche | 1 filet d’huile d’olive
garnitures,Purée de patate douce à la crème de coco,https://www.cuisine-libre.org/puree-de-patate-douce,https://www.cuisine-libre.org/local/cache-gd2/9d/b7bd696b5807a2ad8915388859eb0f.jpg?1644794535,,Facile !,Durée totale :30 min,Végétalien (vegan),97,15 min,15 min,PT30M,Vapeur,"Sans viande, Sans œuf, Sans lactose, Sans gluten",5.00,97,5,"800 g de patates douces | 20 cl de crème de coco | sel, poivre ou piment (paprika, Espelette…)"
garnitures,Purée de carottes aux lentilles corail,https://www.cuisine-libre.org/puree-de-carottes-aux-lentilles-corail,https://www.cuisine-libre.org/local/cache-gd2/80/6d1b99051a9133381cbf3f826b1412.jpg?1644794499,Mouchette,,Durée totale :30 min,Végétarien,36,15 min,15 min,PT30M,Bouilli,"Sans viande, Sans œuf, Sans gluten",5.00,36,4,"400 g de carottes | 250 g de lentilles corail | 2 échalotes | 1 c. à café rase de curcuma | 2 brins de coriandre | 30 g de beurre | sel, poivre"
garnitures,Chou pommé braisé aux chipolatas,https://www.cuisine-libre.org/chou-pomme-braise-aux-chipolatas,https://www.cuisine-libre.org/local/cache-gd2/19/4a292199d5497f24de84796959fedc.jpg?1644794505,Annie,,Durée totale :1 h 10,Non végétarien,,10 min,1 h,PT1H10M,,"Sans œuf, Sans lactose, Sans gluten",,,4,"1 kg de chou pommé bien serré | 8 chipolatas | 1 carotte | 1 oignon | 1 gousse d’ail | 70 g de margarine | 2 c. à soupe de vinaigre | sel, poivre"
garnitures,Jardinière de légumes nouveaux,https://www.cuisine-libre.org/jardiniere-de-legumes-nouveaux,https://www.cuisine-libre.org/local/cache-gd2/3f/418f88ec48bd2f3f0d135ed2f8ae27.jpg?1644794492,,,Durée totale :1 h 05,Végétarien,1,30 min,35 min,PT1H5M,Mijoté,"Sans viande, Sans œuf, Sans gluten",5.00,1,6,"1 kg de petits pois fraisou 500 g de petits pois écossés | 12 petites carottes nouvelles | 6 jeunes navets blancs | 6 petits oignons blancs en botte | 1 branche de céleri | 2 brins de thym frais | bouillon de légumes | 40 g de beurre | sel, poivre"
garnitures,Côtes de blettes à la tomate,https://www.cuisine-libre.org/cotes-de-blettes-a-la-tomate,https://www.cuisine-libre.org/local/cache-gd2/c9/58de220ba4f26d82da0a71c6585a8b.jpg?1644799993,Cédric,,Durée totale :1 h 20,Végétarien,21,20 min,1 h,PT1H20M,Mijoté,"Sans viande, Sans œuf, Sans lactose",5.00,21,4,"1 botte de blettes | 1 petite boite de concentré de tomate | 450 g de tomates pelées au naturel | 2 oignons | 2 gousses d’ail | 1 c.soupe d’huile d’olive | sel, poivre"
garnitures,Colcannon,https://www.cuisine-libre.org/colcannon,https://www.cuisine-libre.org/local/cache-gd2/2e/8803c37218c8df19ea3b5431730079.jpg?1706825403,,,Durée totale :45 min,Végétarien,2,15 min,30 min,PT45M,Bouilli,"Sans viande, Sans œuf, Sans gluten",5.00,2,4,"1 kg de pommes de terre à chair farineuse | 1 beau chou vert ou frisé kale | 3 oignons (facultatif) | 50 g de beurre | 50 cl de lait (facultatif) | persil frais | sel, poivre"
garnitures,Endives braisées au citron,https://www.cuisine-libre.org/endives-braisees-au-citron,https://www.cuisine-libre.org/local/cache-gd2/a4/9b8eecc4cc90bf86523b793ed3e2b2.jpg?1644796811,,,Durée totale :45 min,Végétarien,16,10 min,35 min,PT45M,Mijoté,"Sans viande, Sans œuf, Sans gluten",5.00,16,4,"8 endives (soit 1 kg) | 1 noix de beurre frais | 1/2 citron pressé | sel, poivre"
garnitures,Purée de panais au lait,https://www.cuisine-libre.org/puree-de-panais-au-lait,https://www.cuisine-libre.org/local/cache-gd2/4e/40d7575b7f10c471f33dfcd0d77d13.jpg?1644797866,,,Durée totale :40 min,Végétarien,131,20 min,20 min,PT40M,Bouilli,"Sans viande, Sans œuf, Sans gluten",5.00,131,4,"1 kg de panais frais | ¾ litre de lait | 2 c. à soupe de crème fraîche | 1 noix de beurre | sel, poivre blanc"
garnitures,Chou rouge à la lorraine,https://www.cuisine-libre.org/chou-rouge-a-la-lorraine,https://www.cuisine-libre.org/local/cache-gd2/18/d94235adf9c57a233c31b785219d47.jpg?1644795021,,,Durée totale :2 h,Non végétarien,43,15 min,45 min,PT2H,Bouilli,"Sans œuf, Sans lactose, Sans gluten",5.00,43,6,"1 chou rouge de 1,5 kg | 3 pommes acides | 1 gros oignon | 50 g de saindoux | 15 cl de vin rouge (facultatif) | 1 verre d’eau | 1 feuille de laurier | 1 clou de girofle | 1 c. soupe de vinaigre Melfor | 1 pincée de sucre | sel fin | poivre du moulin"
garnitures,Brandade de morue parmentière,https://www.cuisine-libre.org/brandade-de-morue-parmentiere,https://www.cuisine-libre.org/local/cache-gd2/de/8f6260cf407b6cde4a6207148bbad7.jpg?1644797141,,,Durée totale :1 j,Non végétarien,4,15 min,40 min,PT1DH55M,Bouilli,"Sans viande, Sans œuf, Sans gluten",5.00,4,4,400 g de filets de morue séchée | 6 grosses pommes de terre | 6 belles gousses d’ail | 1 bouquet de persil | 20 cl de lait | beurre | poivre blanc
garnitures,Salade de carottes au cumin,https://www.cuisine-libre.org/salade-de-carottes-au-cumin,https://www.cuisine-libre.org/local/cache-gd2/2a/3259fd4509aaaf483d61ac11a837a1.jpg?1644798806,Romy,,Durée totale :2 h 30,Végétalien (vegan),40,10 min,20 min,PT2H30M,Vapeur,"Sans viande, Sans œuf, Sans lactose, Sans gluten",5.00,40,2,500 g de carottes | 2 gousses d’ail | 2 c.café de graines de cumin | 1/2 c.café de paprika | 1 c.soupe d’huile d’olive | 1 c.soupe de jus de citron
garnitures,Petits pois vapeur,https://www.cuisine-libre.org/petits-pois-vapeur,https://www.cuisine-libre.org/local/cache-gd2/e7/98bc21ced5031bb30651a00739c2f8.jpg?1644795409,,,Durée totale :29 min,Végétarien,4,15 min,14 min,PT29M,Vapeur,"Sans viande, Sans œuf, Sans lactose",5.00,4,4,1 kg de petits pois fraisou 400 g de petits pois écossés | eau
garnitures,Purée de Vitelotte,https://www.cuisine-libre.org/puree-de-vitelotte,https://www.cuisine-libre.org/local/cache-gd2/44/07dcb440078d822149ceae537df9f1.jpg?1644794953,"Bibliothèque Louise Michel, Romy",,,Végétarien,,?,,,Vapeur,"Sans viande, Sans œuf, Sans gluten",,,,"1,5 kg de pomme de terre vitelotte | 25 cl de lait demi écrémé | huile d’olive | sel"
garnitures,Lard braisé aux poireaux,https://www.cuisine-libre.org/lard-braise-aux-poireaux,https://www.cuisine-libre.org/local/cache-gd2/2f/899d28127c2ab86bfee8f948af7254.jpg?1644794511,,,,Non végétarien,,?,,,,"Sans œuf, Sans lactose, Sans gluten",,,,"1 livre (500 g) de lard | 3 poireaux frais émincés | 1 oignon moyen | 2 gousses d’ail pressées | sel, poivre"
garnitures,Sucrines braisées aux petits pois,https://www.cuisine-libre.org/sucrines-braisees-aux-petits-pois,https://www.cuisine-libre.org/local/cache-gd2/cf/cb102653296a08a94e2fe4aa3d07a6.jpg?1644797659,,,Durée totale :35 min,Végétarien,,15 min,20 min,PT35M,Sauté,"Sans viande, Sans œuf, Sans gluten",,,4,"2 sucrines (ou 2 cœurs de laitue) | 150 g de pois écossés (frais ou congelés) | 1 oignon blanc | 40 g de beurre | 1 dl de bouillon de légumes | 1/2 c. soupe de sucre | 1/2 botte de persil | sel, poivre"
garnitures,Frites de navets marteau rôtis au miel,https://www.cuisine-libre.org/frites-de-navets-marteau-rotis-au-miel,https://www.cuisine-libre.org/local/cache-gd2/f6/e5b29b94f11e50ea5036990f36186a.jpg?1644794485,valivalou,,Durée totale :45 min,Végétarien,5,15 min,30 min,PT45M,Four,"Sans viande, Sans œuf, Sans lactose, Sans gluten",5.00,5,2,2 navets marteau moyens | 3 cas de miel | 8 cas d’huile d’olive | 1 cac de paprika | 1 à 2 gousse d’ail (au goût) | sel et poivre
garnitures,Maâkouda,https://www.cuisine-libre.org/maakouda,https://www.cuisine-libre.org/local/cache-gd2/36/dea79196fef5a047c2a6221105d1e0.jpg?1644795760,Abla,,Durée totale :30 min,Végétarien,3,15 min,15 min,PT30M,Friture,"Sans viande, Sans lactose",5.00,3,4,500 g de vieilles pommes de terre farineuses | 1 œuf | 2 c à soupe de persilet/ou coriandre hachée | 1 petit oignon nouveau | 1 gousse d’ail | 1 c. à café de cumin (ou curry) | 1 c. à café de paprika | 1/4 de c. à café de curcuma (ou safran) | huile pour friture | farine
garnitures,Purée de haricot vert au poivron grillé,https://www.cuisine-libre.org/puree-de-haricot-vert-au-poivron-grille,https://www.cuisine-libre.org/local/cache-gd2/8e/51de489603b34dc157b1173dcb9626.jpg?1644794705,,,Durée totale :50 min,Végétalien (vegan),2,30 min,20 min,PT50M,Bouilli,"Sans viande, Sans œuf, Sans lactose, Sans gluten",5.00,2,4,1 kg de haricots verts | 4 pommes de terre | 2 poivrons rouges | 2 petits oignons frais | 1 c. à soupe d’estragon frais | 3 c. à soupe d’huile d’olive
garnitures,Purée de courgettes aux fines herbes,https://www.cuisine-libre.org/puree-de-courgettes-aux-fines-herbes,https://www.cuisine-libre.org/local/cache-gd2/3d/99a4b9aba6febf91a2f01e540ab6c1.jpg?1644797983,Romy,,Durée totale :35 min,Végétarien,36,10 min,15 min,PT35M,Vapeur,"Sans viande, Sans œuf, Sans gluten",5.00,36,4,"1,5 kg de courgettes | 2 gousses d’ail | 2 c. soupe de crème fraîche épaisse (ou de crème soja) | 4 c. soupe d’herbes fraîches hachées : persil, basilic, ciboulette | sel, poivre"
garnitures,Purée poireaux pommes de terre,https://www.cuisine-libre.org/puree-poireaux-pommes-de-terre,https://www.cuisine-libre.org/local/cache-gd2/c6/5905e25e0c27dee603d66e50640e74.jpg?1650808948,,,Durée totale :40 min,Végétarien,,15 min,25 min,PT40M,Vapeur,"Sans viande, Sans œuf, Sans gluten",,,4,600 g de pommes de terre à chair farineuse | 3 blancs de poireaux | 150 g de crème sûreou de crème fraîche | 50 g de beurre | sel | poivre
garnitures,Purée au brocoli,https://www.cuisine-libre.org/puree-au-brocoli,https://www.cuisine-libre.org/local/cache-gd2/3a/98b00d6525f2bd5d3d2387a22265a8.jpg?1650808942,,,Durée totale :40 min,Végétarien,,10 min,30 min,PT40M,Bouilli,"Sans viande, Sans œuf, Sans gluten",,,4,"2 pieds de brocolis (avec ou sans sommités) | 2 à 3 grosses pommes de terre farineuses; en fonction du poids des brocolis, pour obtenir env. 800 g au total | 1 oignon émincé | 1 feuille de laurier (facultatif) | 1 branche de thym | 1 gousse d’ail | 30 ml de lait chaud | 1 grosse noix de beurre | sel, poivre, muscade (au goût)"
garnitures,Eryngiis à la crème,https://www.cuisine-libre.org/eryngiis-a-la-creme,https://www.cuisine-libre.org/local/cache-gd2/b5/46bd87cd4e8aad036f767e26c5fba9.jpg?1644795697,Cédric,,Durée totale :20 min,Non végétarien,49,5 min,15 min,PT20M,Mijoté,"Sans viande, Sans œuf",5.00,49,2,"150 g de nouilles udon (ou spaghettis plats) | 3 eryngiis (soit 300 g env.) | 1 c.café de graisse de canard | 1 échalote | 10 cl de crème | 1 pointe de piment de Cayenne | sel, poivre"
garnitures,Stoemp de rutabaga aux pois frais,https://www.cuisine-libre.org/stoemp-de-rutabaga-aux-pois-frais,https://www.cuisine-libre.org/local/cache-gd2/a7/c1fd552a88b885934ed8b24467100f.jpg?1644803009,Le Goût des Plantes,,,Végétarien,,?,,,Bouilli,"Sans viande, Sans gluten",,,4,"250 g de pois frais écossés(± 550g non écossés) | 2 rutabagas moyens | autant de pommes de terre que de rutabaga | 2 jaunes d’oeufs | 5 cl de lait | macis (ou muscade), sel, poivre"
garnitures,Jambon à la chablisienne,https://www.cuisine-libre.org/jambon-a-la-chablisienne,https://www.cuisine-libre.org/local/cache-gd2/83/eafae171b4810958979b61430c22b7.jpg?1644794628,robert,,Durée totale :1 h,Non végétarien,13,30 min,30 min,PT1H,Four,Sans œuf,5.00,13,4,"4 tranches épaisses (3 à 4 mm) de jambon à l’os | 50 cl de vin blanc de Chablis | 2 ou 3 échalotes | 500 g de crème fraiche épaisse | persil | concentré de tomates | beurre, sel, poivre"
garnitures,Galettes de millet aux noix,https://www.cuisine-libre.org/galettes-de-millet,https://www.cuisine-libre.org/local/cache-gd2/17/016fd0fbff338278022992494ed35a.jpg?1723554689,,,Durée totale :1 h,Végétarien,,20 min,40 min,PT1H,Sauté,"Sans viande, Sans gluten",,,4,"200 g de millet cru | 2 gros œufs | 60 g de farine (blé, sarrasin, épeautre…) | 120 ml de lait (animal ou végétal) | 100 g de cerneaux de noix (ou noisettes) | 80 d’échalotes (ou oignons, poireaux…) | 70 g de fromage râpé (comté, gouda…) | persil ou autres herbes sèches | 2 à 3 c. à soupe de sauce soja"
garnitures,Purée épicée de lentilles corail,https://www.cuisine-libre.org/puree-de-lentilles-corail,https://www.cuisine-libre.org/local/cache-gd2/70/e2445a5958a6ad783405cf3e7e3475.jpg?1644795537,,,Durée totale :25 min,Végétarien,3,10 min,15 min,PT25M,Bouilli,"Sans viande, Sans œuf, Sans gluten",5.00,3,,200 g de lentilles corail | 1 c. à café de cumin | 1 c. à café de coriandre | 1 c. à café de paprika | 1 gousse d’ail hachée | sel de céleri | 30 g de beurre
garnitures,Panier de légumes vapeur,https://www.cuisine-libre.org/panier-de-legumes-vapeur,https://www.cuisine-libre.org/local/cache-gd2/ac/a7ddce5e92c07110f66b9ddafc3140.jpg?1644794267,,Facile !,Durée totale :30 min,Végétalien (vegan),1,15 min,15 min,PT30M,Vapeur,"Sans viande, Sans œuf, Sans lactose, Sans gluten",5.00,1,2,1 carotte | ½ brocoli | ½ chou-fleur | pois gourmands
garnitures,Porée noire au lard,https://www.cuisine-libre.org/poree-noire-au-lard,https://www.cuisine-libre.org/local/cache-gd2/eb/907b78793dfa9a57e75cee611144da.jpg?1644796603,Ménagier de Paris,,Durée totale :35 min,Non végétarien,,15 min,20 min,PT35M,Bouilli,"Sans œuf, Sans lactose, Sans gluten",,,4,1 kg de vert de blettes | 8 tranches de lard | 1 litre de bouillon | vinaigre de cidre | miel
garnitures,Pommes dauphine,https://www.cuisine-libre.org/pommes-dauphine,https://www.cuisine-libre.org/local/cache-gd2/9a/6c8c05f879b2b2aed71b84b4a12120.jpg?1644795285,Ja6,,,Végétarien,,?,,,Friture,Sans viande,,,,500 g de pommes de terre (Bintje par ex.) | 2 jaunes d’œufs | 50 g de beurre | Pâte à choux | 25 cl d’eau | 4 œufs | 80 g de beurre | 125 g de farine | 1 pincée de sel
garnitures,Fanes de betteraves à la crème et au miel,https://www.cuisine-libre.org/fanes-de-betteraves-a-la-creme-et-au-miel,https://www.cuisine-libre.org/local/cache-gd2/59/4f79d6438cc3d4ec7fd1350f1fe526.jpg?1644797822,Mon AMAP,,Durée totale :40 min,Végétarien,39,15 min,25 min,PT40M,Mijoté,"Sans viande, Sans œuf, Sans gluten",5.00,39,,fanes de betteraves | 1 oignon blanc | 3 gousses d’ail frais | 2 c. soupe de miel toutes fleurs | 1 c. soupe de vinaigre de Xérès | 2 c. soupe de crème fraîche | 3 pincée de curry indien | 1 pistil de safran
garnitures,Rösti (galette de pomme de terre),https://www.cuisine-libre.org/rosti-galette-de-pomme-de-terre,https://www.cuisine-libre.org/local/cache-gd2/cb/a25bb69112f4aea7d2b627fb590508.jpg?1644794959,,,Durée totale :9 h,Végétarien,4,20 min,40 min,PT9H,Sauté,"Sans viande, Sans œuf, Sans gluten",5.00,4,4,900 g de pommes de terre de type Agria[*] | 40 g de beurre | sel
garnitures,Spaghetti aux boulettes de viande,https://www.cuisine-libre.org/spaghetti-aux-boulettes-de-viande,https://www.cuisine-libre.org/local/cache-gd2/71/a98672f50bf07f3f26a8d08e2cf2bc.jpg?1644794348,Pastafari,,Durée totale :1 h 30,Non végétarien,4,30 min,1 h,PT1H30M,Bouilli,,5.00,4,4,"400 g de spaghetti | Pour les boulettes : | 400 g de viande de bœuf hachée | 50 ml de lait | 1 œuf | 25 g de parmesan | 25 g de chapelure | 2 gousses d’ail | 1 oignon | 1 c. à soupe de persil haché | huile d’olive | sel, poivre | Pour la sauce : | 2 gousses d’ail | 1 oignon | 2 c. à soupe de concentré de tomate | 2 feuilles de laurier | 1 c. à soupe d’origan séché | 1 grosse boîte de tomates pelée au jus"
garnitures,"Ravioli épinards, ricotta, saumon",https://www.cuisine-libre.org/ravioli-epinards-ricotta-saumon,https://www.cuisine-libre.org/local/cache-gd2/58/a4ee9b8419add25848d590a208be60.jpg?1644794497,Signe-Déco,,Durée totale :2 h,Non végétarien,2,45 min,15 min,PT2H,Bouilli,Sans viande,5.00,2,,"Pour la pâte : | 500 g de farine | 4 œufs | 1/2 cc de sel | 5 cl d’eau | Pour la farce : | 150 g de saumon fumé | 200 g de ricotta | 1 sac d""épinard (une fois cuit env. 350 g) | sel et poivre"
garnitures,Boulettes de veau à l’ortie,https://www.cuisine-libre.org/boulettes-de-veau-a-l-ortie,https://www.cuisine-libre.org/local/cache-gd2/f2/4ae81214789b7ce28648815f0e7230.jpg?1644794492,ploutregor,,,Non végétarien,,?,,,,"Sans œuf, Sans lactose",,,,"restes de votre rôti de veau (ou volaille) | 200 g de feuilles d’ortie (ou plus selon la quantité de viande) | 5 à 10 cornichons | quelques câpres | mie de pain | eau ou lait de riz | thym, sauge"
garnitures,Fondue de poireaux,https://www.cuisine-libre.org/fondue-de-poireaux,https://www.cuisine-libre.org/local/cache-gd2/1d/811a7eef2b6da34a08d3fd371448e7.jpg?1644794836,Tamago,,Durée totale :20 min,Végétarien,46,10 min,10 min,PT20M,Mijoté,"Sans viande, Sans œuf, Sans gluten",5.00,46,4,"1 kg de poireaux | 60 g de beurre | 3 c. à soupe de crème fraîche, fleurette ou soja | sel, poivre"
garnitures,Galettes carottes-chèvre,https://www.cuisine-libre.org/galettes-carottes-chevre,https://www.cuisine-libre.org/local/cache-gd2/fb/65d9e8e6ed24051cc94067024e366f.jpg?1675606110,tajine&twist,,Durée totale :23 min,Végétarien,2,15 min,8 min,PT23M,,"Sans viande, Sans lactose, Sans gluten",5.00,2,2,"2 verres de flocons de riz | 2 verres de lait de soja | 2 œufs | 2 carottes moyennes | sel aux herbes, poivre | graines de carvi (ou de fenouil) | 75 g fromage de chèvre frais ou de tome de brebis"
garnitures,Quenelles sauce tortue,https://www.cuisine-libre.org/quenelles-sauce-tortue,https://www.cuisine-libre.org/local/cache-gd2/f8/138384b5d249058e6cb74d1f95b14e.jpg?1644800376,Bernard Blazin,,Durée totale :40 min,Non végétarien,26,10 min,30 min,PT40M,Mijoté,,5.00,26,3,6 quenelles lyonnaises fraîches natures | 1 c. à soupe de concentré de tomate | 15 olives vertes dénoyautées | 150 g de champignons de Paris entiers (en conserve) | 1 c. à soupe de farine | 1 grosse noix de beurre | 1 cube de bouillon de bœuf ou de poule | sel et poivre | eau
garnitures,Purée au cresson,https://www.cuisine-libre.org/puree-au-cresson,https://www.cuisine-libre.org/local/cache-gd2/27/9475e5599a50e056117726b1f0b348.jpg?1644795073,,,Durée totale :35 min,Végétarien,18,15 min,20 min,PT35M,Vapeur,"Sans viande, Sans œuf, Sans gluten",5.00,18,4,500 g de pommes de terre à purée | 1 botte de cresson | 20 g de beurre doux | 10 cl de crème fleurette | sel et poivre du moulin
garnitures,Chou rouge aux pommes,https://www.cuisine-libre.org/chou-rouge-aux-pommes,https://www.cuisine-libre.org/local/cache-gd2/70/584ed0274112a09df5c77e99278446.jpg?1644795074,Cédric,,Durée totale :1 h,Végétarien,60,30 min,30 min,PT1H,Mijoté,"Sans viande, Sans œuf",5.00,60,4,"1 chou rouge | 4 pommes | 50 g de beurre ou margarine | 2 c. à soupe de cassonade | 1 c. à café de muscade râpée | sel, poivre | 2 c. à soupe de vinaigre de cidre | 1 verre d’eau (25cl)"
garnitures,Scorsonères à la provençale,https://www.cuisine-libre.org/scorsoneres-a-la-provencale,https://www.cuisine-libre.org/local/cache-gd2/7f/e8f91e17a25375e88ba1a24689f0dc.jpg?1707126744,Le Goût des Plantes,,,Végétarien,,?,,,Mijoté,"Sans viande, Sans œuf, Sans gluten",,,,"1 kg de scorsonères[1] | beurre | 3 tomates bien mûres (en saison) | 2 gousses d’ail | thym, origan, sarriette | sel, poivre"
garnitures,Choucroute de Siam,https://www.cuisine-libre.org/choucroute-de-siam,https://www.cuisine-libre.org/local/cache-gd2/6d/c9f7f398ff652040d3e2d064a97b1f.jpg?1644794887,Florian,,Durée totale :1 h 15,Non végétarien,15,15 min,1 h,PT1H15M,Bouilli,"Sans œuf, Sans lactose",5.00,15,4,"1 courge du Siam (1,5 kg pour 1 kg de chair égouttée) | 150 g de lardons fumés | 10 à 12 grains de genièvre | poivre | 2 verres de vin blanc"
garnitures,Purée de navets,https://www.cuisine-libre.org/puree-de-navets,https://www.cuisine-libre.org/local/cache-gd2/24/c8b390051680023615a1efc393fe94.jpg?1644794489,,,Durée totale :40 min,Végétarien,47,15 min,25 min,PT40M,Vapeur,"Sans viande, Sans œuf",5.00,47,6,"600 g de navets | 3 pommes de terre | 2 à 3 c.soupe de crème fraîche | 1 noix de beurre | sel, poivre"
garnitures,Pommes de terre au cumin et à la coriandre,https://www.cuisine-libre.org/pommes-de-terre-au-cumin-et-a-la-coriandre,https://www.cuisine-libre.org/local/cache-gd2/38/089dfd05dac2f715fe72ed2c88762f.jpg?1644794336,Romy,,Durée totale :35 min,Végétalien (vegan),61,15 min,20 min,PT35M,Vapeur,"Sans viande, Sans œuf, Sans lactose, Sans gluten",4.90,61,4,"1 kg de pomme de terre à chair ferme | 4 gousses d’ail | 1 citron | 6 c. soupe d’huile d’olive extra vierge | 2 c. café de cumin en poudre | 1 bouquet de coriandre fraîche | sel, poivre"
garnitures,Croquettes de pommes de terre de ma grand-mère,https://www.cuisine-libre.org/croquettes-de-pommes-de-terre-de-ma-grand,https://www.cuisine-libre.org/local/cache-gd2/58/316e18b215a457a7f61b97cc12e38d.jpg?1644794509,paddy,,Durée totale :1 h,Végétarien,58,45 min,15 min,PT1H,Friture,"Sans viande, Sans lactose, Sans gluten",5.00,58,6,6 belles pommes de terre (1 par personne) | 1 bouquet de persil | 2 gousses d’ail | 1 œuf | sel | poivre | farine ou fécule de pomme de terre (facultatif)
garnitures,Brandade de carottes,https://www.cuisine-libre.org/brandade-de-carottes,https://www.cuisine-libre.org/local/cache-gd2/83/e748d7e1eb021f1ddefcdb1ffed51a.jpg?1644795937,Wikimanche,,,Végétarien,,?,,,Bouilli,"Sans viande, Sans œuf",,,,"750 g à 1 kg de carottes de sable de Créances | 1 ou 2 oignons | 75 g de beurre | 50 g de farine | 1/2 l de lait | sel, poivre blanc, noix de muscade"
garnitures,Purée de patate douce aux pois et épinards,https://www.cuisine-libre.org/puree-de-patate-douce-aux-pois-et-epinards,https://www.cuisine-libre.org/local/cache-gd2/bc/e95f8fc770b9cd05f8ca0408a309b6.jpg?1644794534,SamA.,,Durée totale :25 min,Végétarien,23,15 min,10 min,PT25M,Bouilli,"Sans viande, Sans œuf, Sans gluten",5.00,23,5,"1 c. à soupe de beurre | 50 g de poireau, haché finement | 1 patate douce d’env 400 g, pelée et hachée | 220 ml d’eau | 50 g de pois surgelés | 75 g d’épinards frais, lavés et tiges rigides retirées"
garnitures,"Haricots beurre au citron, origan et parmesan",https://www.cuisine-libre.org/haricots-beurre-au-citron-origan-et-parmesan,https://www.cuisine-libre.org/local/cache-gd2/e7/8a02d1b8dae29262e4b9f7616dc2a5.jpg?1644799928,,,Durée totale :30 min,Végétarien,1,20 min,10 min,PT30M,Vapeur,"Sans viande, Sans œuf, Sans gluten",5.00,1,4,"750 g de haricots beurre | 1 citron | ½ échalote | 1 gousse d’ail | 1 poignée de parmesan en copeaux | 3 c. à soupe d’huile d’olive | 1 c. à soupe de vinaigre de vin blanc | 1 c. à thé d’origan séché | 1 c. à café de persil séché | sel, poivre"
garnitures,"Ravioles de cèpes, sauce Périgueux",https://www.cuisine-libre.org/ravioles-de-cepes-sauce-perigueux,https://www.cuisine-libre.org/local/cache-gd2/30/62092f823aeae0ff9c853d7d35497d.jpg?1644802748,Ja6,,,Non végétarien,,?,,,,,,,5,250 g de cèpes frais | 4 cuillères à soupe de graisse de canard | 2 gousses d’ail | 100 g de pâte à ravioles | 4 œufs | 20 cl de cognac ou d’armagnac | 20 cl de porto rouge | 80 cl de fond de volaille | 50 g de truffes (facultatif) | persil | sel & poivre
garnitures,Bettes aux fruits secs,https://www.cuisine-libre.org/bettes-aux-fruits-secs,https://www.cuisine-libre.org/local/cache-gd2/4e/68365685dfda2f5f2c2785e4553dba.jpg?1644796771,AMAP de Plaisir,,Durée totale :37 min,Végétalien (vegan),2,20 min,17 min,PT37M,Mijoté,"Sans viande, Sans œuf, Sans lactose, Sans gluten",5.00,2,6,700 g de bettes | 3 gousses d’ail | 1 oignon | 120 g de raisins secs | 80 g de pignons de pin | 10 cl de bouillon de légumes | 1/2 citron | 3 cuillères à soupe d’huile d’olive | sel et poivre
garnitures,Purée de potimarron confit,https://www.cuisine-libre.org/puree-de-potimarron-confit,https://www.cuisine-libre.org/local/cache-gd2/e0/a056de1e545b944dcb241edc0f7559.jpg?1644794691,Delphine H.,,Durée totale :1 h 20,Végétalien (vegan),1,20 min,1 h,PT1H20M,Four,"Sans viande, Sans œuf, Sans lactose, Sans gluten",5.00,1,2,150 g de potimarron | 1 oignon rouge | 4 châtaignes | du cumin | de la persillade | du sésame grillé | du sésame noir | du paprika | sel & poivre
garnitures,Purée de pois cassés,https://www.cuisine-libre.org/puree-de-pois-casses,https://www.cuisine-libre.org/local/cache-gd2/3e/df5a98f5cedecf3e17cc2483bd39d7.jpg?1644795440,,,Durée totale :4 h 10,Végétarien,,10 min,1 h,PT4H10M,Bouilli,"Sans viande, Sans œuf, Sans gluten",,,4,300 g de pois cassés | 2 carottes | 2 échalotes | 1 gousse ail | 1 bouquet garni | lait
garnitures,Fondue de poireaux au saumon fumé,https://www.cuisine-libre.org/fondue-de-poireaux-au-saumon-fume,https://www.cuisine-libre.org/local/cache-gd2/ac/9087ea66fde7cbd71ef3a9a2286de5.jpg?1644794314,Romy,Facile !,Durée totale :25 min,Non végétarien,62,15 min,10 min,PT25M,Mijoté,"Sans viande, Sans œuf, Sans lactose, Sans gluten",4.92,62,2,4 poireaux | 4 tranches de saumon fumé | 2 c. à soupe d’huile d’olive (facultatif) | 20 cl de crème de soja (remplace la crème fraîche) | quelques brins d’anethou de ciboulette | 1 c. à café de jus de citron | sel marin | poivre (mélange cinq baies)
garnitures,Stoemp à la carotte,https://www.cuisine-libre.org/stoemp-a-la-carotte,https://www.cuisine-libre.org/local/cache-gd2/4b/ad53f895fd5264247c3f2169cfdd70.jpg?1644794316,Romy,,Durée totale :45 min,Végétarien,38,15 min,30 min,PT45M,Vapeur,"Sans viande, Sans œuf, Sans gluten",4.84,38,3,5 pommes de terre moyennes | 3 belles carottes | 1 noix de beurre frais | 1 cuil. a café de moutarde | sel et poivre
garnitures,Galette de petit épeautre et pois cassés,https://www.cuisine-libre.org/galette-petit-epeautre-pois-casses,https://www.cuisine-libre.org/local/cache-gd2/a2/b4083b45ed464e5c9953a36475c58f.jpg?1644795441,kerhamon,,Durée totale :25 min,Végétalien (vegan),3,20 min,5 min,PT25M,,"Sans viande, Sans œuf, Sans lactose",5.00,3,3,350 g de flocons de petit épeautre | 200 g de flocons de pois cassés | 3 carottes | 1 grosse échalote | 3 cuillères à café de curcuma | 2 cuillères à soupe de farine de riz | 750 ml d’eau bouillante
garnitures,Chou rouge à la gelée de groseilles,https://www.cuisine-libre.org/chou-rouge-a-la-gelee-de-groseilles,https://www.cuisine-libre.org/local/cache-gd2/5e/62596afd8617aa23fd6eb5e9f17c92.jpg?1647774236,lunagarcia,,Durée totale :3 h 15,Végétarien,,2 h,1 h 15,PT3H15M,,"Sans viande, Sans œuf, Sans gluten",,,10,"2 c. à soupe d’huile d’olive | 2 c. à soupe de beurre | 2 oignons rouges râpés | 2 gousses ail écrasées | 2 c. à soupe de gingembre râpé | 1 chou rouge, sans la tige dure et finement tranché | 1 pomme à cuire, pelée, évidée et râpée | 100 ml de vinaigre balsamique | 1 bâton de cannelle cassé en 2 | 2 anis étoilé | ½ c. à café d’épices mélangées | 4 c. à soupe de gelée de groseilles"
garnitures,"Tovtchanka, purée aux haricots et pavot",https://www.cuisine-libre.org/tovtchanka-puree-aux-haricots-et-pavot,https://www.cuisine-libre.org/local/cache-gd2/49/6f19cb20d9003decc2586181b867ba.jpg?1647107364,,,Durée totale :12 h,Végétarien,2,15 min,2 h,PT12H15M,Bouilli,"Sans viande, Sans œuf, Sans gluten",5.00,2,2,"300 g de pommes de terre | ½ tasse de haricots secsou 1 tasse de haricots cuits | 3 c. à soupe de graines de pavot | 2 à 3 c. soupe (50 g) de beurre | 1 feuille de laurier | 1 petit piment | sel, poivre"
garnitures,"Clapshot, purée au navet",https://www.cuisine-libre.org/clapshot-puree-de-navet,https://www.cuisine-libre.org/local/cache-gd2/bc/b3b5a704dcb7e0804c64af27ba17d6.jpg?1644794485,,,Durée totale :35 min,Végétarien,,15 min,20 min,PT35M,Bouilli,"Sans viande, Sans œuf, Sans gluten",,,4,500 g de navet ou rutabaga[*] | 500 g de pommes de terre à puréeKing EdwardsouMarris Piper | 50 g de beurre | 2 c. à soupe de ciboulette ciselée | poivre noir du moulin | sel fin
garnitures,Champignons à la normande,https://www.cuisine-libre.org/champignons-a-la-normande,https://www.cuisine-libre.org/local/cache-gd2/78/60c622b54e7acbb5394263afb34334.jpg?1644794688,Yves Huot-Marchand,,Durée totale :30 min,Non végétarien,1,15 min,15 min,PT30M,Mijoté,"Sans œuf, Sans gluten",5.00,1,4,"600 g de champignons, tous à peu près de la même taille | 30 g de beurre | 10 cl de crème fraîche | 100 g de petits lardons maigres fumés | calvados | 2 cuillerées à soupe de persil haché ou de cerfeuil ciselé | sel et poivre blanc au moulin"
garnitures,Boulettes suédoises,https://www.cuisine-libre.org/boulettes-suedoises,https://www.cuisine-libre.org/local/cache-gd2/fa/2ab4ae8083a2bca000ba4dd0bee0cd.jpg?1644860356,,,Durée totale :3 h,Non végétarien,1,20 min,40 min,PT3H,,,5.00,1,4,"Pour les boulettes | 500 g de bœuf haché | 500 g de porc haché | 1 oignon haché finement | 1 gousse d’ail écrasée | 100 g de chapelure | 1 œuf | 5 c. à soupe de lait entier | sel, poivre | huile | Pour la sauce | 40 g de beurre | 40 g de farine | 150 ml de bouillon de légumes | 150 ml de bouillon de bœuf | 150 ml de crème | 2 c. à thé de sauce soja | 1 c. à thé de moutarde de Dijon"
garnitures,Laitue aux raisins secs,https://www.cuisine-libre.org/laitue-aux-raisins-secs,https://www.cuisine-libre.org/local/cache-gd2/52/18d93ce3413f9b4d2cfb593c764e9b.jpg?1644799469,Jardins du Flon,,Durée totale :15 min,Végétarien,,5 min,10 min,PT15M,Mijoté,"Sans viande, Sans œuf, Sans gluten",,,4,"1 oignon, finement haché | 500 g de laitue, parée, coupée en lanières | 5 cs de raisins secs | 1/2 dl de bouillon de légumes | 1 dl de crème"
garnitures,Purée de petits pois à la menthe,https://www.cuisine-libre.org/puree-de-petits-pois-a-la-menthe,https://www.cuisine-libre.org/local/cache-gd2/34/c94cfdb76d69d92bb668e88bdf6c44.jpg?1644797660,Ja6,,Durée totale :10 min,Végétarien,1,5 min,5 min,PT10M,Bouilli,"Sans viande, Sans œuf, Sans gluten",5.00,1,1,1/2 boite de 280 g de petits pois | 60 g de fromage blanc à 40% deMG | 30 g de fromage de chèvre frais | 1 feuille de menthe (ou de ciboulette)
garnitures,Frites de rutabaga et carottes au citron,https://www.cuisine-libre.org/frites-de-rutabaga-et-carottes-au-citron,https://www.cuisine-libre.org/local/cache-gd2/db/aeb9785374716cfb2d7eacda119010.jpg?1644794497,,,Durée totale :40 min,Végétalien (vegan),1,20 min,20 min,PT40M,Four,"Sans viande, Sans œuf, Sans lactose, Sans gluten",5.00,1,6,2 rutabagas (env. 550 g) | 4 carottes (env. 450 g) | 1½ c. à soupe d’huile d’olive | 1 c. à soupe de cassonade | 1 citron pressé et zesté | ¼ c. à soupe d’herbes fraîches : ciboulette ou aneth | sel et poivre au goût
garnitures,« Hamburgers » aux haricots rouges et champignons,https://www.cuisine-libre.org/hamburgers-aux-haricots-rouges-et,https://www.cuisine-libre.org/local/cache-gd2/2f/20b8dff0776eb118277140624da4d6.jpg?1644795276,Ja6,,Durée totale :35 min,Végétarien,,15 min,20 min,PT35M,,"Sans viande, Sans œuf",,,5,"1 cuillère à soupe d’huile d’olive | 1 petit oignon - finement haché | 1 gousse d’ail - écrasée | 1 cuillère à café de cumin moulu | 1 cuillère à café de coriandre en poudre | 1/2 cuillère à café de curcuma moulu | 115 g de champignons de Paris - finement hachés | 400 g de haricots rouges en boîte | 2 cuillères à soupe de coriandre fraîche - ciselée | farine complète (facultativement) | huile d’olive, pour badigeonner | sel & poivre noir | yaourt grec, pour accompagner"
garnitures,Pommes de terre « plume ta part »,https://www.cuisine-libre.org/pommes-de-terre-plume-ta-part,https://www.cuisine-libre.org/local/cache-gd2/a2/9ab69548a29963dcc1b3f066236311.jpg?1644794958,Romy,Facile !,Durée totale :35 min,Végétalien (vegan),20,5 min,30 min,PT35M,Vapeur,"Sans viande, Sans œuf, Sans lactose, Sans gluten",4.80,20,,100 à 150 g de pommes de terre par personne
garnitures,Purée de topinambour,https://www.cuisine-libre.org/puree-de-topinambour,https://www.cuisine-libre.org/local/cache-gd2/7e/7c70c1c882dd470a1121baca1fdd7e.jpg?1644795364,Romy,,Durée totale :35 min,Végétarien,52,10 min,25 min,PT35M,Bouilli,"Sans viande, Sans œuf, Sans gluten",5.00,52,4,"800 g de topinambours | 1 noix de beurre | sel, poivre | 1 brin de ciboulette"
garnitures,Purée de butternut,https://www.cuisine-libre.org/puree-de-butternut,https://www.cuisine-libre.org/local/cache-gd2/96/84871090193afee04e9a53a52d015b.jpg?1644795634,,,Durée totale :30 min,Végétarien,,15 min,15 min,PT30M,Vapeur,"Sans viande, Sans gluten",,,,"1 kg de courge butternut | 500 g de pommes de terre | 40 g de beurre | 20 cl de crème liquide | 1 jaune d’œuf | sel, poivre"
garnitures,Kouign patatez,https://www.cuisine-libre.org/kouign-patatez,https://www.cuisine-libre.org/local/cache-gd2/52/164285bd68e3306c370f4a4b22436d.jpg?1644794261,jeanbaptiste_bourgoin,,Durée totale :1 h,Végétarien,2,30 min,30 min,PT1H,Four,Sans viande,5.00,2,4,1 kg de pomme de terre | 250 g de beurre | 300 g de farine de blé noir (sarrasin) | 2 œufs
garnitures,Haricots verts amandine,https://www.cuisine-libre.org/haricots-verts-amandine,https://www.cuisine-libre.org/local/cache-gd2/94/3ec1239a76f8c2e66ae8b41fc08658.jpg?1644794708,,,Durée totale :40 min,Végétarien,,20 min,20 min,PT40M,Sauté,"Sans viande, Sans œuf, Sans gluten",,,4,"450 g de haricots verts français frais | ¼ tasse d’amandes effilées (sinon mondées et concassées) | 1 c. à soupe de beurre | sel, poivre"
garnitures,Chou au chou sauvage,https://www.cuisine-libre.org/chou-au-chou-sauvage,https://www.cuisine-libre.org/local/cache-gd2/e1/3cbab7b934dc7033bb351b943c89b6.jpg?1644862624,USDA,,Durée totale :20 min,Végétalien (vegan),,5 min,15 min,PT20M,Bouilli,"Sans viande, Sans œuf, Sans lactose, Sans gluten",,,4,"8 onces (225 g) de chou sauvagecollard greens(lavé, tiges enlevées, râpé) | 2 tasses de chou blanccabbage(râpé) | 1 c. à soupe d’huile d’olive | 1 oignon (haché) | 1 c. à soupe d’ail en poudre | 1 c. à soupe de vinaigre"
garnitures,Girolles à la crème,https://www.cuisine-libre.org/girolles-a-la-creme,https://www.cuisine-libre.org/local/cache-gd2/a4/ea7b685c6ea4b85ac12d779859c6cc.jpg?1644798816,Ja6,,Durée totale :35 min,Végétarien,1,10 min,25 min,PT35M,Mijoté,"Sans viande, Sans œuf, Sans gluten",5.00,1,4,"1,5 kg de girolles - chanterelles | 80 g de beurre | 100 g de crème fraîche | 5 brins de persil | sel, poivre"
garnitures,Purée au potimarron,https://www.cuisine-libre.org/puree-au-potimarron,https://www.cuisine-libre.org/local/cache-gd2/02/084237a114c294f3fe4d768d8f5c71.jpg?1644794691,Romy,,Durée totale :40 min,Végétalien (vegan),23,20 min,20 min,PT40M,Vapeur,"Sans viande, Sans œuf, Sans lactose, Sans gluten",5.00,23,4,300 g de potimarron | 300 g de pommes de terre | 1 g de curry en poudre | sel et poivre
garnitures,Galettes de lentilles et semoule,https://www.cuisine-libre.org/galettes-de-lentilles-et-semoule,https://www.cuisine-libre.org/local/cache-gd2/63/0e56539795c47d0a9e2f8d1345a592.jpg?1644802053,valivalou,,Durée totale :1 h 20,Végétarien,5,45 min,35 min,PT1H20M,Sauté,Sans viande,5.00,5,8,"200 g de lentilles (vertes ou corail) | 150 g de semoule (couscous) complète | 60 g de fromage râpé (emmental ou brebis ou mozza) | 1 œuf | 2 cas de farine | 3 à 4 gousses d’ail | huile d’olive | sel, poivre, herbes fraiches"
garnitures,Chou chinois sauté au gingembre et lardons,https://www.cuisine-libre.org/chou-chinois-saute-au-gingembre-et-lardons,https://www.cuisine-libre.org/local/cache-gd2/b0/508f1cf57e6628b54339e68a3c1f3d.jpg?1644796604,Romy,,Durée totale :30 min,Non végétarien,166,15 min,15 min,PT30M,Mijoté,"Sans œuf, Sans lactose",5.00,166,3,1 chou chinois | 100 à 200 g de lardons fumés | 1 oignon | 3 gousses d’ail | 1 morceau de gingembre | 1 c. soupe de graisse de canard | 3 c. soupe de sauce soja
garnitures,Nage de Saint Jacques crémée au citron,https://www.cuisine-libre.org/nage-de-saint-jacques-cremee-au-citron,https://www.cuisine-libre.org/local/cache-gd2/fe/c3f1027c4845e9c7b09a2486b61f75.jpg?1644796579,serge,,Durée totale :20 min,Non végétarien,15,15 min,5 min,PT20M,Grill,"Sans viande, Sans œuf, Sans gluten",5.00,15,4,"12 grosses noix de Saint Jacques | 1 pot de crème fraiche entière | 1 citron non traité, zesté fin et pressé | 1 poignée de ciboulette"
garnitures,Chouée à la Calaisienne,https://www.cuisine-libre.org/chouee-a-la-calaisienne,https://www.cuisine-libre.org/local/cache-gd2/89/34970a625e6407ab542c84eb361a7d.jpg?1644794506,Ja6,,Durée totale :1 h 10,Non végétarien,,15 min,55 min,PT1H10M,Bouilli,"Sans œuf, Sans lactose, Sans gluten",,0,,"1 kg de choux verts : choisir des choux verts très jeunes, ou des «piochons» c’est-à-dire les pousses latérales des grands choux «à vaches» | 100 g de saindoux | 4 rillons | sel & poivre"
garnitures,Polenta méridionale,https://www.cuisine-libre.org/polenta-meridionale,https://www.cuisine-libre.org/local/cache-gd2/3b/4c5a6ac585f7ed60fe38511f914aa4.jpg?1644797954,,,Durée totale :30 min,Végétalien (vegan),1,15 min,15 min,PT30M,Sauté,"Sans viande, Sans œuf, Sans lactose, Sans gluten",5.00,1,3,"125 g de polenta | ½ litre d’eau | 2 oignons | 100 g d’olives | 500 g de tomates | 6 gousses d’ail | huile d’olive | piment | sel, poivre"
garnitures,Épinards à la sauce sésame,https://www.cuisine-libre.org/epinards-a-la-sauce-sesame,https://www.cuisine-libre.org/local/cache-gd2/dc/89d5120cc180cc3c37f877c1b2503f.jpg?1644794505,Romy,,Durée totale :17 min,Végétarien,25,15 min,2 min,PT17M,Vapeur,"Sans viande, Sans œuf, Sans lactose",5.00,25,2,500 g d’épinards frais en branches | 1 c. café de miel | 4 c. soupe de sauce soja | 1 c. café de tahin (purée de sésame) | 2 c. bouillon dashi végé léger | 2 c. soupe de graines de sésame
garnitures,Crémée de chou-rave à l’aneth,https://www.cuisine-libre.org/ragout-de-chou-rave-a-l-aneth,https://www.cuisine-libre.org/local/cache-gd2/9e/907004bea0441f6599f40af389f8d2.jpg?1644794351,SamA.,,Durée totale :30 min,Végétarien,15,15 min,15 min,PT30M,Mijoté,"Sans viande, Sans œuf",5.00,15,,"350 g de chou-rave | 225 g de carottes râpées | 25 g de beurre | 1 tasse de bouillon | 1/2 cuillère d’aneth frais haché | 150 ml de crème | 1 c. soupe de fécule de maïs | sel, poivre"
garnitures,Galette de pomme de terre,https://www.cuisine-libre.org/galettes-de-pomme-de-terre,https://www.cuisine-libre.org/local/cache-gd2/00/3874684708e51aab47de8fce1af6af.jpg?1644796934,Gros,,Durée totale :30 min,Végétarien,126,15 min,15 min,PT30M,Sauté,"Sans viande, Sans lactose, Sans gluten",4.98,126,2,"8 pommes de terre | 2 oignons | 3 œufs | huile d’olive | sel, poivre"
garnitures,Frites de panais à la cannelle,https://www.cuisine-libre.org/frites-de-panais-a-la-cannelle,https://www.cuisine-libre.org/local/cache-gd2/42/19b8d20707d4c04dd09d4303e32be5.jpg?1644796319,SamA.,,Durée totale :30 min,Végétarien,8,30 min,,PT30M,Friture,"Sans viande, Sans œuf, Sans gluten",5.00,8,,panais | beurre | sucre | cannelle
garnitures,Croquettes de maïs,https://www.cuisine-libre.org/croquettes-de-mais,https://www.cuisine-libre.org/local/cache-gd2/b5/d37c31e1a299af3e32faf66df976f3.jpg?1644802054,Ja6,,Durée totale :2 h 50,Végétarien,,25 min,25 min,PT2H50M,Friture,Sans viande,,,4,500 g de grains de maïs au naturel en conserve | 60 g de beurre | 150 g de farine | 50 cl de lait | 1 feuille de laurier | 1 oignon | 2 jaunes d’œufs | 3 œufs entiers | 130 g de chapelure | huile de friture | sel & poivre
garnitures,Salsifis normands,https://www.cuisine-libre.org/salsifis-normands,https://www.cuisine-libre.org/local/cache-gd2/3e/3898adbd6e24ed437a367cb36b47df.jpg?1644797484,Wikimanche,,Durée totale :1 h 10,Végétarien,,10 min,1 h,PT1H10M,,"Sans viande, Sans œuf",,,4,"1 kg de salsifis | 75 g de beurre | 25 g de farine | 1 dl de vin blanc | 200 g de crème | muscade | citron | 1 oignon | sel, poivre"
garnitures,Chou-rave étouffé aux herbes,https://www.cuisine-libre.org/chou-rave-etouffe-aux-herbes,https://www.cuisine-libre.org/local/cache-gd2/ed/b624b6fd7f90008ecb7013411abf76.jpg?1644794349,,,Durée totale :30 min,Végétalien (vegan),3,10 min,20 min,PT30M,Mijoté,"Sans viande, Sans œuf, Sans lactose, Sans gluten",4.33,3,,"1 ou plusieurs choux-raves | huile d’olive | 1 bouquet de fines herbes : ciboulette, estragon, persil (plat ou frisé)"
garnitures,Moules de bouchot au Gorgonzola,https://www.cuisine-libre.org/moules-de-bouchot-au-gorgonzola,https://www.cuisine-libre.org/local/cache-gd2/6c/e705f52253633f9b6946fb4a71d02e.jpg?1644794809,XavCC,,Durée totale :1 h,Non végétarien,1,40 min,20 min,PT1H,,"Sans viande, Sans gluten",5.00,1,2,"1,4 kg de moules de bouchot de Cancale | 150 g de Gorgonzola | 5 cuillères à soupe de crème d’Isigny | 20 g de beurre salé | 4 oignons jaunes moyens | 3 feuilles de laurier | une poignée de persil frais | poivre et sel | 20 cl de vin blanc sec"
garnitures,Morilles à la crème,https://www.cuisine-libre.org/morilles-a-la-creme,https://www.cuisine-libre.org/local/cache-gd2/43/878d90b5d703117f4af5d4e4839494.jpg?1644797276,Ja6,,Durée totale :40 min,Végétarien,,20 min,20 min,PT40M,,"Sans viande, Sans œuf, Sans gluten",,,4,800 g de morilles | 200 g de crème fraîche | 20 g de beurre | sel & Poivre
garnitures,Courgeron frit,https://www.cuisine-libre.org/courgeron-frit,https://www.cuisine-libre.org/local/cache-gd2/1a/a9ecb07ff4a412ba9e0cd6147d827d.jpg?1644794994,,,Durée totale :1 h 25,Végétalien (vegan),,20 min,5 min,PT1H25M,Friture,"Sans viande, Sans œuf, Sans lactose",,,,1 courgeron | sel | farine | huile de friture
garnitures,Burghul au beurre,https://www.cuisine-libre.org/burghul-au-beurre,https://www.cuisine-libre.org/local/cache-gd2/47/ed8eb23cd2a7fa9728da670452e6ba.jpg?1644799177,Yves Huot-Marchand,Facile !,Durée totale :22 min,Végétarien,,2 min,5 min,PT22M,Vapeur,"Sans viande, Sans œuf",,,6,4 verres d’eau | 2 verres de gros burghul | 125 g de beurre | sel et poivre
garnitures,Moules à la crème,https://www.cuisine-libre.org/moules-a-la-creme,https://www.cuisine-libre.org/local/cache-gd2/ab/8469acec484d7369886a12690fe553.jpg?1644801003,Ja6,,Durée totale :30 min,Non végétarien,,15 min,15 min,PT30M,Bouilli,"Sans viande, Sans gluten",,,8,5 litres de moules de bouchot | 4 échalotes | 2 gousses d’ail - pelées & écrasées | 30 cl de vin blanc sec - muscadet par ex. | 20 cl de crème fraîche épaisse | 2 jaunes d’œufs | 30 g de beurre | 2 brins de thym | 2 feuilles de laurier | 4 brins de persil | poivre
garnitures,Stoemp aux choux de Bruxelles,https://www.cuisine-libre.org/stoemp-aux-choux-de-bruxelles,https://www.cuisine-libre.org/local/cache-gd2/a8/7c6f825c4b84779a8d146e5f8548b7.jpg?1644794404,Romy,,Durée totale :55 min,Végétarien,33,30 min,25 min,PT55M,Bouilli,"Sans viande, Sans œuf, Sans gluten",4.91,33,4,400 g de pommes de terre farineuses (bintje) | 450 g de choux de Bruxelles | 50 g de beurre doux | sel et poivre noir du moulin
garnitures,"Gnocchi de lentilles vertes, petits pois et  (...)",https://www.cuisine-libre.org/gnocchi-de-lentilles-vertes-du-puy-petits-pois-et-artichauts-grilles-aux,https://www.cuisine-libre.org/local/cache-gd2/51/ec1953c619a2904225482f83a5410b.jpg?1644794342,Christine Calvet,,Durée totale :1 h,Végétalien (vegan),2,35 min,25 min,PT1H,,"Sans viande, Sans œuf, Sans lactose, Sans gluten",5.00,2,4,Pâte à gnocchi | 400 g de patate douce | 400 g de lentilles vertes du Puy | 2 c. à s. de graines de lin | Accompagnement | 800 g de petits pois écossés | 4 petits artichauts violets | 60 g d’amandes effilées | 1 petit citron | 2 gousses d’ail | 1 c. à s. d’herbes de Provence | 1 branche de romarin frais | 1 bouquet de persil | sel aux herbes | poivre du moulin 3 baies | huile d’olive
garnitures,Maïs bouilli,https://www.cuisine-libre.org/mais-bouilli,https://www.cuisine-libre.org/local/cache-gd2/44/c8aa4ad61a1ed2543e54f14a3da6ec.jpg?1644799515,Gargantua,,Durée totale :25 min,Végétarien,,15 min,10 min,PT25M,Bouilli,"Sans viande, Sans œuf",,,,épis de maïs frais | eau | beurre | sel et poivre au moulin
garnitures,Purée de châtaignes,https://www.cuisine-libre.org/puree-de-chataignes,https://www.cuisine-libre.org/local/cache-gd2/09/7d9935164358598e699d45d5ac2c61.jpg?1644797952,Yves Huot-Marchand,,Durée totale :1 h 10,Végétarien,,30 min,40 min,PT1H10M,Bouilli,"Sans viande, Sans œuf, Sans gluten",,,4,1 kg de châtaignes fraîches | lait | sel et poivre
garnitures,Rösti au céleri rave,https://www.cuisine-libre.org/rosti-au-celeri-rave,https://www.cuisine-libre.org/local/cache-gd2/fd/c06d814bf5e62c9f57c3bb22253212.jpg?1644794511,Romy,,Durée totale :40 min,Végétarien,4,15 min,25 min,PT40M,Four,"Sans viande, Sans œuf, Sans gluten",5.00,4,4,"400 g de pommes de terre farineuses | 200 g de céleri rave | 1 verre d’eau | sel, poivre | 60 g de comté râpé (facultatif)"
garnitures,Chou en sauce cheddar,https://www.cuisine-libre.org/chou-en-sauce-cheddar,https://www.cuisine-libre.org/local/cache-gd2/4a/f987eb71b24726879517b74cbcc1bd.jpg?1644794505,Metropolitan Cookbook,,Durée totale :35 min,Végétarien,,15 min,20 min,PT35M,Sauté,"Sans viande, Sans œuf, Sans gluten",,,6,1 grosse tête de chou ferme | ¼ tasse de beurre (ou margarine) fondu | ¼ tasse de farine | 1 c. à café de sel | quelques grains de poivre | 2 tasses de lait | 1½ tasse de fromage cheddar fort râpé
garnitures,Gratin de chou rouge aux marrons et aux  (...),https://www.cuisine-libre.org/gratin-de-chou-rouge-aux-marrons-et-aux,https://www.cuisine-libre.org/local/cache-gd2/13/dc9b2d347e96ff1c43617bd90f2ea4.jpg?1644797444,Ja6,,Durée totale :1 h 45,Non végétarien,1,15 min,30 min,PT1H45M,Four,Sans œuf,5.00,1,6,"1 chou rouge | 3 tranches fines de jambon fumé | 6 tranches de lard de poitrine ½ sel | 1 boite de marrons entiers au naturel | 10 cl de vin blanc | 2 pommes Reinettes | 2 oignons doux | 1 citron | 100 g de beurre | chapelure | sel, poivre"
garnitures,Purée blanche au bleu,https://www.cuisine-libre.org/puree-blanche-au-bleu,https://www.cuisine-libre.org/local/cache-gd2/af/d36260a777f3df99a80957748f4f27.jpg?1644794810,,,Durée totale :50 min,Végétarien,,10 min,40 min,PT50M,Bouilli,"Sans viande, Sans œuf, Sans gluten",,,,"1 céleri rave | 1½ son poids en pommes de terre | bouillon de légumes | sel, poivre | 1 noix de beurre | 35-40 g (selon le goût) de fromage de brebis (bleu, roquefort ou autre) | 35-40 cl de crème fraîche"
garnitures,Pommes de terre rôties aux épices,https://www.cuisine-libre.org/pommes-de-terre-roties-aux-epices,https://www.cuisine-libre.org/local/cache-gd2/5b/99926f9d7a9228f0ca88a9583772e5.jpg?1644804593,valivalou,,Durée totale :1 h 05,Végétalien (vegan),2,20 min,45 min,PT1H5M,Four,"Sans viande, Sans œuf, Sans lactose, Sans gluten",5.00,2,6,"6 grosses pommes de terre | cumin, paprika fumé, coriandre moulue | herbes de provence | huile d’olive"
garnitures,Mâtouille,https://www.cuisine-libre.org/matouille,https://www.cuisine-libre.org/local/cache-gd2/74/07abc159db1e101da07abc6a43efe3.jpg?1644794504,Ja6,,Durée totale :1 h,Végétarien,1,20 min,40 min,PT1H,,"Sans viande, Sans œuf, Sans gluten",5.00,1,6,2 Kg de pommes de terre | 500 g de tomme de Savoie à 40% | 200 g de beurre | 1 oignon | 50 cl d’eau ou mieux : de roussette de Savoie | Sel & Poivre
garnitures,Poulet à la moutarde et rösti,https://www.cuisine-libre.org/poulet-a-la-moutarde-et-rosti,https://www.cuisine-libre.org/local/cache-gd2/28/bf66564e01b168be978888e37aba33.jpg?1644794885,Licence Géographie,,Durée totale :1 h 20,Non végétarien,2,20 min,1 h,PT1H20M,Sauté,Sans œuf,5.00,2,2,2 filets de poulet | ½ échalote | ½ pot (20 cl) de crème fraîche épaisse | 1 c. à soupe de moutarde forte | 10 g de beurre | ½ c. à soupe d’huile végétale | Pour le rösti | ½ kg de pomme de terre crues | ½ c. à soupe de sel | 1 c. à soupe de matière grasse | sel
garnitures,Stoemp au chou vert,https://www.cuisine-libre.org/stoemp-au-chou-vert,https://www.cuisine-libre.org/local/cache-gd2/e1/85a3bcdbc22baf2b70067eab1ded53.jpg?1644794406,Romy,,Durée totale :50 min,Végétarien,25,30 min,20 min,PT50M,Bouilli,"Sans viande, Sans œuf, Sans gluten",5.00,25,8,1 petit chou vert | 1 kg de pommes de terre farineuses (Bintjes) | 60 g de beurre | sel et poivre
garnitures,Purée de potiron au persil,https://www.cuisine-libre.org/puree-de-potiron-au-persil,https://www.cuisine-libre.org/local/cache-gd2/1b/86c8fa128bc14b892e50299569ca4b.jpg?1644795497,Ja6,,Durée totale :35 min,Végétarien,4,20 min,15 min,PT35M,Bouilli,"Sans viande, Sans œuf, Sans gluten",5.00,4,1,100 g de potiron pelé(ou 65 g de potiron et 35 g dePdeT) | 1 cuillère à soupe de crème fraîche | 1/2 cuillère à café de jus de citron | 1 brin de persil
garnitures,Confit d’endives aux pommes,https://www.cuisine-libre.org/confit-d-endives-aux-pommes,https://www.cuisine-libre.org/local/cache-gd2/8d/5596eb8c1b49a990a6fa09b97c8375.jpg?1644794595,annie,,Durée totale :50 min,Végétarien,,15 min,35 min,PT50M,,"Sans viande, Sans œuf",,,4,"1 kg d’endives | 4 ou 5 pommes | 4 spéculoos | sel, poivre | une noisette de beurre"
garnitures,Petits pois à la nantaise,https://www.cuisine-libre.org/petits-pois-a-la-nantaise,https://www.cuisine-libre.org/local/cache-gd2/3d/d238cbe8676a5891cd7e3dc31a2796.jpg?1644796250,Yves Huot-Marchand,,Durée totale :55 min,Végétarien,1,20 min,35 min,PT55M,Mijoté,"Sans viande, Sans œuf, Sans gluten",5.00,1,4,1 kg de petits pois frais | 12 petits oignons blancs | 40 g de beurre | 2 tomates | 1 bouquet garni | persil plat | sel et poivre
garnitures,Patates rôties au paprika (potatoes),https://www.cuisine-libre.org/patates-roties-au-paprika,https://www.cuisine-libre.org/local/cache-gd2/d6/04bb45b9eed1b8c08b3e4538f17d4c.jpg?1644794501,Romy,Facile !,Durée totale :1 h,Végétalien (vegan),23,15 min,45 min,PT1H,Four,"Sans viande, Sans œuf, Sans lactose",5.00,23,4,1 kg de petites pommes de terre nouvelles | 2 ou 3 c. soupe d’huile (tournesol) | 2 c. soupe de paprika | 1 c. soupe d’origan séché
garnitures,Yuca frit au four,https://www.cuisine-libre.org/yuca-frit-au-four,https://www.cuisine-libre.org/local/cache-gd2/e6/6f57bc5644bc4b8ed90b3c4d5aaa19.jpg?1644867711,USDA,,Durée totale :55 min,Végétalien (vegan),1,10 min,45 min,PT55M,Four,"Sans viande, Sans œuf, Sans lactose, Sans gluten",5.00,1,6,1 livre (450 g) de yuca (manioc) frais ou congelé | huile de cuisson en spray[*]
garnitures,Galettes aux navets,https://www.cuisine-libre.org/galettes-aux-navets,https://www.cuisine-libre.org/local/cache-gd2/21/aff3d0dc04167ab109fafb1550597c.jpg?1644794491,Ja6,,Durée totale :26 min,Végétarien,3,20 min,6 min,PT26M,,Sans viande,5.00,3,4,450 g de navets | 1 oignon | 5 œufs | 1 c. à café bombée de paprika en poudre | 1 gousse de vanille fendue et grattée | 2 c. à soupe de farine | 100 g de parmesan râpé | 20 g de noix de macadamia concassées | 3 c. à soupe d’huile d’olive | Sel & poivre
garnitures,Coquillettes à la crème,https://www.cuisine-libre.org/coquillettes-a-la-creme,https://www.cuisine-libre.org/local/cache-gd2/1a/b663adad0b808dccd0636af3b36a17.jpg?1644799951,Fanny,,Durée totale :50 min,Non végétarien,17,20 min,30 min,PT50M,Bouilli,Sans œuf,5.00,17,,6 cuillères de fond de veau | 20 cl de crème liquide | 250 g de coquillettes | 200 g de lardons fumés | 200 g de champignons de paris
garnitures,Haricots verts à la tomate,https://www.cuisine-libre.org/haricots-verts-a-la-tomate,https://www.cuisine-libre.org/local/cache-gd2/28/cd990344deb097f7e94c658371989e.jpg?1644794707,,,Durée totale :50 min,Végétalien (vegan),9,20 min,30 min,PT50M,Mijoté,"Sans viande, Sans œuf, Sans lactose, Sans gluten",5.00,9,4,"800 g de haricots verts frais | 300 g de pulpe de tomate ou 2 tomates pelées et épépinées | 1 oignon | 1 gousse d’ail | 1 brin de persil ou de basilic frais | 3 c. soupe d’huile d’olive | sel, poivre"
garnitures,Compotée de chou rouge aux pruneaux,https://www.cuisine-libre.org/compotee-de-chou-rouge-aux-pruneaux,https://www.cuisine-libre.org/local/cache-gd2/23/546a02bbc95d0f24ada901cda84d39.jpg?1644797444,AMAP Saint-Egrève,,Durée totale :1 h 10,Végétarien,13,20 min,50 min,PT1H10M,Mijoté,"Sans viande, Sans œuf, Sans gluten",5.00,13,4,750 g de choux rouge | 250 g de pruneaux (facultatif) | 1 oignon | 30 g de beurre | 4 cl de vinaigre de cidre | 1 cuillère à soupe de miel (ou plus si on aime les saveurs sucrés-salés) | pineau des charentes
garnitures,Purée de carottes et navets,https://www.cuisine-libre.org/puree-de-carottes-et-navets,https://www.cuisine-libre.org/local/cache-gd2/7c/14c1202a15241ffeebf7c70c18395a.jpg?1644794490,,Facile !,Durée totale :55 min,Végétarien,7,20 min,35 min,PT55M,Vapeur,"Sans viande, Sans œuf",5.00,7,6,"3 carottes émincées | 2 navets en morceaux | 1 pomme de terre en quartiers | sel, poivre | 2 c. soupe de beurre | 3 c. soupe de crème à 15% ou de yaourt"
garnitures,Guermillouse de topinambours,https://www.cuisine-libre.org/guermillouse-de-topinambours,https://www.cuisine-libre.org/local/cache-gd2/e8/633f4a7423c87be28642dd0ae860a8.jpg?1644795357,Ja6,,Durée totale :1 h 15,Végétarien,2,15 min,1 h,PT1H15M,Bouilli,"Sans viande, Sans œuf, Sans gluten",5.00,2,4,"10 topinambours | 100 g de crème fraîche | 4 cuillères de vinaigre | persil haché | sel, poivre"
garnitures,Frites de patate douce (kumara chips),https://www.cuisine-libre.org/frites-de-patate-douce,https://www.cuisine-libre.org/local/cache-gd2/ed/b29393f4565f578ec465be0c71297f.jpg?1644794532,,Facile !,Durée totale :1 h,Végétalien (vegan),3,20 min,40 min,PT1H,Four,"Sans viande, Sans œuf, Sans lactose, Sans gluten",5.00,3,2,1 grosse patate douce | 2 c. à soupe d’huile d’olive | sel
garnitures,Compote de pommes au curry,https://www.cuisine-libre.org/compotee-de-pommes-au-curry,https://www.cuisine-libre.org/local/cache-gd2/58/9e76b3647c99b196760b13f4f2ca8b.jpg?1644795945,,,Durée totale :9 h,Végétarien,,15 min,9 h,PT9H15M,Mijoté,"Sans viande, Sans œuf",,,4,5 à 6 grosses pommes | 2 c. soupe de curry doux | 1 c. soupe de jus de citron | 1 c. café de quatre-épices | 1 c. café de poudre de piment
garnitures,Fenouil confit aux épices,https://www.cuisine-libre.org/fenouil-confit-aux-epices,https://www.cuisine-libre.org/local/cache-gd2/f0/a91fc3295afec81bd91697960e2535.jpg?1644794531,,,Durée totale :40 min,Végétarien,7,10 min,30 min,PT40M,Mijoté,"Sans viande, Sans œuf, Sans lactose",5.00,7,4,2 bulbes de fenouil | 1 bonne c. à soupe de miel | 1 c. à café de cannelle | 1 c. à café de gingembre | 1/2 c. à café de 4 épices | 2 c. à soupe d’huile d’olive | sel et poivre
garnitures,Mini burger végétal de haricots tarbais,https://www.cuisine-libre.org/mini-burger-vegetal-de-haricots-tarbais,https://www.cuisine-libre.org/local/cache-gd2/8d/c93db079702add2d5063e51386217b.jpg?1644794343,"Edda, Haricot Tarbais",,Durée totale :30 min,Végétalien (vegan),,10 min,20 min,PT30M,Four,"Sans viande, Sans œuf, Sans lactose, Sans gluten",,,6,"450 g de haricots tarbais cuits | 100 g de petits pois frais ou congelés | 1 échalote moyenne | Epices : coriandre en poudre, cumin en poudre, gingembre en poudre, noix de muscade | quelques feuilles de persil | huile d’olive vierge extra | sel et poivre"
garnitures,Purée de panais,https://www.cuisine-libre.org/puree-de-panais,https://www.cuisine-libre.org/local/cache-gd2/d4/268d30c6c8c0394a1be20a3ef297ff.jpg?1644799141,Matt Kantor,,Durée totale :50 min,Végétarien,,10 min,30 min,PT50M,Bouilli,"Sans viande, Sans œuf, Sans gluten",,,2,"1 lb (450 g) de panais pelés | 1 lb (450 g) de pommes de terre blanches | 4 cuillères à soupe de beurre | ¼ tasse (65 ml) de crème épaisse | 1 gallon (375 cl) d’eau froide | sel, au besoin"
garnitures,Ecrasé de patate douce aux noisettes,https://www.cuisine-libre.org/ecrase-de-patate-douce-aux-noisettes,https://www.cuisine-libre.org/local/cache-gd2/82/992b268eeca5ee3e0af86e8a337060.jpg?1644794533,Petite Tin,,Durée totale :1 h 05,Végétalien (vegan),19,30 min,35 min,PT1H5M,,"Sans viande, Sans œuf, Sans lactose, Sans gluten",5.00,19,3,1 grosse patate douce | 60 g de noisettes en poudre | 1 cuillère à soupe d’huile d’olive | sel et poivre au goût
garnitures,Purée de racines de persil aux girolles,https://www.cuisine-libre.org/puree-de-racines-de-persil-aux-girolles,https://www.cuisine-libre.org/local/cache-gd2/19/afb04f5168cd2b762761b208be1411.jpg?1644794420,Delphine H.,,Durée totale :30 min,Végétarien,,10 min,20 min,PT30M,Bouilli,"Sans viande, Sans œuf, Sans gluten",,,4,4 racines de persil tubéreux (de taille moyenne) | 10 girolles | bouillon de légumes | ricotta | ail | huile d’olive | paprika | muscade | sel & poivre
garnitures,Frites d’igname,https://www.cuisine-libre.org/frites-d-igname,https://www.cuisine-libre.org/local/cache-gd2/8a/d0cfc192943d78bf4187fa2fc17b67.jpg?1644794494,,,Durée totale :35 min,Végétalien (vegan),23,15 min,20 min,PT35M,Friture,"Sans viande, Sans œuf, Sans lactose, Sans gluten",5.00,23,2,1 igname de 500 g[*] | huile de friture | sel fin
garnitures,Boulettes de carnaval (pelotas de carnaval),https://www.cuisine-libre.org/boulettes-de-carnaval-pelotas-de-carnaval,https://www.cuisine-libre.org/local/cache-gd2/62/2bb599f12f598c922fab32a9e700f7.jpg?1644794233,,,Durée totale :45 min,Non végétarien,,30 min,15 min,PT45M,Bouilli,,,,6,300 g de pain sec | 50 g de jambon ibérique | 50 g de saucisselonganiza de Aragon | 50 g dequeso de Tronchón(ou tomme de chèvre ou brebis) râpé | 2 œufs | 1 litre de bouillon de poulet fait maison | huile d’olive
garnitures,Endives de Flandre,https://www.cuisine-libre.org/endives-de-flandre,https://www.cuisine-libre.org/local/cache-gd2/55/071fb1faf956b1a30c9186a3111868.jpg?1644796813,Ja6,,Durée totale :1 h 10,Végétarien,,15 min,40 min,PT1H10M,Mijoté,"Sans viande, Sans œuf, Sans gluten",,,,"1 Kg d’endives | 100 g de beurre | 1,5 citrons | 2 c. à soupe de sucre roux (cassonade) | Sel & Poivre"
garnitures,Saumon et compotée de tomates cerises,https://www.cuisine-libre.org/saumon-et-compotee-de-tomates-cerises,https://www.cuisine-libre.org/local/cache-gd2/a0/717e3a49c2ab314e5cfde9600c8883.jpg?1644794490,Bernard Marcel,,Durée totale :40 min,Non végétarien,17,20 min,20 min,PT40M,Four,"Sans viande, Sans œuf, Sans lactose, Sans gluten",5.00,17,4,4 pavés de saumon | 250 grammes de tomates cerises | 1 c. à café de sucre en poudre | 2 oignons | 1 gousse d’ail | branches de romarin | huile d’olive | sel et poivre
garnitures,Carottes grand’mère à la crème de cerfeuil,https://www.cuisine-libre.org/carottes-grand-mere-a-la-creme-de-cerfeuil,https://www.cuisine-libre.org/local/cache-gd2/ce/d33fb5a41abe7d371adb57fdb3d125.jpg?1644797843,Romy,,Durée totale :1 h,Végétarien,24,20 min,40 min,PT1H,Mijoté,"Sans viande, Sans gluten",4.67,24,4,"1 kg de carottes | 2 échalotes | 1 gousse d’ail | 1 yaourt | 1 c.café de moutarde | plusieurs brins de cerfeuil | sel, poivre"
garnitures,Fagots de haricots au lard,https://www.cuisine-libre.org/fagots-de-haricots-au-lard,https://www.cuisine-libre.org/local/cache-gd2/35/5eda11cec71812346346fd61808db0.jpg?1644794694,,,Durée totale :35 min,Non végétarien,,20 min,15 min,PT35M,Vapeur,"Sans œuf, Sans gluten",,,8,"400 g de haricots verts fins frais | 8 tranches fines de poitrine de porc fumée | sel, poivre du moulin"
garnitures,Boulettes de pommes de terre panées,https://www.cuisine-libre.org/boulettes-de-pommes-de-terre-panees,https://www.cuisine-libre.org/local/cache-gd2/5b/99926f9d7a9228f0ca88a9583772e5.jpg?1644804593,devnewton,,,Végétarien,1,?,,,Bouilli,"Sans viande, Sans lactose",5.00,1,2,"3 pommes de terre (ou potatines, comme on doit certainement les appeler à Toulouse) | 1 œuf | du pain sec ou de la chapelure toute prête | des herbes (origan et thym par exemple)"
garnitures,Endives à la crème,https://www.cuisine-libre.org/endives-a-la-creme,https://www.cuisine-libre.org/local/cache-gd2/74/a83fd3c2998e9513ee2593974659de.jpg?1644794627,Ja6,,Durée totale :40 min,Végétarien,,15 min,25 min,PT40M,,"Sans viande, Sans œuf, Sans gluten",,,3,"500 g d’endives | 10 cl de crème fraîche liquide | 1 c. à soupe (1,5 cl) de rhum ambré | 1 c. a soupe de jus de citron | 1 c. à café (5 g) de sucre semoule | 2 pincées de clou de girofle en poudre | 2 pincées de noix de muscade râpée | 1 noix (± 15 g) de beurre | Sel & Poivre"
garnitures,Salsifis sautés au beurre,https://www.cuisine-libre.org/salsifis-sautes-au-beurre,https://www.cuisine-libre.org/local/cache-gd2/14/9ffaf2a96b197c7748ad2142549fbb.jpg?1644796772,Ja6,,Durée totale :1 h,Végétarien,,20 min,40 min,PT1H,Bouilli,"Sans viande, Sans œuf, Sans gluten",,,4,1 kg de salsifis | 1 citron | 3 cuillères à soupe de vinaigre d’alcool | 125 g de beurre | persil | muscade | sel & poivre
garnitures,Scorsonères au beurre et au citron,https://www.cuisine-libre.org/scorsoneres-au-beurre-et-au-citron,https://www.cuisine-libre.org/local/cache-gd2/30/80618e7a40bc628bd6c40bcb160b6f.jpg?1644797485,Le Goût des Plantes,,,Végétarien,,?,,,Sauté,"Sans viande, Sans œuf, Sans gluten",,,4,"1 kg de scorsonères[1] | beurre | 1 citron | sel, poivre"
garnitures,Purée de pomme de terre à la bière,https://www.cuisine-libre.org/pomme-de-terres-a-la-biere,https://www.cuisine-libre.org/local/cache-gd2/f7/fe920d41381ac32ac8269446d9c4a9.jpg?1644794488,Maïeul,,Durée totale :30 min,Végétarien,10,15 min,15 min,PT30M,Bouilli,"Sans viande, Sans œuf, Sans gluten",5.00,10,1,3 pommes de terre cuites à l’eau | 1 oignon | 15 cl de bière | beurre
garnitures,Saumon à la choucroute,https://www.cuisine-libre.org/saumon-a-la-choucroute,https://www.cuisine-libre.org/local/cache-gd2/3c/1327c0d18735a1b51b6615ffe8fc3e.jpg?1644794462,Pépin,,Durée totale :45 min,Non végétarien,2,15 min,30 min,PT45M,,Sans viande,5.00,2,4,4 filets de saumon congelé de 125 g | 800 g de choucroute cuite et cuisinée | 800 g de pomme de terre | 4 brins de thym | huile | poivre du moulin | Pour la sauce | 1 yaourt nature | 1 c. café de moutarde à l’ancienne | cumin en poudre | poivre blanc | sel
garnitures,Criques végétaliennes à la plancha,https://www.cuisine-libre.org/criques-vegetaliennes-a-la-plancha,https://www.cuisine-libre.org/local/cache-gd2/53/fa1e67af59e1d6f630536c894238f9.jpg?1644795286,magicvince,,Durée totale :35 min,Végétalien (vegan),1,20 min,15 min,PT35M,Four,"Sans viande, Sans œuf, Sans lactose, Sans gluten",5.00,1,4,4 pommes de terre moyenne (env. 500 g) | 2 oignons moyens (env. 250 g) | 2 c. soupe d’huile (30 ml) | 2 c. soupe de farine de lupin (env. 25 g) | 1 c. soupe de curry (10 à 20 g selon les goûts) | 1 c. soupe de coriandre (feuilles hachées fraiches ou grains en poudre) | sel et poivre
garnitures,Purée aux trois racines,https://www.cuisine-libre.org/puree-aux-trois-racines,https://www.cuisine-libre.org/local/cache-gd2/06/4ad53cada6b6075741f2e8a1c67cfe.jpg?1644794534,,,Durée totale :35 min,Végétarien,2,15 min,20 min,PT35M,,"Sans viande, Sans œuf, Sans gluten",5.00,2,4,"300 g de pommes de terre à chair farineuses, spécial purée | 250 g de patate douce | 250 g de panais | 350 g de lait | 100 g de fromage à tartiner, type Boursin (ail et fines herbes, ciboulette et noix…) | 2 brins de persil frais effeuillé | ½ c. à café de sel"
garnitures,Galette de pomme de terre au chèvre,https://www.cuisine-libre.org/galette-de-pomme-de-terre-au-chevre,https://www.cuisine-libre.org/local/cache-gd2/ce/dd666a4c47c29a6b7b5c4a8d2a5e8b.jpg?1644794524,Eusèbe,,Durée totale :1 h 20,Végétarien,2,20 min,1 h,PT1H20M,Four,Sans viande,5.00,2,6,"700 g de pommes de terre | 250 g de farine | 200 g de beurre | 500 g de fromage blanc de chèvre égoutté | 1 œuf | sel, poivre"
cremerie,Omelette soufflée fleurie,https://www.cuisine-libre.org/omelette-soufflee-fleurie,https://www.cuisine-libre.org/local/cache-gd2/f8/6a52ab9085bf57080a1bebef4605b1.jpg?1644794298,Signe-Déco,,Durée totale :30 min,Végétarien,1,17 min,13 min,PT30M,Four,"Sans viande, Sans gluten",5.00,1,,6 œufs | 2 c. soupe d’eau | 1 trait de citron | 80 g de gruyère râpé | 20 g de beurre | sel et poivre | 2 tomates cerise | 2 brins de ciboulette | 2 feuilles de basilic
cremerie,Flans de brocolis au tofu soyeux,https://www.cuisine-libre.org/flans-de-brocolis-au-tofu-soyeux,https://www.cuisine-libre.org/local/cache-gd2/3d/696cc4e24b36e1e64e2fd79ae85c90.jpg?1674416596,,,Durée totale :50 min,Végétalien (vegan),2,15 min,35 min,PT50M,,"Sans viande, Sans œuf, Sans lactose, Sans gluten",5.00,2,4,"400 g de tofu soyeux | 50 g de farine de pois chiche | 1 oignon émincé | 2 pieds de brocolis | 1 c. à soupe d’huile d’olive | sel, poivre"
cremerie,Omelette aux cèpes,https://www.cuisine-libre.org/omelette-aux-cepes,https://www.cuisine-libre.org/local/cache-gd2/ef/b59d239707dd53feb585ea090b162c.jpg?1644794285,,,Durée totale :50 min,Végétarien,7,30 min,20 min,PT50M,Sauté,"Sans viande, Sans lactose, Sans gluten",5.00,7,4,500 g de cèpes frais(ou 50 g de cèpes séchés) | 8 œufs | 2 c. à soupe de graisse d’oie ou de canard | 1 gousse d’ail pelée | 1 c. à soupe de persil haché | sel et poivre
cremerie,Tortilla de patatas,https://www.cuisine-libre.org/tortilla-la-vraie-la-seule,https://www.cuisine-libre.org/local/cache-gd2/14/450fe9355aca950e2047c24b790abe.jpg?1644797527,stefz,,Durée totale :1 h 30,Végétarien,4,1 h,30 min,PT1H30M,Sauté,"Sans viande, Sans lactose, Sans gluten",5.00,4,,des patates | des œufs | 1 oignon jaune | 2 gousses d’ail | sel | huile d’olive
cremerie,Brouillade d’œufs aux asperges,https://www.cuisine-libre.org/brouillade-d-oeufs-aux-asperges,https://www.cuisine-libre.org/local/cache-gd2/fc/25412d59f4d200035d3de9d43107f8.jpg?1644794223,Yves Huot-Marchand,,Durée totale :27 min,Végétarien,7,15 min,12 min,PT27M,Sauté,"Sans viande, Sans lactose, Sans gluten",5.00,7,4,"6 gros œufs | 1 botte de petites asperges vertes très fines, sauvage de préférence | 8 brins de persil plat | 1 gousse d’ail | 2 ou 3 cuillerées à soupe d’huile d’olive | sel et poivre blanc au moulin"
cremerie,Œufs brouillés aux fanes de radis,https://www.cuisine-libre.org/oeufs-brouilles-aux-fanes-de-radis,https://www.cuisine-libre.org/local/cache-gd2/b4/d894013b3a4c83d45750666aed2bc4.jpg?1644797529,Claire,,Durée totale :15 min,Végétarien,22,10 min,5 min,PT15M,Sauté,"Sans viande, Sans lactose, Sans gluten",5.00,22,2,"fanes d’une botte de radis | 2 ou 3 œufs | sel, poivre"
cremerie,Tortilla pour les Dalton,https://www.cuisine-libre.org/tortilla-pour-les-dalton,https://www.cuisine-libre.org/local/cache-gd2/3a/20010f1777d270faf73c903f1d9ef8.jpg?1644794501,Fred Radeff,,Durée totale :40 min,Végétarien,23,5 min,35 min,PT40M,Sauté,"Sans viande, Sans lactose, Sans gluten",5.00,23,4,"4 patates fermes | 8 œufs | 4 cc de pimenton (paprika doux) | 4 cs huile d’olive | sel, poivre"
cremerie,Œufs brouillés aux poireaux et champignons,https://www.cuisine-libre.org/oeufs-brouilles-aux-poireaux-et-champignons,https://www.cuisine-libre.org/local/cache-gd2/74/0124203bee7e9c48cba5bc81161b43.jpg?1644794284,pattesdemouches,Facile !,Durée totale :25 min,Végétarien,28,10 min,15 min,PT25M,Sauté,"Sans viande, Sans gluten",5.00,28,2,"4 œufs | 1 poireau | 50 g à 150 g de champignons frais (de paris, ou de forêt comme des girolles, lactaire délicieux, bolets, etc.) | 1 c. d’huile d’olive | 1 c. de crème fraiche ou de crème soja cuisine | 1 pincée de muscade | 1 pincée de paprika ou de piment en poudre | 1 petite poignée de graines de sésame (blanc ou noir) | 1 c. de levure maltée | sel, poivre"
cremerie,Quiche aux épinards et au saumon,https://www.cuisine-libre.org/quiche-aux-epinards-et-au-saumon,https://www.cuisine-libre.org/local/cache-gd2/fe/86f4670f1917e7c899acdbcd272778.jpg?1644794295,Romy,,Durée totale :40 min,Non végétarien,6,15 min,25 min,PT40M,Four,Sans viande,5.00,6,,"1 pâte brisée | 200 g de saumon (restes de saumon frais ou cuit, chutes de saumon fumé) | 300 à 400 g d’épinards hachés (en conserve ou surgelés) | 25 cl de crème (fraîche ou soja) | 2 œufs | sel, poivre | aneth"
cremerie,Œuf au plat lapinou,https://www.cuisine-libre.org/oeuf-au-plat-lapinou,https://www.cuisine-libre.org/local/cache-gd2/1c/b6692a0519178dad89cf47d8affb12.jpg?1644797531,Foodista,Facile !,Durée totale :20 min,Non végétarien,,14 min,6 min,PT20M,Sauté,Sans gluten,,,,"12 fines tranches de poitrine de porc (bacon) | 12 myrtilles fraîches | 6 œufs | 2 grosses tranches de fromage cheddar doux, coupées en fines lanières"
cremerie,Quiche ratatouille chèvre,https://www.cuisine-libre.org/quiche-ratatouille-chevre,https://www.cuisine-libre.org/local/cache-gd2/6f/5f09f8f18dd024cd36dd9892636467.jpg?1649354562,Licence Géographie,,Durée totale :55 min,Végétarien,2,10 min,30 min,PT55M,Four,Sans viande,5.00,2,6,1 sachet de ratatouille congelée | 1 pâte feuilletée | 1 fromage de chèvre | 35 g de gruyère râpé | 1 œuf | 1 crème liquide à 15%(un peu de lait) | poivre | sel | herbes de Provence
cremerie,Omelette au boudin,https://www.cuisine-libre.org/omelette-au-boudin,https://www.cuisine-libre.org/local/cache-gd2/11/529141efe2836b09f3076c0d32c542.jpg?1644794309,Yves Huot-Marchand,,Durée totale :12 min,Non végétarien,2,5 min,7 min,PT12M,Sauté,,5.00,2,2,4 œufs | 1 tronçon de boudin noir de 15 cm de long environ | 30 g de beurre | sel fin et poivre au moulin
cremerie,Omelette des gnomes truffiers,https://www.cuisine-libre.org/omelettes-des-gnomes-truffiers,https://www.cuisine-libre.org/local/cache-gd2/c7/d915cdb99e790e2f2b120f97709cad.jpg?1644794512,,,Durée totale :15 min,Végétarien,,10 min,5 min,PT15M,Sauté,"Sans viande, Sans lactose, Sans gluten",,,5,3 truffes de chêne vert | 2 truffes de chêne pubescent | 1 truffe de pin d’alep | 10 œufs | huile d’olive
cremerie,Quiche lorraine,https://www.cuisine-libre.org/quiche-lorraine,https://www.cuisine-libre.org/local/cache-gd2/c7/81679de8b3778fb47589f0d8a5df85.jpg?1644794287,Tamago,Facile !,Durée totale :40 min,Non végétarien,57,15 min,25 min,PT40M,Four,,4.88,57,1,1 pâte brisée | 250 g de poitrine de porc fumée | 3 œufs entiers | 2 jaunes d’œufs | 25 à 50 cl de crème fraîche épaisse | muscade | poivre noir
cremerie,Omelette au crabe,https://www.cuisine-libre.org/omelette-au-crabe,https://www.cuisine-libre.org/local/cache-gd2/a7/7c67b237a49919c9874720730e2181.jpg?1644794292,Tamago,,Durée totale :20 min,Non végétarien,31,15 min,5 min,PT20M,Sauté,"Sans viande, Sans lactose, Sans gluten",4.90,31,4,6 œufs | 2 c. à café de sauce soja | 2 c. à soupe d’eau | 1 pincée de sucre | 1 pincée de poivre blanc | 150 g de chair de crabe | 2 oignons nouveaux | 1 c. à soupe d’huile | 1 c. à soupe de sauce d’huître
cremerie,Quiche aux orties,https://www.cuisine-libre.org/quiche-aux-orties,https://www.cuisine-libre.org/local/cache-gd2/2a/13840a1e0b87789d4dafacf5943e56.jpg?1644802052,Fleur de ciboulette,,Durée totale :50 min,Végétarien,1,20 min,30 min,PT50M,Four,Sans viande,5.00,1,1,1 pâte brisée | 1 gros sac de feuilles d’orties | 8 gousses d’ail | 1/2 litre de lait | 2 œufs | huile d’olive | 1/2 c. à café de sel | poivre
cremerie,Tian de courgettes aux asperges,https://www.cuisine-libre.org/tian-de-courgettes-aux-asperges,https://www.cuisine-libre.org/local/cache-gd2/95/f315306d4676b00dd7621f6fd0b819.jpg?1682288359,,,Durée totale :55 min,Végétarien,,15 min,40 min,PT55M,Four,Sans viande,,,,400 g d’asperges vertes de Lauris | 2 courgettes (env. 250 g) | 4 œufs | 50 g de farine | 20 g d’amandes effilées | 200 ml de crème fraîche liquide | 150 ml de lait écrémé | sel et poivre
cremerie,Omelette aux capucines,https://www.cuisine-libre.org/omelette-aux-capucines,https://www.cuisine-libre.org/local/cache-gd2/84/592ac4c1aca1f1f9eda66b60cfe807.jpg?1644794234,Fleur de ciboulette,,Durée totale :20 min,Végétarien,3,10 min,10 min,PT20M,Sauté,"Sans viande, Sans lactose, Sans gluten",5.00,3,2,4 œufs | 1 poignée de feuilles de capucines
cremerie,Artichauts poêlés aux œufs,https://www.cuisine-libre.org/artichauts-poeles-aux-oeufs,https://www.cuisine-libre.org/local/cache-gd2/f4/acb3f04c35e4b293eb247fe2f18372.jpg?1644794243,Ja6,,,Végétarien,,?,,,,Sans viande,,,,6 petits artichauts violets | huile de noix | farine | graisse d’oie ou par défaut saindoux | 7 œufs | sel & poivre
cremerie,Tortilla aux trois poivrons,https://www.cuisine-libre.org/tortillas-3-poivrons-ciboulette,https://www.cuisine-libre.org/local/cache-gd2/3e/0debd383f77b0dba3796fbf8ab03a6.jpg?1648386254,PrissTy,,Durée totale :35 min,Végétarien,29,10 min,25 min,PT35M,Sauté,"Sans viande, Sans lactose, Sans gluten",5.00,29,,"8 œufs | 2 pommes de terre | 1 petit poivron rouge | 1 petit poivron vert | 1 petit poivron jaune | 2 c. à soupe de ciboulette | 1 c. à soupe d’huile d’olive | sel, poivre du moulin"
cremerie,Quiche de retour du Pays Basque,https://www.cuisine-libre.org/quiche-de-retour-du-pays-basque,https://www.cuisine-libre.org/local/cache-gd2/69/5bb6514d46be3aedb129aab5aee5f8.jpg?1644794787,Pépin,,Durée totale :55 min,Non végétarien,13,20 min,35 min,PT55M,Four,,5.00,13,6,1 pâte feuilletée pré-étalée en rouleau | 3 œufs | 3 c. à soupe de fromage blanc | 40 cl de lait | 1 grosse c. à soupe de fécule de mais | 150 g de lardons fumés | ½ poivron rouge | ½ poivron vert | 1 c. à café de paprika fort | 1 c. à café de paprika doux | 1 c. à café de moutarde | ½ gousse d’ail finement hachée | sel (en fonction des lardons) | poivre
cremerie,Quiche au maïs (sans pâte),https://www.cuisine-libre.org/quiche-au-mais,https://www.cuisine-libre.org/local/cache-gd2/8d/54e799be94e8c30364fb9c708e1cc5.jpg?1644803824,Maïeul,,Durée totale :40 min,Non végétarien,20,10 min,30 min,PT40M,Four,,5.00,20,2,400 g de maïs cuit en grains | 10 cl de crème fraîche | 2 œufs | 200 g de lardons
cremerie,Tomates sautées aux œufs à la chinoise,https://www.cuisine-libre.org/tomates-sautees-aux-oeufs-a-la-chinoise,https://www.cuisine-libre.org/local/cache-gd2/7d/69c578025f0c82428097f5b90512c8.jpg?1674958308,,,Durée totale :20 min,Végétarien,,5 min,15 min,PT20M,Sauté,"Sans viande, Sans lactose, Sans gluten",,,,5 petites tomates allongées | 2 œufs battus | 1 c. à soupe d’huile végétale | 2 c. à soupe de sauce soja claire | 1 c. à café de sucre | 1 ciboule | quelques gouttes d’huile de sésame
cremerie,"Tarte épinards-olives, fond tournesol",https://www.cuisine-libre.org/tarte-epinards-olives-fond-tournesol,https://www.cuisine-libre.org/local/cache-gd2/5f/5a8444a2a2e195f0a2663781585fa1.jpg?1644794506,VL_en_cuisine,,Durée totale :50 min,Végétarien,,20 min,30 min,PT50M,Four,Sans viande,,,4,"Pour l’appareil : | 300 à 400 g d’épinards (congelés ou frais) | quelques olives noires dénoyautées | un morceau d’emmental ou comté râpé | 2 œufs | 2 c. à soupe bombées de crème épaisse | 1 c. à soupe de moutarde | sel, poivre | Pour la pâte : | 1 c. à soupe de graines de tournesol décortiquées | 2 c. à soupe d’huile d’olive (ou équivalent beurre) | 150 g de farine de blé T80 | 20 g de farine de seigle T170 | 1 pincée de levure de boulanger | eau tiède | sel"
cremerie,Quiche aux aubergines à la feta,https://www.cuisine-libre.org/quiche-aux-aubergines-a-la-feta,https://www.cuisine-libre.org/local/cache-gd2/b3/f6d255145052e07254feb02e5c1429.jpg?1644794290,Romy,,Durée totale :55 min,Végétarien,63,15 min,40 min,PT55M,Four,Sans viande,5.00,63,,"1 pâte brisée (façon pita) | 1 grosse aubergine d’env. 400 g | 200 g de feta | 4 gousses d’ail | 3 œufs | 20 cl de crème liquide | 2 c. soupe d’huile d’olive | ½ c. café de cumin en poudre | 1 pincée de piment d’Espelette | sel, poivre"
cremerie,Flan de blettes,https://www.cuisine-libre.org/flan-de-blettes,https://www.cuisine-libre.org/local/cache-gd2/4d/2bf5b8628e64f26966a274060086b0.jpg?1644794296,Mon AMAP,,Durée totale :1 h,Végétarien,38,20 min,40 min,PT1H,Four,"Sans viande, Sans gluten",5.00,38,6,"1 grosse botte de blettes (côtes et feuilles) | 3 échalotes | 2 verres de lait écrémé | 10 g de margarine | 4 œufs | 1 pointe de laurier en poudre | muscade râpée | sel, poivre"
cremerie,Quiche poireaux chorizo,https://www.cuisine-libre.org/quiche-poireaux-chorizo,https://www.cuisine-libre.org/local/cache-gd2/91/71d404ce3132b7b0bf6ad89d5dc5a9.jpg?1644797338,Isaure,,Durée totale :45 min,Non végétarien,16,15 min,30 min,PT45M,Four,,5.00,16,4,"2 petits poireaux | 1 morceau de brie | 10 à 12 mini tranches de chorizo | 25 à 40 cl de crème liquide | sel, poivre, muscade | 1 pâte brisée | 1 œuf | 1 cuillère à café d’huile"
cremerie,Petits flans chèvre-épinard,https://www.cuisine-libre.org/petits-flans-chevre-epinard,https://www.cuisine-libre.org/local/cache-gd2/1d/856ca9a829120cff22ba1c361b9e0f.jpg?1644794293,,,Durée totale :30 min,Végétarien,27,10 min,20 min,PT30M,Four,"Sans viande, Sans gluten",5.00,27,4,600 g d’épinards cuits | 200 g de chèvre frais | 100 g de crème fraîche | 30 cl de lait | 3 œufs | poivre
cremerie,Frittata au brocoli,https://www.cuisine-libre.org/frittata-au-brocoli,https://www.cuisine-libre.org/local/cache-gd2/c0/c1fc7ade650c405e75f5df7cda9191.jpg?1674413863,,,Durée totale :40 min,Végétarien,,20 min,20 min,PT40M,Sauté,"Sans viande, Sans gluten",,,4,"6 à 8 œufs | 750 g de fleurons de brocoli | 2 oignons hachés (facultatif) | 1 gousse d’ail | 200 g de parmesan ou pecorino râpé | 2 c. à soupe d’huile d’olive | sel, poivre (au goût)"
boulangerie-et-patisserie,Bannique indienne (Indian Bannock),https://www.cuisine-libre.org/bannique-indienne-indian-bannock,https://www.cuisine-libre.org/local/cache-gd2/93/af22ae3d425ec89e913a02be3b37c0.jpg?1675608250,Isabel Harris Metcalf,,,Végétarien,,?,,,Four,Sans viande,,,,1 tasse (227 ml) de semoule de maïs | 1 c. à café de sucre | 1 c. à café de sel | 1 pinte (570 ml) de lait bouillant | 2 œufs battus
cremerie,Quiche poireaux thon,https://www.cuisine-libre.org/tarte-poireaux-thon,https://www.cuisine-libre.org/local/cache-gd2/e5/b801f572f18024e0a25fd7e5207737.jpg?1644795704,Nogeay,,Durée totale :30 min,Non végétarien,3,?,30 min,PT30M,Four,Sans viande,5.00,3,6,200 g de farine de blé | 100 g de margarine végétale | 2 œufs | un poireau | 1 tomate | 125 g de thon nature en boîte | sel | huile d’olive
cremerie,Quiche au saumon et légumes,https://www.cuisine-libre.org/quiche-au-saumon-et-legumes,https://www.cuisine-libre.org/local/cache-gd2/d7/a738b3e1b660f6e98e82ebc53f05bb.jpg?1649523585,Licence Géographie,,Durée totale :50 min,Non végétarien,1,15 min,25 min,PT50M,Four,Sans viande,5.00,1,6,1 pâte feuilletée | 200 g de saumon fumé | 500 g de julienne de légumes (rayon surgelé) | 30 cl de crème fraîche épaisse | 3 œufs | aneth | poivre | sel
cremerie,Quiche provençale aux courgettes,https://www.cuisine-libre.org/quiche-provencale-aux-courgettes,https://www.cuisine-libre.org/local/cache-gd2/03/327bb51497be54a70fd951ced85741.jpg?1644794499,chococreme,,Durée totale :50 min,Non végétarien,7,20 min,30 min,PT50M,Four,Sans viande,5.00,7,4,1 pâte brisée | 2 courgettes | 2 tomates | 200 g de thon au naturel en boîte | 3 œufs | 20 cl de crème liquide | 2 c. à soupe de moutarde | 1 branche de basilic frais | fromage râpé | herbes provençales lyophilisées | sel et poivre
boulangerie-et-patisserie,Pizza de chou kale à la saucisse,https://www.cuisine-libre.org/pizza-de-chou-kale-a-la-saucisse,https://www.cuisine-libre.org/local/cache-gd2/f1/d39bb859e742b0e8152ffaea9204cb.jpg?1644794679,,,Durée totale :30 min,Non végétarien,1,15 min,15 min,PT30M,Four,Sans œuf,5.00,1,1,"1 boule de pâte à pizza | 2 tasses de chou frisé, finement tranché | 1 saucisse italienne épicée entière (facultatif) | 1 oignon, émincé | 1 tasse de mozzarella fraîche | 1 tasse de parmesan râpé"
boulangerie-et-patisserie,Tourte aux épinards et à la viande,https://www.cuisine-libre.org/tourte-aux-epinards-et-a-la-viande,https://www.cuisine-libre.org/local/cache-gd2/ef/4f42df3e4b2f43f5435a150b0b318b.jpg?1644794503,Le panier de la Tournichette,,Durée totale :1 h 45,Non végétarien,30,1 h,45 min,PT1H45M,Four,Sans œuf,5.00,30,4,"1 kg d’épinards frais | 2 pâtes feuilletées | 150 g de feta | 25 cl de crème fraîche liquide | 250 g de viande de bœuf ou de mouton hachée | 1 gousse d’ail | 1 cuillère à soupe de moutarde | 2 cuillères à soupe d’amandes concassées | 1 cuillère à soupe degomasioou de graines de sésame | Sel, poivre, muscade | (1 noix de beurre)"
boulangerie-et-patisserie,Flamiche au maroilles,https://www.cuisine-libre.org/tarte-au-maroilles,https://www.cuisine-libre.org/local/cache-gd2/41/4ab1e35cd32b3cbbe91ea70a5ad541.jpg?1644797983,,,Durée totale :30 min,Végétarien,37,10 min,20 min,PT30M,Four,Sans viande,4.95,37,,"1 boule de pâte levée | 1 maroilles «Quart» ou «Mignonet» (fromage de 180 g, de 8 cm de côté et 3 cm d’épaisseur) | 50 g de crème de maroilles (facultatif) | 50 g de crème fraîche épaisse | poivre du moulin"
cremerie,Flan de chou-rave au chèvre,https://www.cuisine-libre.org/flan-de-chou-rave-au-chevre,https://www.cuisine-libre.org/local/cache-gd2/41/d1a76349268f0b9ee3efd9e902da0d.jpg?1644794349,Mon AMAP,,Durée totale :1 h,Végétarien,17,20 min,40 min,PT1H,Four,"Sans viande, Sans gluten",4.88,17,,"2 choux raves | 3 œufs | 300 g de fromage de chèvre frais | 1 c. soupe de muscade ou curry | sel, poivre | beurre (pour le moule)"
boulangerie-et-patisserie,Pommes dauphine,https://www.cuisine-libre.org/pommes-dauphine,https://www.cuisine-libre.org/local/cache-gd2/9a/6c8c05f879b2b2aed71b84b4a12120.jpg?1644795285,Ja6,,,Végétarien,,?,,,Friture,Sans viande,,,,500 g de pommes de terre (Bintje par ex.) | 2 jaunes d’œufs | 50 g de beurre | Pâte à choux | 25 cl d’eau | 4 œufs | 80 g de beurre | 125 g de farine | 1 pincée de sel
boulangerie-et-patisserie,Tourte de pommes de terre au Reblochon,https://www.cuisine-libre.org/tourte-de-pommes-de-terre-au-reblochon,https://www.cuisine-libre.org/local/cache-gd2/5b/dc53238aba4b0031446dd7534b6534.jpg?1644794347,Anonyme,,Durée totale :1 h 50,Végétarien,27,20 min,1 h 30,PT1H50M,Four,Sans viande,5.00,27,6,2 ronds (env. 450 g) de pâte feuilletée | 800 g de pommes de terre | 1 reblochon | 3 œufs | 20 cl de crème épaisse | poivre
boulangerie-et-patisserie,"Ravioli épinards, ricotta, saumon",https://www.cuisine-libre.org/ravioli-epinards-ricotta-saumon,https://www.cuisine-libre.org/local/cache-gd2/58/a4ee9b8419add25848d590a208be60.jpg?1644794497,Signe-Déco,,Durée totale :2 h,Non végétarien,2,45 min,15 min,PT2H,Bouilli,Sans viande,5.00,2,,"Pour la pâte : | 500 g de farine | 4 œufs | 1/2 cc de sel | 5 cl d’eau | Pour la farce : | 150 g de saumon fumé | 200 g de ricotta | 1 sac d""épinard (une fois cuit env. 350 g) | sel et poivre"
boulangerie-et-patisserie,Tarte au thon et aux champignons,https://www.cuisine-libre.org/tarte-au-thon-et-aux-champignons,https://www.cuisine-libre.org/local/cache-gd2/0c/040bacb2468f8998c32f3042113b21.jpg?1644794454,benjamin,,Durée totale :1 h 40,Non végétarien,16,25 min,45 min,PT1H40M,Four,Sans viande,5.00,16,4,"Pâte brisée | 250 g de farine | 125 g de beurre | 1 œuf | eau | Garniture | 1 boîte (300 g) de thon | 1 boîte (400 g) de champignons de Paris | 2 gros oignons | gruyère râpé | Béchamel | 1/2 litre de lait | 40 g de farine | 40 g de beurre | 1 mozzarella | noix de muscade | sel, poivre"
boulangerie-et-patisserie,Tarte aux poireaux et lardons,https://www.cuisine-libre.org/tarte-aux-poireaux-et-lardons,https://www.cuisine-libre.org/local/cache-gd2/c2/496c655343746b78cbca560ea99d16.jpg?1644794245,domi,,Durée totale :1 h,Non végétarien,,25 min,35 min,PT1H,Four,Sans œuf,,,4,Pâte à tarte | 500 ml de farine | 100 ml d’huile | 100 ml d’eau | Garniture | 1 botte de poireaux | 1 oignon | 1/2 verre de jus de pommes | 1 cuillère à soupe de moutarde | 10 cl de crème liquide | fromage rapé | 100 g de lardons
boulangerie-et-patisserie,Tourte au saumon à l’oseille,https://www.cuisine-libre.org/tourte-au-saumon-a-l-oseille,https://www.cuisine-libre.org/local/cache-gd2/e2/5c9992c98542bc6036880e1f19216e.jpg?1644794489,Bibliotheque RiomCo,,Durée totale :1 h,Non végétarien,1,30 min,30 min,PT1H,Four,Sans viande,5.00,1,6,2 rouleaux de pâte feuilletée | 500 g de filet de saumon cru | 1 poignée d’oseille fraîche | 20 cl de crème liquide | 2 jaunes d’œuf
boulangerie-et-patisserie,Hachis Parmentier de pintade,https://www.cuisine-libre.org/hachis-parmentier-de-pintade,https://www.cuisine-libre.org/local/cache-gd2/09/f8a80f2421ab35bd06fd6ead243b69.jpg?1644794501,Ja6,,Durée totale :45 min,Non végétarien,,15 min,30 min,PT45M,Four,Sans œuf,,,4,Pour la purée | 1 kg de pommes de terre : type Charlotte | 100 g de beurre | 10 cl de crème fraîche fleurette | sel et poivre | Pour le hachis | 2 cuisses de pintade | 100 g de poitrine de porc fumée - coupée en gros morceaux | 2 oignons - finement hachés | 1 gousse d’ail - épluchée et pilée | 2 brindilles de thym frais | 150 g de beurre | 2 feuilles de pâte à brick
boulangerie-et-patisserie,Pizza de Chicago maison,https://www.cuisine-libre.org/pizza-americaine,https://www.cuisine-libre.org/local/cache-gd2/99/89d9647f835c0fc7758c8c2df4b85a.jpg?1682167019,Valéry,,Durée totale :35 min,Non végétarien,2,15 min,20 min,PT35M,Four,Sans œuf,5.00,2,4,2 sachets de préparation pour pâte à pizza | 1 boîte de tomates concassées | 1 ou 2 oignons | 200 g de viande hachée | 2 tranches de jambon blanc | 150 g de mozzarella râpée | parmesan râpé | origan | paprika | beurre | huile d’olive
boulangerie-et-patisserie,Tarte au thon et à la moutarde,https://www.cuisine-libre.org/tarte-au-thon-et-a-la-moutarde,https://www.cuisine-libre.org/local/cache-gd2/5e/beb9a7a70ba67c14040f5c88f51853.jpg?1644795709,christophe,,Durée totale :30 min,Non végétarien,64,10 min,20 min,PT30M,Four,"Sans viande, Sans œuf",5.00,64,6,"230 g de pâte brisée | 1 boîte de 200 g de thon nature | moutarde | 25 cl de crème fraîche épaisse | fromage râpé | 1 tomate moyenne | poivre, sel"
boulangerie-et-patisserie,Nouilles de longévité (cháng shòu miàn),https://www.cuisine-libre.org/nouilles-de-longevite-chang-shou-mian,https://www.cuisine-libre.org/local/cache-gd2/2a/b7338f16c60953e50affd0b2684c85.jpg?1674933910,,,Durée totale :1 h 30,Non végétarien,,30 min,1 h,PT1H30M,Bouilli,"Sans viande, Sans lactose",,,1,"Pour les nouilles | 2 tasses (250 g) de farine tout usage ou à haute teneur en gluten | ½ c. à café (2 g) de sel | ¾ tasse (180 ml / 275 g) d’eau à température ambiante | huile végétale neutre au besoin | Pour le bouillon | os de poulet | os de porc | 1 oignon vert | 2 tasses (480 ml) d’eau froide | sel, poivre | Pour servir | 1 œuf extra frais | 3 petites branches de chou bok choy (facultatif) | 1 ciboule"
boulangerie-et-patisserie,Migliacci,https://www.cuisine-libre.org/migliacci,https://www.cuisine-libre.org/local/cache-gd2/ce/37abdbc61322a5f5de609b22a8afce.jpg?1644794222,bougui,,Durée totale :1 h 40,Végétarien,7,20 min,20 min,PT1H40M,Four,"Sans viande, Sans œuf",5.00,7,4,500 g de fromage de chèvre ou brebis très frais | 200 g de farine | 1 sachet de levure de boulanger | sel | herbes aromatiques (optionnel) | feuilles de châtaignier (optionnel)
boulangerie-et-patisserie,Pastilla d’agneau,https://www.cuisine-libre.org/pastilla-d-agneau,https://www.cuisine-libre.org/local/cache-gd2/85/6bddedaebcadffd6bb4a14c39f859e.jpg?1644795303,Jérome,,Durée totale :2 h,Non végétarien,1,30 min,1 h 30,PT2H,Four,Sans œuf,5.00,1,6,"10 feuilles de brick | 800 g d’épaule d’agneau désossée | 400 g d’oignons | 5 brins de coriandre | 5 brins de persil plat | 80 g d’amandes émondées | 1 cuillère à café rase de cannelle | 2 cuillère à soupe de miel | 100 g de beurre | 4 cuillère à soupe d’huile d’olive | sel, poivre | raison secs blonds"
boulangerie-et-patisserie,Tatin de choux de Bruxelles,https://www.cuisine-libre.org/tatin-de-choux-de-bruxelles,https://www.cuisine-libre.org/local/cache-gd2/36/5dd17267be965b243a85341293de96.jpg?1644794699,Paniers d’Erquy,,Durée totale :1 h,Végétarien,1,30 min,30 min,PT1H,Four,"Sans viande, Sans œuf",5.00,1,4,Pour la pâte : | 150 g farine | 50 ml huile d’olive | 2 cs yaourt de brebis | 1 pincée de sel | Pour la garniture : | 500 g choux de Bruxelles | 200 g châtaignes cuites et pelées | Pour le caramel salé : | 70 ml de vinaigre | 830 ml huile d’olive | 2 cs miel doux | 1 cs moutarde | 1 cs sauce soja
boulangerie-et-patisserie,Crumble de poireaux aux noix,https://www.cuisine-libre.org/crumble-de-poireaux-aux-noix,https://www.cuisine-libre.org/local/cache-gd2/3c/201bd1589a6ebeb31cf7e9d128f252.jpg?1644794448,AMAP de Plaisir,,Durée totale :50 min,Végétarien,8,15 min,35 min,PT50M,Four,"Sans viande, Sans œuf",5.00,8,,"4 blancs de poireaux | 2 c. à soupe de beurre | 1 gousse d’ail hachée | 1 échalote émincée | ½ c. à café de mélange de curry | ½ c. à café de piment de Jamaïque moulu | sel, poivre noir du moulin | Pour le crumble : | 80 g de noix moulues | 80 g de farine | 50 g de beurre | 30 g de parmesan frais râpé | 1 c. à café de fleur de sel | poivre noir"
boulangerie-et-patisserie,Crumble de courgettes,https://www.cuisine-libre.org/crumble-de-courgettes-valivalou,https://www.cuisine-libre.org/local/cache-gd2/a6/f8f81873482cce47bae9b359ea0b7f.jpg?1644796992,valivalou,,Durée totale :1 h 45,Végétarien,2,1 h,45 min,PT1H45M,Four,"Sans viande, Sans œuf",5.00,2,4,"1 kg de courgettes | 2 gousses d ail | 1 citron | 2 c à café de graines de cumin | 1 c à café de coriandre en poudre | 4 c à soupe d huile d olive | 80 g farine | 40 g parmesan râpé | 50 g noisettes concassées | 60 g beurre demi sel | 40 g graines de courge | Sel, poivre"
boulangerie-et-patisserie,Pizza de polenta à la tomate,https://www.cuisine-libre.org/pizza-de-polenta-a-la-tomate,https://www.cuisine-libre.org/local/cache-gd2/82/1a5fc9125b27dce2bd6a4ca1c00c59.jpg?1644799156,,,Durée totale :35 min,Végétalien (vegan),,15 min,20 min,PT35M,Four,"Sans viande, Sans œuf, Sans lactose",,,6,"250 g de polenta | 1,25 litre d’eau salée | 6 cuillerées de coulis de tomate | 6 olives noires | 130 g de mozzarella | 1 c. à café d’origan"
boulangerie-et-patisserie,Tourte au poulet,https://www.cuisine-libre.org/tourte-au-poulet,https://www.cuisine-libre.org/local/cache-gd2/7c/cfc12eb2661acfbba07786fbd77a36.jpg?1644795953,Arysuh,,Durée totale :1 h,Non végétarien,14,20 min,40 min,PT1H,Four,Sans œuf,5.00,14,6,"1 pâte brisée | 1 pâte feuilletée | 500 g de poulet | 1 poireau | 1 échalote | 1/2 poivron jaune | 2 tomates bien fermes | 175 g de crème fraîche en pot | huile d’olive | cerfeuil, ciboulette, coriandre, basilic frais. | sel, poivre, curry | farine | 1 jaune d’œuf | un peu de crème fraîche liquide"
boulangerie-et-patisserie,Tourte au bœuf gras,https://www.cuisine-libre.org/tourte-au-boeuf-gras,https://www.cuisine-libre.org/local/cache-gd2/7a/3015fad9bdfb6a74f22c580f8127f6.jpg?1644807000,Nanou,,Durée totale :1 h 10,Non végétarien,,20 min,50 min,PT1H10M,Four,,,,6,"500 g de paleron de bœuf | 450 g de pâte feuilletée | 500 g de tomates pelées | 1 oignon jaune | 1 gousse d’ail | 1 œuf battu | 1 jaune d’œuf | sel, poivre | bouquet garni"
boulangerie-et-patisserie,Pizza Margherita,https://www.cuisine-libre.org/pizza-margherita,https://www.cuisine-libre.org/local/cache-gd2/5f/b692d36cab9c3c354d108e9b6d347f.jpg?1644796665,,,Durée totale :30 min,Végétarien,1,15 min,10 min,PT30M,Four,"Sans viande, Sans œuf",5.00,1,6,1 boule depâte à pizza(env. 250 g) | 6 cuillerées (env. 200g) desauce tomate à pizza | 100 g de mozzarella de bufflonne | quelques feuilles de basilic | 1 filet d’huile d’olive
boulangerie-et-patisserie,Crumble de courgettes,https://www.cuisine-libre.org/crumble-de-courgettes,https://www.cuisine-libre.org/local/cache-gd2/0b/aa6a6c108b30c54fc23fa85debbe59.jpg?1644795056,glévarec,,Durée totale :45 min,Végétarien,16,20 min,25 min,PT45M,Four,"Sans viande, Sans œuf",5.00,16,5,"8 courgettes | 150 g de beurre | 6 cuill. à soupe d’huile d’olive | 3 cuill. à soupe de farine | 3 cuill. à soupe de chapelure | sel, poivre"
boulangerie-et-patisserie,Tarte fleur aux légumes,https://www.cuisine-libre.org/tarte-fleur-aux-legumes,https://www.cuisine-libre.org/local/cache-gd2/e5/48c6c4649f99e20775c5e7c855cf79.jpg?1644795051,,,Durée totale :1 h,Non végétarien,1,35 min,25 min,PT1H,Four,"Sans viande, Sans œuf",5.00,1,,1 pâte feuilletée | 6 tranches de jambon de parme | 3 courgettes jaunes | 3 courgettes vertes | 3 carottes | 2 cs de moutarde à l’ancienne | 4-5 cs de crème allégée | huile d’olive au basilic | fleur de sel | poivre du moulin
boulangerie-et-patisserie,Pizza au courgeron et au gorgonzola,https://www.cuisine-libre.org/pizza-au-courgeron-et-au-gorgonzola,https://www.cuisine-libre.org/local/cache-gd2/ec/0ebfd96761f5a8078e5236d2ccfcaf.jpg?1644794812,,,Durée totale :1 h,Végétarien,,10 min,50 min,PT1H,Four,"Sans viande, Sans œuf",,,,"1 pâte à pizza | 1 courge poivrée | 2 c. soupe de sirop d’érable | 1 c. soupe d’huile d’olive | 1/2 c. café de flocons de piment rouge | 1 tasse de mozzarella râpée | 1/2 tasse de Gorgonzola émietté | 1 tasse de roquette | 1 filet de jus de citron | sel, poivre au moulin"
boulangerie-et-patisserie,Tourte jambon fromage,https://www.cuisine-libre.org/tourte-jambon-fromage,https://www.cuisine-libre.org/local/cache-gd2/1f/f4cb9561b3518383684bea22a2a7d1.jpg?1644795957,Maguelonne,,Durée totale :35 min,Non végétarien,8,10 min,25 min,PT35M,Four,,5.00,8,4,"460 g de pâte feuilletée, étalée en 2 disques | 200 g de fromage râpé (emmenthal, mozzarella, comté ou cantal) | 2 à 3 tranches de jambon blanc | 1 cuillerée à soupe de lait"
